0.132,0.827,-0.1,-0.1,-0.1,-0.1,1.748,0.501,1.693,0.033,1.909,0.903,-0.1,-0.1,-0.1,-0.1,0.697,0.699,1.271,0.205,-0.1,-0.1,0.087,0.034,0.263,0.043,0.317,0.051,1.481,0.089,0.143,0.439
0.195,0.83,-0.1,-0.1,-0.1,-0.1,1.747,0.502,1.696,0.036,1.91,0.905,-0.1,-0.1,-0.1,-0.1,0.698,0.701,1.272,0.207,-0.1,-0.1,0.088,0.034,0.264,0.044,0.318,0.052,1.482,0.09,0.144,0.44
0.245,0.829,-0.1,-0.1,-0.1,-0.1,1.749,0.502,1.695,0.035,1.91,0.903,-0.1,-0.1,-0.1,-0.1,0.698,0.7,1.272,0.207,-0.1,-0.1,0.088,0.034,0.265,0.043,0.319,0.053,1.483,0.091,0.144,0.44
0.305,0.824,-0.1,-0.1,-0.1,-0.1,1.748,0.501,1.694,0.035,1.909,0.904,-0.1,-0.1,-0.1,-0.1,0.697,0.699,1.271,0.206,-0.1,-0.1,0.089,0.034,0.265,0.045,0.318,0.052,1.481,0.089,0.144,0.44
0.361,0.823,-0.1,-0.1,-0.1,-0.1,1.748,0.502,1.694,0.034,1.909,0.903,-0.1,-0.1,-0.1,-0.1,0.698,0.699,1.272,0.207,-0.1,-0.1,0.087,0.034,0.264,0.045,0.318,0.052,1.481,0.09,0.143,0.439
0.415,0.826,-0.1,-0.1,-0.1,-0.1,1.747,0.502,1.699,0.033,1.91,0.904,-0.1,-0.1,-0.1,-0.1,0.698,0.7,1.272,0.206,-0.1,-0.1,0.088,0.034,0.264,0.045,0.319,0.052,1.482,0.09,0.144,0.439
0.471,0.826,-0.1,-0.1,-0.1,-0.1,1.748,0.501,1.695,0.035,1.909,0.903,-0.1,-0.1,-0.1,-0.1,0.697,0.7,1.271,0.206,-0.1,-0.1,0.089,0.034,0.263,0.044,0.317,0.052,1.482,0.09,0.143,0.44
0.525,0.823,-0.1,-0.1,-0.1,-0.1,1.748,0.5,1.695,0.034,1.909,0.904,-0.1,-0.1,-0.1,-0.1,0.698,0.7,1.271,0.206,-0.1,-0.1,0.088,0.034,0.264,0.044,0.317,0.052,1.481,0.09,0.144,0.44
0.585,0.821,-0.1,-0.1,-0.1,-0.1,1.748,0.502,1.695,0.034,1.909,0.904,-0.1,-0.1,-0.1,-0.1,0.698,0.7,1.271,0.206,-0.1,-0.1,0.087,0.034,0.263,0.044,0.318,0.052,1.481,0.089,0.144,0.439
0.636,0.822,-0.1,-0.1,-0.1,-0.1,1.748,0.501,1.695,0.035,1.909,0.903,-0.1,-0.1,-0.1,-0.1,0.697,0.7,1.271,0.206,-0.1,-0.1,0.088,0.034,0.263,0.043,0.317,0.052,1.482,0.09,0.143,0.439
0.695,0.822,-0.1,-0.1,-0.1,-0.1,1.747,0.501,1.695,0.033,1.909,0.903,-0.1,-0.1,-0.1,-0.1,0.697,0.7,1.271,0.206,-0.1,-0.1,0.089,0.033,0.263,0.044,0.317,0.051,1.481,0.089,0.143,0.439
0.749,0.823,-0.1,-0.1,-0.1,-0.1,1.747,0.501,1.694,0.033,1.908,0.904,-0.1,-0.1,-0.1,-0.1,0.698,0.699,1.271,0.206,-0.1,-0.1,0.088,0.034,0.264,0.045,0.317,0.052,1.482,0.09,0.144,0.439
0.803,0.822,-0.1,-0.1,-0.1,-0.1,1.749,0.501,1.695,0.033,1.909,0.903,-0.1,-0.1,-0.1,-0.1,0.698,0.701,1.271,0.206,-0.1,-0.1,0.089,0.033,0.263,0.044,0.317,0.052,1.481,0.089,0.143,0.44
0.858,0.821,-0.1,-0.1,-0.1,-0.1,1.746,0.502,1.696,0.033,1.909,0.904,-0.1,-0.1,-0.1,-0.1,0.698,0.7,1.271,0.206,-0.1,-0.1,0.088,0.033,0.264,0.044,0.317,0.051,1.481,0.09,0.144,0.44
0.909,0.821,-0.1,-0.1,-0.1,-0.1,1.747,0.501,1.695,0.034,1.91,0.904,-0.1,-0.1,-0.1,-0.1,0.697,0.7,1.271,0.206,-0.1,-0.1,0.087,0.034,0.263,0.043,0.317,0.053,1.481,0.089,0.144,0.439
0.965,0.819,-0.1,-0.1,-0.1,-0.1,1.747,0.501,1.695,0.034,1.909,0.904,-0.1,-0.1,-0.1,-0.1,0.698,0.7,1.271,0.206,-0.1,-0.1,0.088,0.034,0.264,0.044,0.318,0.052,1.482,0.09,0.143,0.439
1.02,0.819,-0.1,-0.1,-0.1,-0.1,1.749,0.501,1.695,0.034,1.91,0.903,-0.1,-0.1,-0.1,-0.1,0.697,0.699,1.271,0.206,-0.1,-0.1,0.088,0.032,0.264,0.043,0.317,0.052,1.481,0.089,0.145,0.44
1.073,0.818,-0.1,-0.1,-0.1,-0.1,1.748,0.501,1.694,0.034,1.909,0.904,-0.1,-0.1,-0.1,-0.1,0.698,0.699,1.27,0.206,-0.1,-0.1,0.087,0.034,0.263,0.044,0.317,0.052,1.481,0.09,0.143,0.44
1.13,0.818,-0.1,-0.1,-0.1,-0.1,1.749,0.501,1.694,0.034,1.909,0.904,-0.1,-0.1,-0.1,-0.1,0.698,0.7,1.272,0.205,-0.1,-0.1,0.088,0.033,0.262,0.044,0.318,0.052,1.481,0.09,0.144,0.439
1.181,0.82,-0.1,-0.1,-0.1,-0.1,1.748,0.502,1.694,0.033,1.91,0.903,-0.1,-0.1,-0.1,-0.1,0.698,0.699,1.27,0.206,-0.1,-0.1,0.088,0.034,0.263,0.044,0.317,0.051,1.481,0.09,0.142,0.439
1.24,0.82,-0.1,-0.1,-0.1,-0.1,1.747,0.502,1.694,0.034,1.909,0.904,-0.1,-0.1,-0.1,-0.1,0.698,0.7,1.271,0.206,-0.1,-0.1,0.089,0.033,0.264,0.045,0.317,0.052,1.481,0.089,0.144,0.439
1.291,0.815,-0.1,-0.1,-0.1,-0.1,1.749,0.502,1.694,0.033,1.909,0.904,-0.1,-0.1,-0.1,-0.1,0.697,0.7,1.271,0.205,-0.1,-0.1,0.088,0.034,0.264,0.044,0.318,0.052,1.482,0.09,0.143,0.44
1.345,0.815,-0.1,-0.1,-0.1,-0.1,1.746,0.502,1.695,0.035,1.909,0.903,-0.1,-0.1,-0.1,-0.1,0.698,0.7,1.27,0.206,-0.1,-0.1,0.088,0.033,0.263,0.045,0.318,0.052,1.482,0.089,0.144,0.439
1.395,0.816,-0.1,-0.1,-0.1,-0.1,1.75,0.501,1.694,0.034,1.908,0.904,-0.1,-0.1,-0.1,-0.1,0.697,0.7,1.271,0.206,-0.1,-0.1,0.088,0.034,0.264,0.044,0.317,0.052,1.481,0.089,0.143,0.44
1.454,0.816,-0.1,-0.1,-0.1,-0.1,1.749,0.501,1.695,0.034,1.909,0.903,-0.1,-0.1,-0.1,-0.1,0.697,0.7,1.27,0.206,-0.1,-0.1,0.088,0.034,0.263,0.044,0.316,0.052,1.482,0.09,0.143,0.439
1.505,0.816,-0.1,-0.1,-0.1,-0.1,1.749,0.501,1.694,0.034,1.91,0.904,-0.1,-0.1,-0.1,-0.1,0.698,0.7,1.271,0.205,-0.1,-0.1,0.088,0.033,0.264,0.044,0.317,0.052,1.481,0.089,0.143,0.44
1.56,0.814,-0.1,-0.1,-0.1,-0.1,1.749,0.501,1.694,0.034,1.909,0.904,-0.1,-0.1,-0.1,-0.1,0.698,0.699,1.271,0.206,-0.1,-0.1,0.088,0.033,0.263,0.044,0.317,0.051,1.482,0.089,0.143,0.439
1.612,0.814,-0.1,-0.1,-0.1,-0.1,1.747,0.501,1.694,0.034,1.908,0.903,-0.1,-0.1,-0.1,-0.1,0.698,0.7,1.27,0.206,-0.1,-0.1,0.088,0.034,0.263,0.044,0.317,0.052,1.481,0.09,0.143,0.44
1.666,0.814,-0.1,-0.1,-0.1,-0.1,1.748,0.501,1.694,0.035,1.908,0.903,-0.1,-0.1,-0.1,-0.1,0.698,0.699,1.271,0.206,-0.1,-0.1,0.088,0.034,0.263,0.044,0.317,0.052,1.482,0.089,0.143,0.439
1.718,0.814,-0.1,-0.1,-0.1,-0.1,1.747,0.502,1.695,0.034,1.909,0.904,-0.1,-0.1,-0.1,-0.1,0.698,0.7,1.271,0.206,-0.1,-0.1,0.089,0.034,0.263,0.044,0.317,0.052,1.481,0.089,0.142,0.44
1.772,0.812,-0.1,-0.1,-0.1,-0.1,1.748,0.501,1.694,0.034,1.908,0.903,-0.1,-0.1,-0.1,-0.1,0.697,0.7,1.27,0.206,-0.1,-0.1,0.088,0.034,0.264,0.044,0.317,0.051,1.482,0.089,0.143,0.439
1.835,0.815,-0.1,-0.1,-0.1,-0.1,1.748,0.501,1.694,0.035,1.908,0.903,-0.1,-0.1,-0.1,-0.1,0.699,0.699,1.271,0.206,-0.1,-0.1,0.087,0.033,0.264,0.043,0.317,0.052,1.482,0.09,0.143,0.439
1.877,0.811,-0.1,-0.1,-0.1,-0.1,1.748,0.501,1.694,0.034,1.908,0.903,-0.1,-0.1,-0.1,-0.1,0.697,0.701,1.27,0.206,-0.1,-0.1,0.087,0.034,0.263,0.045,0.319,0.052,1.481,0.09,0.143,0.439
1.916,0.81,-0.1,-0.1,-0.1,-0.1,1.748,0.502,1.694,0.034,1.909,0.902,-0.1,-0.1,-0.1,-0.1,0.698,0.7,1.271,0.205,-0.1,-0.1,0.088,0.034,0.264,0.045,0.318,0.052,1.481,0.09,0.143,0.439
1.878,0.811,-0.1,-0.1,-0.1,-0.1,1.748,0.501,1.694,0.034,1.908,0.903,-0.1,-0.1,-0.1,-0.1,0.698,0.7,1.271,0.206,-0.1,-0.1,0.087,0.033,0.262,0.043,0.318,0.052,1.481,0.089,0.143,0.439
1.84,0.813,-0.1,-0.1,-0.1,-0.1,1.747,0.501,1.694,0.034,1.908,0.904,-0.1,-0.1,-0.1,-0.1,0.697,0.7,1.271,0.206,-0.1,-0.1,0.087,0.033,0.263,0.043,0.317,0.052,1.481,0.089,0.143,0.439
1.799,0.813,-0.1,-0.1,-0.1,-0.1,1.75,0.501,1.695,0.034,1.909,0.903,-0.1,-0.1,-0.1,-0.1,0.698,0.699,1.271,0.205,-0.1,-0.1,0.087,0.034,0.263,0.044,0.317,0.052,1.482,0.09,0.143,0.439
1.763,0.811,-0.1,-0.1,-0.1,-0.1,1.749,0.501,1.695,0.034,1.909,0.903,-0.1,-0.1,-0.1,-0.1,0.697,0.7,1.271,0.206,-0.1,-0.1,0.088,0.034,0.264,0.044,0.318,0.051,1.481,0.089,0.144,0.44
1.728,0.812,-0.1,-0.1,-0.1,-0.1,1.75,0.502,1.694,0.034,1.909,0.903,-0.1,-0.1,-0.1,-0.1,0.698,0.7,1.271,0.205,-0.1,-0.1,0.089,0.034,0.264,0.043,0.317,0.052,1.481,0.09,0.143,0.439
1.698,0.811,-0.1,-0.1,-0.1,-0.1,1.75,0.502,1.695,0.035,1.908,0.904,-0.1,-0.1,-0.1,-0.1,0.698,0.699,1.27,0.206,-0.1,-0.1,0.088,0.035,0.263,0.044,0.318,0.052,1.481,0.09,0.144,0.44
1.666,0.808,-0.1,-0.1,-0.1,-0.1,1.746,0.502,1.695,0.034,1.909,0.903,-0.1,-0.1,-0.1,-0.1,0.698,0.7,1.271,0.205,-0.1,-0.1,0.087,0.033,0.264,0.044,0.317,0.052,1.482,0.089,0.144,0.44
1.635,0.807,-0.1,-0.1,-0.1,-0.1,1.748,0.501,1.695,0.035,1.909,0.904,-0.1,-0.1,-0.1,-0.1,0.698,0.699,1.271,0.206,-0.1,-0.1,0.088,0.034,0.263,0.043,0.317,0.051,1.481,0.089,0.143,0.439
1.611,0.808,-0.1,-0.1,-0.1,-0.1,1.749,0.501,1.696,0.035,1.909,0.903,-0.1,-0.1,-0.1,-0.1,0.697,0.7,1.27,0.206,-0.1,-0.1,0.087,0.034,0.263,0.045,0.317,0.052,1.482,0.09,0.143,0.439
1.58,0.805,-0.1,-0.1,-0.1,-0.1,1.748,0.501,1.694,0.034,1.908,0.904,-0.1,-0.1,-0.1,-0.1,0.698,0.7,1.271,0.206,-0.1,-0.1,0.088,0.033,0.264,0.045,0.318,0.052,1.481,0.089,0.144,0.44
1.55,0.805,-0.1,-0.1,-0.1,-0.1,1.748,0.503,1.694,0.034,1.91,0.903,-0.1,-0.1,-0.1,-0.1,0.697,0.7,1.27,0.205,-0.1,-0.1,0.088,0.035,0.264,0.045,0.317,0.053,1.481,0.09,0.143,0.439
1.523,0.804,-0.1,-0.1,-0.1,-0.1,1.747,0.502,1.695,0.034,1.908,0.903,-0.1,-0.1,-0.1,-0.1,0.698,0.699,1.27,0.206,-0.1,-0.1,0.088,0.033,0.262,0.043,0.317,0.052,1.481,0.09,0.142,0.439
1.491,0.804,-0.1,-0.1,-0.1,-0.1,1.749,0.501,1.695,0.034,1.909,0.903,-0.1,-0.1,-0.1,-0.1,0.699,0.7,1.272,0.205,-0.1,-0.1,0.089,0.033,0.264,0.044,0.317,0.052,1.482,0.089,0.144,0.439
1.465,0.803,-0.1,-0.1,-0.1,-0.1,1.748,0.5,1.695,0.034,1.908,0.903,-0.1,-0.1,-0.1,-0.1,0.697,0.699,1.271,0.205,-0.1,-0.1,0.088,0.034,0.263,0.044,0.318,0.052,1.481,0.089,0.144,0.44
1.435,0.803,-0.1,-0.1,-0.1,-0.1,1.749,0.501,1.695,0.035,1.908,0.904,-0.1,-0.1,-0.1,-0.1,0.698,0.699,1.27,0.206,-0.1,-0.1,0.089,0.034,0.263,0.044,0.317,0.052,1.482,0.09,0.144,0.439
1.41,0.803,-0.1,-0.1,-0.1,-0.1,1.747,0.501,1.695,0.034,1.909,0.903,-0.1,-0.1,-0.1,-0.1,0.698,0.7,1.271,0.205,-0.1,-0.1,0.088,0.034,0.264,0.044,0.317,0.051,1.481,0.089,0.144,0.44
1.38,0.801,-0.1,-0.1,-0.1,-0.1,1.747,0.503,1.695,0.034,1.909,0.903,-0.1,-0.1,-0.1,-0.1,0.698,0.7,1.27,0.205,-0.1,-0.1,0.087,0.034,0.263,0.044,0.317,0.052,1.481,0.089,0.143,0.439
1.353,0.801,-0.1,-0.1,-0.1,-0.1,1.748,0.501,1.695,0.034,1.908,0.903,-0.1,-0.1,-0.1,-0.1,0.698,0.699,1.271,0.206,-0.1,-0.1,0.089,0.034,0.264,0.044,0.317,0.052,1.482,0.09,0.143,0.439
1.325,0.801,-0.1,-0.1,-0.1,-0.1,1.748,0.501,1.696,0.035,1.909,0.904,-0.1,-0.1,-0.1,-0.1,0.698,0.699,1.272,0.205,-0.1,-0.1,0.089,0.035,0.263,0.042,0.318,0.052,1.481,0.089,0.143,0.439
1.299,0.8,-0.1,-0.1,-0.1,-0.1,1.748,0.502,1.695,0.034,1.909,0.903,-0.1,-0.1,-0.1,-0.1,0.698,0.701,1.271,0.205,-0.1,-0.1,0.088,0.034,0.263,0.045,0.317,0.051,1.481,0.091,0.143,0.44
1.269,0.8,-0.1,-0.1,-0.1,-0.1,1.749,0.501,1.695,0.034,1.91,0.903,-0.1,-0.1,-0.1,-0.1,0.698,0.7,1.272,0.205,-0.1,-0.1,0.088,0.034,0.263,0.042,0.317,0.052,1.481,0.089,0.142,0.439
1.242,0.8,-0.1,-0.1,-0.1,-0.1,1.748,0.501,1.695,0.034,1.909,0.903,-0.1,-0.1,-0.1,-0.1,0.697,0.699,1.271,0.205,-0.1,-0.1,0.088,0.034,0.262,0.044,0.318,0.053,1.481,0.09,0.145,0.44
1.215,0.797,-0.1,-0.1,-0.1,-0.1,1.748,0.501,1.695,0.034,1.909,0.903,-0.1,-0.1,-0.1,-0.1,0.697,0.699,1.271,0.205,-0.1,-0.1,0.089,0.033,0.263,0.043,0.317,0.052,1.482,0.09,0.143,0.439
1.188,0.796,-0.1,-0.1,-0.1,-0.1,1.747,0.501,1.695,0.034,1.909,0.903,-0.1,-0.1,-0.1,-0.1,0.698,0.7,1.271,0.205,-0.1,-0.1,0.089,0.033,0.263,0.044,0.318,0.052,1.481,0.089,0.144,0.439
1.16,0.797,-0.1,-0.1,-0.1,-0.1,1.749,0.501,1.696,0.034,1.909,0.903,-0.1,-0.1,-0.1,-0.1,0.696,0.699,1.271,0.206,-0.1,-0.1,0.089,0.034,0.263,0.045,0.319,0.052,1.482,0.09,0.144,0.439
1.133,0.796,-0.1,-0.1,-0.1,-0.1,1.75,0.5,1.696,0.034,1.909,0.904,-0.1,-0.1,-0.1,-0.1,0.698,0.699,1.271,0.206,-0.1,-0.1,0.087,0.033,0.263,0.044,0.319,0.052,1.481,0.09,0.143,0.44
1.107,0.794,-0.1,-0.1,-0.1,-0.1,1.747,0.502,1.696,0.034,1.908,0.903,-0.1,-0.1,-0.1,-0.1,0.698,0.7,1.271,0.205,-0.1,-0.1,0.088,0.033,0.264,0.044,0.318,0.052,1.481,0.089,0.144,0.439
1.08,0.793,-0.1,-0.1,-0.1,-0.1,1.748,0.501,1.696,0.035,1.909,0.903,-0.1,-0.1,-0.1,-0.1,0.698,0.699,1.27,0.206,-0.1,-0.1,0.088,0.034,0.264,0.044,0.318,0.052,1.481,0.091,0.143,0.439
1.053,0.793,-0.1,-0.1,-0.1,-0.1,1.747,0.501,1.696,0.034,1.909,0.904,-0.1,-0.1,-0.1,-0.1,0.697,0.699,1.271,0.205,-0.1,-0.1,0.088,0.034,0.263,0.044,0.317,0.051,1.481,0.089,0.143,0.439
1.025,0.792,-0.1,-0.1,-0.1,-0.1,1.747,0.501,1.696,0.034,1.908,0.903,-0.1,-0.1,-0.1,-0.1,0.697,0.7,1.271,0.206,-0.1,-0.1,0.087,0.033,0.264,0.044,0.319,0.052,1.482,0.09,0.144,0.439
1.0,0.791,-0.1,-0.1,-0.1,-0.1,1.748,0.501,1.696,0.035,1.908,0.903,-0.1,-0.1,-0.1,-0.1,0.698,0.7,1.271,0.206,-0.1,-0.1,0.088,0.033,0.263,0.044,0.318,0.052,1.48,0.09,0.144,0.44
0.973,0.791,-0.1,-0.1,-0.1,-0.1,1.746,0.501,1.696,0.034,1.908,0.903,-0.1,-0.1,-0.1,-0.1,0.697,0.7,1.271,0.205,-0.1,-0.1,0.087,0.033,0.264,0.044,0.317,0.051,1.482,0.091,0.144,0.439
0.947,0.791,-0.1,-0.1,-0.1,-0.1,1.75,0.501,1.696,0.034,1.91,0.902,-0.1,-0.1,-0.1,-0.1,0.698,0.699,1.271,0.205,-0.1,-0.1,0.087,0.034,0.263,0.043,0.317,0.052,1.481,0.089,0.144,0.439
0.921,0.789,-0.1,-0.1,-0.1,-0.1,1.748,0.501,1.697,0.034,1.908,0.904,-0.1,-0.1,-0.1,-0.1,0.698,0.701,1.27,0.206,-0.1,-0.1,0.088,0.034,0.263,0.044,0.318,0.051,1.481,0.09,0.144,0.439
0.895,0.787,-0.1,-0.1,-0.1,-0.1,1.746,0.501,1.696,0.033,1.908,0.903,-0.1,-0.1,-0.1,-0.1,0.697,0.699,1.271,0.206,-0.1,-0.1,0.089,0.034,0.263,0.043,0.318,0.052,1.482,0.089,0.144,0.44
0.869,0.788,-0.1,-0.1,-0.1,-0.1,1.749,0.501,1.696,0.034,1.909,0.903,-0.1,-0.1,-0.1,-0.1,0.698,0.7,1.271,0.205,-0.1,-0.1,0.088,0.033,0.263,0.044,0.318,0.052,1.481,0.09,0.144,0.439
0.845,0.786,-0.1,-0.1,-0.1,-0.1,1.748,0.501,1.696,0.034,1.908,0.903,-0.1,-0.1,-0.1,-0.1,0.697,0.699,1.271,0.206,-0.1,-0.1,0.087,0.034,0.264,0.044,0.318,0.052,1.482,0.089,0.144,0.439
0.818,0.786,-0.1,-0.1,-0.1,-0.1,1.748,0.501,1.696,0.034,1.908,0.903,-0.1,-0.1,-0.1,-0.1,0.698,0.699,1.271,0.205,-0.1,-0.1,0.089,0.034,0.263,0.043,0.318,0.052,1.482,0.089,0.143,0.439
0.792,0.785,-0.1,-0.1,-0.1,-0.1,1.747,0.502,1.696,0.033,1.909,0.902,-0.1,-0.1,-0.1,-0.1,0.698,0.7,1.271,0.205,-0.1,-0.1,0.086,0.034,0.263,0.043,0.318,0.052,1.481,0.09,0.144,0.439
0.766,0.785,-0.1,-0.1,-0.1,-0.1,1.747,0.501,1.696,0.034,1.908,0.903,-0.1,-0.1,-0.1,-0.1,0.697,0.699,1.27,0.206,-0.1,-0.1,0.087,0.033,0.264,0.044,0.318,0.052,1.481,0.09,0.143,0.439
0.739,0.783,-0.1,-0.1,-0.1,-0.1,1.748,0.502,1.696,0.033,1.909,0.904,-0.1,-0.1,-0.1,-0.1,0.697,0.7,1.27,0.206,-0.1,-0.1,0.088,0.035,0.263,0.043,0.318,0.052,1.481,0.089,0.143,0.44
0.716,0.783,-0.1,-0.1,-0.1,-0.1,1.748,0.501,1.696,0.034,1.908,0.903,-0.1,-0.1,-0.1,-0.1,0.697,0.7,1.271,0.206,-0.1,-0.1,0.088,0.034,0.263,0.044,0.317,0.052,1.482,0.09,0.144,0.439
0.692,0.782,-0.1,-0.1,-0.1,-0.1,1.748,0.501,1.696,0.033,1.91,0.903,-0.1,-0.1,-0.1,-0.1,0.698,0.7,1.271,0.205,-0.1,-0.1,0.088,0.034,0.263,0.043,0.317,0.051,1.481,0.09,0.144,0.439
0.667,0.781,-0.1,-0.1,-0.1,-0.1,1.748,0.501,1.696,0.034,1.909,0.903,-0.1,-0.1,-0.1,-0.1,0.697,0.699,1.27,0.205,-0.1,-0.1,0.088,0.033,0.263,0.044,0.317,0.052,1.481,0.09,0.143,0.439
0.64,0.781,-0.1,-0.1,-0.1,-0.1,1.748,0.501,1.695,0.034,1.908,0.903,-0.1,-0.1,-0.1,-0.1,0.698,0.699,1.271,0.206,-0.1,-0.1,0.087,0.033,0.264,0.044,0.318,0.051,1.482,0.09,0.143,0.439
0.613,0.778,-0.1,-0.1,-0.1,-0.1,1.748,0.501,1.696,0.034,1.909,0.903,-0.1,-0.1,-0.1,-0.1,0.698,0.7,1.271,0.205,-0.1,-0.1,0.088,0.033,0.264,0.044,0.317,0.052,1.481,0.09,0.143,0.439
0.589,0.779,-0.1,-0.1,-0.1,-0.1,1.748,0.502,1.695,0.033,1.909,0.903,-0.1,-0.1,-0.1,-0.1,0.697,0.699,1.271,0.205,-0.1,-0.1,0.088,0.034,0.263,0.043,0.317,0.052,1.482,0.09,0.143,0.439
0.566,0.778,-0.1,-0.1,-0.1,-0.1,1.748,0.501,1.696,0.034,1.908,0.903,-0.1,-0.1,-0.1,-0.1,0.697,0.699,1.271,0.206,-0.1,-0.1,0.087,0.033,0.263,0.044,0.319,0.052,1.481,0.089,0.143,0.44
0.54,0.777,-0.1,-0.1,-0.1,-0.1,1.748,0.5,1.696,0.034,1.91,0.902,-0.1,-0.1,-0.1,-0.1,0.697,0.7,1.271,0.205,-0.1,-0.1,0.088,0.034,0.263,0.044,0.319,0.052,1.481,0.09,0.144,0.44
0.513,0.778,-0.1,-0.1,-0.1,-0.1,1.749,0.5,1.696,0.034,1.907,0.903,-0.1,-0.1,-0.1,-0.1,0.697,0.699,1.27,0.205,-0.1,-0.1,0.088,0.034,0.263,0.044,0.318,0.053,1.482,0.089,0.144,0.439
0.493,0.775,-0.1,-0.1,-0.1,-0.1,1.748,0.501,1.696,0.033,1.908,0.903,-0.1,-0.1,-0.1,-0.1,0.697,0.7,1.271,0.205,-0.1,-0.1,0.087,0.033,0.263,0.044,0.318,0.052,1.481,0.09,0.144,0.439
0.468,0.774,-0.1,-0.1,-0.1,-0.1,1.749,0.501,1.696,0.034,1.909,0.903,-0.1,-0.1,-0.1,-0.1,0.698,0.7,1.271,0.205,-0.1,-0.1,0.088,0.034,0.263,0.044,0.317,0.051,1.481,0.089,0.143,0.439
0.447,0.773,-0.1,-0.1,-0.1,-0.1,1.747,0.501,1.696,0.034,1.909,0.903,-0.1,-0.1,-0.1,-0.1,0.698,0.7,1.271,0.206,-0.1,-0.1,0.087,0.033,0.264,0.044,0.318,0.052,1.481,0.09,0.142,0.439
0.419,0.773,-0.1,-0.1,-0.1,-0.1,1.748,0.5,1.696,0.035,1.908,0.903,-0.1,-0.1,-0.1,-0.1,0.698,0.699,1.27,0.205,-0.1,-0.1,0.088,0.034,0.263,0.045,0.318,0.053,1.482,0.089,0.143,0.439
0.394,0.773,-0.1,-0.1,-0.1,-0.1,1.748,0.501,1.696,0.034,1.908,0.903,-0.1,-0.1,-0.1,-0.1,0.697,0.7,1.271,0.206,-0.1,-0.1,0.088,0.034,0.263,0.044,0.318,0.052,1.481,0.09,0.142,0.439
0.37,0.772,-0.1,-0.1,-0.1,-0.1,1.748,0.502,1.695,0.034,1.908,0.902,-0.1,-0.1,-0.1,-0.1,0.698,0.7,1.271,0.206,-0.1,-0.1,0.089,0.034,0.264,0.044,0.318,0.052,1.481,0.089,0.143,0.439
0.349,0.772,-0.1,-0.1,-0.1,-0.1,1.749,0.502,1.696,0.034,1.908,0.903,-0.1,-0.1,-0.1,-0.1,0.697,0.699,1.271,0.206,-0.1,-0.1,0.088,0.034,0.263,0.043,0.317,0.052,1.481,0.089,0.143,0.44
0.321,0.771,-0.1,-0.1,-0.1,-0.1,1.75,0.501,1.695,0.034,1.909,0.903,-0.1,-0.1,-0.1,-0.1,0.696,0.7,1.271,0.205,-0.1,-0.1,0.088,0.035,0.264,0.043,0.318,0.053,1.482,0.09,0.142,0.439
0.304,0.768,-0.1,-0.1,-0.1,-0.1,1.75,0.501,1.696,0.035,1.91,0.903,-0.1,-0.1,-0.1,-0.1,0.697,0.7,1.271,0.206,-0.1,-0.1,0.087,0.032,0.263,0.044,0.317,0.051,1.481,0.089,0.143,0.44
0.277,0.766,-0.1,-0.1,-0.1,-0.1,1.748,0.501,1.695,0.034,1.909,0.904,-0.1,-0.1,-0.1,-0.1,0.697,0.7,1.27,0.206,-0.1,-0.1,0.087,0.033,0.263,0.044,0.317,0.052,1.481,0.089,0.143,0.439
0.247,0.769,-0.1,-0.1,-0.1,-0.1,1.749,0.501,1.696,0.034,1.91,0.903,-0.1,-0.1,-0.1,-0.1,0.698,0.7,1.271,0.206,-0.1,-0.1,0.087,0.034,0.264,0.043,0.317,0.052,1.482,0.09,0.143,0.439
0.227,0.768,-0.1,-0.1,-0.1,-0.1,1.749,0.5,1.695,0.034,1.908,0.902,-0.1,-0.1,-0.1,-0.1,0.698,0.7,1.27,0.206,-0.1,-0.1,0.089,0.034,0.263,0.044,0.318,0.052,1.481,0.09,0.143,0.439
0.208,0.763,-0.1,-0.1,-0.1,-0.1,1.749,0.502,1.696,0.034,1.908,0.903,-0.1,-0.1,-0.1,-0.1,0.696,0.7,1.27,0.206,-0.1,-0.1,0.088,0.034,0.264,0.044,0.318,0.053,1.482,0.09,0.143,0.44
0.184,0.764,-0.1,-0.1,-0.1,-0.1,1.749,0.5,1.696,0.034,1.909,0.903,-0.1,-0.1,-0.1,-0.1,0.698,0.7,1.271,0.206,-0.1,-0.1,0.087,0.034,0.263,0.043,0.317,0.052,1.481,0.089,0.143,0.439
0.159,0.764,-0.1,-0.1,-0.1,-0.1,1.748,0.501,1.696,0.034,1.909,0.903,-0.1,-0.1,-0.1,-0.1,0.697,0.699,1.271,0.205,-0.1,-0.1,0.088,0.034,0.263,0.043,0.318,0.052,1.481,0.09,0.143,0.439
0.129,0.764,-0.1,-0.1,-0.1,-0.1,1.748,0.502,1.695,0.034,1.909,0.902,-0.1,-0.1,-0.1,-0.1,0.698,0.7,1.27,0.205,-0.1,-0.1,0.089,0.034,0.265,0.044,0.318,0.052,1.481,0.09,0.142,0.44
0.109,0.768,-0.1,-0.1,-0.1,-0.1,1.748,0.501,1.696,0.034,1.908,0.903,-0.1,-0.1,-0.1,-0.1,0.697,0.699,1.272,0.205,-0.1,-0.1,0.086,0.033,0.263,0.044,0.319,0.052,1.482,0.089,0.143,0.438
0.091,0.761,-0.1,-0.1,-0.1,-0.1,1.749,0.501,1.696,0.034,1.908,0.903,-0.1,-0.1,-0.1,-0.1,0.697,0.699,1.27,0.206,-0.1,-0.1,0.089,0.033,0.263,0.044,0.317,0.052,1.481,0.09,0.143,0.44
0.063,0.761,-0.1,-0.1,-0.1,-0.1,1.75,0.501,1.695,0.034,1.908,0.902,-0.1,-0.1,-0.1,-0.1,0.697,0.7,1.271,0.206,-0.1,-0.1,0.088,0.034,0.263,0.043,0.317,0.052,1.482,0.09,0.143,0.439
0.041,0.759,-0.1,-0.1,-0.1,-0.1,1.749,0.5,1.696,0.034,1.908,0.903,-0.1,-0.1,-0.1,-0.1,0.698,0.7,1.27,0.205,-0.1,-0.1,0.087,0.033,0.264,0.044,0.318,0.053,1.481,0.089,0.143,0.439
0.02,0.757,-0.1,-0.1,-0.1,-0.1,1.748,0.501,1.696,0.035,1.909,0.903,-0.1,-0.1,-0.1,-0.1,0.698,0.699,1.27,0.206,-0.1,-0.1,0.087,0.034,0.263,0.044,0.318,0.053,1.481,0.09,0.142,0.44
0.028,0.758,-0.1,-0.1,-0.1,-0.1,1.748,0.501,1.696,0.034,1.909,0.903,-0.1,-0.1,-0.1,-0.1,0.698,0.699,1.271,0.205,-0.1,-0.1,0.088,0.034,0.264,0.044,0.317,0.051,1.48,0.09,0.144,0.439
0.047,0.754,-0.1,-0.1,-0.1,-0.1,1.748,0.501,1.696,0.034,1.909,0.904,-0.1,-0.1,-0.1,-0.1,0.698,0.7,1.271,0.205,-0.1,-0.1,0.088,0.034,0.262,0.043,0.317,0.052,1.482,0.09,0.143,0.439
0.06,0.756,-0.1,-0.1,-0.1,-0.1,1.748,0.502,1.696,0.034,1.908,0.903,-0.1,-0.1,-0.1,-0.1,0.697,0.699,1.27,0.205,-0.1,-0.1,0.088,0.034,0.264,0.043,0.318,0.053,1.481,0.089,0.142,0.438
0.075,0.753,-0.1,-0.1,-0.1,-0.1,1.749,0.501,1.696,0.034,1.91,0.903,-0.1,-0.1,-0.1,-0.1,0.698,0.699,1.271,0.206,-0.1,-0.1,0.088,0.034,0.263,0.044,0.317,0.052,1.481,0.09,0.144,0.439
0.091,0.757,-0.1,-0.1,-0.1,-0.1,1.748,0.501,1.696,0.034,1.909,0.904,-0.1,-0.1,-0.1,-0.1,0.698,0.7,1.27,0.205,-0.1,-0.1,0.088,0.033,0.263,0.043,0.318,0.052,1.481,0.089,0.144,0.44
0.099,0.752,-0.1,-0.1,-0.1,-0.1,1.748,0.501,1.696,0.034,1.909,0.902,-0.1,-0.1,-0.1,-0.1,0.697,0.699,1.271,0.205,-0.1,-0.1,0.088,0.033,0.264,0.044,0.318,0.052,1.482,0.09,0.143,0.439
0.111,0.753,-0.1,-0.1,-0.1,-0.1,1.747,0.501,1.696,0.034,1.908,0.903,-0.1,-0.1,-0.1,-0.1,0.697,0.699,1.27,0.205,-0.1,-0.1,0.088,0.034,0.263,0.043,0.317,0.052,1.481,0.09,0.143,0.439
0.121,0.753,-0.1,-0.1,-0.1,-0.1,1.746,0.501,1.695,0.034,1.909,0.903,-0.1,-0.1,-0.1,-0.1,0.698,0.699,1.27,0.206,-0.1,-0.1,0.089,0.034,0.263,0.044,0.317,0.052,1.482,0.089,0.143,0.438
0.139,0.752,-0.1,-0.1,-0.1,-0.1,1.748,0.502,1.696,0.034,1.908,0.903,-0.1,-0.1,-0.1,-0.1,0.697,0.7,1.271,0.206,-0.1,-0.1,0.086,0.034,0.263,0.044,0.316,0.052,1.482,0.09,0.144,0.439
0.148,0.751,-0.1,-0.1,-0.1,-0.1,1.747,0.501,1.696,0.034,1.909,0.903,-0.1,-0.1,-0.1,-0.1,0.698,0.7,1.271,0.205,-0.1,-0.1,0.089,0.034,0.263,0.043,0.317,0.052,1.482,0.089,0.143,0.439
0.163,0.751,-0.1,-0.1,-0.1,-0.1,1.748,0.501,1.695,0.034,1.908,0.903,-0.1,-0.1,-0.1,-0.1,0.697,0.7,1.271,0.205,-0.1,-0.1,0.089,0.033,0.263,0.044,0.318,0.052,1.481,0.089,0.144,0.439
0.175,0.748,-0.1,-0.1,-0.1,-0.1,1.747,0.501,1.695,0.034,1.909,0.903,-0.1,-0.1,-0.1,-0.1,0.698,0.7,1.27,0.206,-0.1,-0.1,0.088,0.035,0.263,0.043,0.317,0.052,1.481,0.09,0.144,0.439
0.185,0.749,-0.1,-0.1,-0.1,-0.1,1.747,0.501,1.695,0.034,1.909,0.904,-0.1,-0.1,-0.1,-0.1,0.697,0.699,1.271,0.205,-0.1,-0.1,0.089,0.034,0.264,0.044,0.319,0.052,1.481,0.09,0.143,0.439
0.198,0.748,-0.1,-0.1,-0.1,-0.1,1.747,0.501,1.696,0.034,1.908,0.903,-0.1,-0.1,-0.1,-0.1,0.697,0.699,1.271,0.205,-0.1,-0.1,0.089,0.034,0.263,0.043,0.317,0.052,1.481,0.089,0.143,0.439
0.212,0.748,-0.1,-0.1,-0.1,-0.1,1.747,0.501,1.696,0.034,1.909,0.903,-0.1,-0.1,-0.1,-0.1,0.697,0.699,1.271,0.205,-0.1,-0.1,0.088,0.034,0.262,0.043,0.317,0.052,1.481,0.09,0.143,0.439
0.225,0.748,-0.1,-0.1,-0.1,-0.1,1.748,0.501,1.696,0.034,1.909,0.903,-0.1,-0.1,-0.1,-0.1,0.697,0.7,1.271,0.206,-0.1,-0.1,0.089,0.034,0.263,0.044,0.318,0.052,1.481,0.09,0.144,0.439
0.237,0.747,-0.1,-0.1,-0.1,-0.1,1.748,0.501,1.696,0.034,1.91,0.903,-0.1,-0.1,-0.1,-0.1,0.697,0.7,1.271,0.206,-0.1,-0.1,0.089,0.034,0.264,0.043,0.317,0.052,1.481,0.089,0.143,0.438
0.245,0.748,-0.1,-0.1,-0.1,-0.1,1.748,0.501,1.696,0.034,1.909,0.904,-0.1,-0.1,-0.1,-0.1,0.698,0.7,1.27,0.205,-0.1,-0.1,0.088,0.033,0.263,0.044,0.318,0.052,1.482,0.09,0.143,0.439
0.256,0.748,-0.1,-0.1,-0.1,-0.1,1.748,0.501,1.696,0.034,1.909,0.903,-0.1,-0.1,-0.1,-0.1,0.697,0.699,1.271,0.206,-0.1,-0.1,0.088,0.034,0.263,0.043,0.317,0.052,1.481,0.089,0.143,0.439
0.269,0.747,-0.1,-0.1,-0.1,-0.1,1.748,0.5,1.695,0.033,1.908,0.902,-0.1,-0.1,-0.1,-0.1,0.697,0.699,1.271,0.206,-0.1,-0.1,0.087,0.033,0.264,0.043,0.317,0.052,1.481,0.09,0.143,0.44
0.288,0.743,-0.1,-0.1,-0.1,-0.1,1.748,0.501,1.696,0.034,1.909,0.903,-0.1,-0.1,-0.1,-0.1,0.697,0.7,1.27,0.205,-0.1,-0.1,0.088,0.033,0.264,0.044,0.318,0.052,1.481,0.089,0.144,0.439
0.297,0.744,-0.1,-0.1,-0.1,-0.1,1.747,0.501,1.695,0.034,1.908,0.903,-0.1,-0.1,-0.1,-0.1,0.697,0.7,1.272,0.206,-0.1,-0.1,0.087,0.033,0.263,0.044,0.317,0.053,1.482,0.089,0.144,0.439
0.306,0.745,-0.1,-0.1,-0.1,-0.1,1.748,0.501,1.695,0.034,1.909,0.903,-0.1,-0.1,-0.1,-0.1,0.697,0.7,1.27,0.205,-0.1,-0.1,0.087,0.033,0.263,0.043,0.317,0.052,1.481,0.09,0.143,0.439
0.319,0.744,-0.1,-0.1,-0.1,-0.1,1.747,0.501,1.696,0.034,1.909,0.904,-0.1,-0.1,-0.1,-0.1,0.697,0.7,1.271,0.205,-0.1,-0.1,0.089,0.034,0.263,0.044,0.318,0.051,1.481,0.09,0.144,0.439
0.33,0.745,-0.1,-0.1,-0.1,-0.1,1.747,0.501,1.695,0.034,1.909,0.902,-0.1,-0.1,-0.1,-0.1,0.698,0.7,1.271,0.206,-0.1,-0.1,0.088,0.034,0.264,0.043,0.319,0.053,1.481,0.09,0.143,0.439
0.34,0.748,-0.1,-0.1,-0.1,-0.1,1.748,0.501,1.695,0.035,1.908,0.903,-0.1,-0.1,-0.1,-0.1,0.697,0.699,1.271,0.206,-0.1,-0.1,0.089,0.033,0.264,0.044,0.318,0.052,1.481,0.09,0.143,0.439
0.351,0.744,-0.1,-0.1,-0.1,-0.1,1.748,0.502,1.696,0.034,1.908,0.903,-0.1,-0.1,-0.1,-0.1,0.697,0.699,1.271,0.206,-0.1,-0.1,0.089,0.033,0.264,0.044,0.319,0.052,1.481,0.089,0.144,0.439
0.361,0.743,-0.1,-0.1,-0.1,-0.1,1.747,0.502,1.695,0.034,1.909,0.903,-0.1,-0.1,-0.1,-0.1,0.697,0.699,1.271,0.205,-0.1,-0.1,0.088,0.034,0.263,0.044,0.318,0.052,1.481,0.089,0.144,0.439
0.377,0.744,-0.1,-0.1,-0.1,-0.1,1.748,0.501,1.695,0.034,1.908,0.903,-0.1,-0.1,-0.1,-0.1,0.697,0.7,1.271,0.206,-0.1,-0.1,0.087,0.034,0.263,0.043,0.317,0.052,1.481,0.09,0.143,0.439
0.385,0.742,-0.1,-0.1,-0.1,-0.1,1.748,0.501,1.695,0.035,1.91,0.903,-0.1,-0.1,-0.1,-0.1,0.697,0.7,1.271,0.205,-0.1,-0.1,0.09,0.034,0.263,0.044,0.318,0.051,1.481,0.089,0.144,0.439
0.399,0.741,-0.1,-0.1,-0.1,-0.1,1.747,0.501,1.696,0.034,1.909,0.903,-0.1,-0.1,-0.1,-0.1,0.698,0.7,1.271,0.205,-0.1,-0.1,0.089,0.034,0.263,0.044,0.317,0.052,1.482,0.09,0.143,0.439
0.405,0.741,-0.1,-0.1,-0.1,-0.1,1.748,0.502,1.695,0.034,1.909,0.903,-0.1,-0.1,-0.1,-0.1,0.697,0.699,1.272,0.205,-0.1,-0.1,0.088,0.034,0.264,0.044,0.317,0.051,1.481,0.089,0.143,0.438
0.418,0.741,-0.1,-0.1,-0.1,-0.1,1.749,0.5,1.695,0.034,1.91,0.904,-0.1,-0.1,-0.1,-0.1,0.697,0.699,1.271,0.206,-0.1,-0.1,0.088,0.034,0.264,0.043,0.318,0.052,1.481,0.089,0.143,0.439
0.429,0.74,-0.1,-0.1,-0.1,-0.1,1.748,0.501,1.696,0.034,1.909,0.903,-0.1,-0.1,-0.1,-0.1,0.697,0.699,1.271,0.205,-0.1,-0.1,0.088,0.033,0.263,0.043,0.318,0.051,1.482,0.09,0.143,0.439
0.439,0.74,-0.1,-0.1,-0.1,-0.1,1.748,0.501,1.695,0.034,1.909,0.904,-0.1,-0.1,-0.1,-0.1,0.697,0.699,1.271,0.206,-0.1,-0.1,0.089,0.033,0.262,0.043,0.317,0.052,1.481,0.089,0.143,0.439
0.453,0.738,-0.1,-0.1,-0.1,-0.1,1.748,0.501,1.695,0.034,1.909,0.903,-0.1,-0.1,-0.1,-0.1,0.697,0.7,1.271,0.205,-0.1,-0.1,0.088,0.033,0.264,0.044,0.318,0.053,1.482,0.089,0.144,0.439
0.462,0.738,-0.1,-0.1,-0.1,-0.1,1.748,0.501,1.695,0.034,1.91,0.903,-0.1,-0.1,-0.1,-0.1,0.698,0.7,1.271,0.205,-0.1,-0.1,0.088,0.033,0.262,0.043,0.317,0.052,1.481,0.09,0.143,0.439
0.471,0.737,-0.1,-0.1,-0.1,-0.1,1.749,0.502,1.696,0.034,1.908,0.903,-0.1,-0.1,-0.1,-0.1,0.698,0.699,1.271,0.206,-0.1,-0.1,0.087,0.034,0.263,0.044,0.317,0.051,1.481,0.089,0.143,0.439
0.484,0.736,-0.1,-0.1,-0.1,-0.1,1.747,0.5,1.695,0.035,1.908,0.903,-0.1,-0.1,-0.1,-0.1,0.697,0.7,1.271,0.206,-0.1,-0.1,0.087,0.033,0.263,0.044,0.318,0.052,1.481,0.09,0.143,0.438
0.494,0.736,-0.1,-0.1,-0.1,-0.1,1.747,0.501,1.696,0.035,1.908,0.903,-0.1,-0.1,-0.1,-0.1,0.698,0.699,1.271,0.205,-0.1,-0.1,0.088,0.033,0.264,0.043,0.317,0.051,1.482,0.089,0.144,0.439
0.503,0.735,-0.1,-0.1,-0.1,-0.1,1.747,0.501,1.696,0.034,1.908,0.903,-0.1,-0.1,-0.1,-0.1,0.697,0.7,1.271,0.206,-0.1,-0.1,0.088,0.033,0.263,0.043,0.318,0.052,1.481,0.089,0.143,0.439
0.512,0.737,-0.1,-0.1,-0.1,-0.1,1.747,0.501,1.695,0.035,1.908,0.903,-0.1,-0.1,-0.1,-0.1,0.698,0.699,1.271,0.205,-0.1,-0.1,0.088,0.034,0.264,0.043,0.317,0.051,1.481,0.089,0.143,0.439
0.522,0.734,-0.1,-0.1,-0.1,-0.1,1.748,0.501,1.696,0.034,1.908,0.903,-0.1,-0.1,-0.1,-0.1,0.698,0.699,1.271,0.205,-0.1,-0.1,0.089,0.034,0.263,0.044,0.317,0.052,1.482,0.09,0.144,0.439
0.533,0.733,-0.1,-0.1,-0.1,-0.1,1.748,0.501,1.696,0.034,1.909,0.903,-0.1,-0.1,-0.1,-0.1,0.698,0.7,1.271,0.206,-0.1,-0.1,0.089,0.034,0.264,0.044,0.318,0.051,1.481,0.089,0.143,0.439
0.543,0.733,-0.1,-0.1,-0.1,-0.1,1.748,0.501,1.695,0.035,1.908,0.903,-0.1,-0.1,-0.1,-0.1,0.697,0.699,1.271,0.206,-0.1,-0.1,0.088,0.034,0.263,0.043,0.318,0.052,1.481,0.09,0.144,0.439
0.551,0.733,-0.1,-0.1,-0.1,-0.1,1.749,0.501,1.695,0.034,1.908,0.904,-0.1,-0.1,-0.1,-0.1,0.696,0.7,1.271,0.205,-0.1,-0.1,0.088,0.033,0.263,0.044,0.317,0.051,1.481,0.089,0.143,0.439
0.562,0.732,-0.1,-0.1,-0.1,-0.1,1.748,0.501,1.696,0.035,1.908,0.902,-0.1,-0.1,-0.1,-0.1,0.698,0.699,1.271,0.206,-0.1,-0.1,0.088,0.034,0.263,0.044,0.317,0.052,1.481,0.089,0.143,0.439
0.571,0.732,-0.1,-0.1,-0.1,-0.1,1.748,0.501,1.695,0.034,1.908,0.903,-0.1,-0.1,-0.1,-0.1,0.697,0.7,1.271,0.205,-0.1,-0.1,0.088,0.034,0.263,0.043,0.317,0.052,1.481,0.09,0.144,0.439
0.58,0.731,-0.1,-0.1,-0.1,-0.1,1.748,0.501,1.696,0.035,1.908,0.903,-0.1,-0.1,-0.1,-0.1,0.697,0.7,1.27,0.206,-0.1,-0.1,0.088,0.033,0.263,0.043,0.317,0.052,1.481,0.09,0.143,0.439
0.59,0.731,-0.1,-0.1,-0.1,-0.1,1.747,0.501,1.696,0.034,1.908,0.903,-0.1,-0.1,-0.1,-0.1,0.697,0.699,1.271,0.205,-0.1,-0.1,0.087,0.033,0.264,0.043,0.317,0.051,1.48,0.09,0.144,0.439
0.599,0.731,-0.1,-0.1,-0.1,-0.1,1.746,0.501,1.695,0.035,1.909,0.903,-0.1,-0.1,-0.1,-0.1,0.698,0.7,1.271,0.205,-0.1,-0.1,0.087,0.033,0.263,0.044,0.316,0.052,1.481,0.089,0.143,0.439
0.609,0.73,-0.1,-0.1,-0.1,-0.1,1.747,0.502,1.696,0.034,1.908,0.903,-0.1,-0.1,-0.1,-0.1,0.698,0.699,1.271,0.206,-0.1,-0.1,0.088,0.034,0.263,0.044,0.317,0.052,1.482,0.089,0.143,0.439
0.619,0.729,-0.1,-0.1,-0.1,-0.1,1.747,0.501,1.696,0.034,1.908,0.904,-0.1,-0.1,-0.1,-0.1,0.697,0.699,1.271,0.205,-0.1,-0.1,0.088,0.034,0.264,0.044,0.317,0.051,1.481,0.09,0.144,0.44
0.629,0.729,-0.1,-0.1,-0.1,-0.1,1.747,0.5,1.696,0.034,1.908,0.902,-0.1,-0.1,-0.1,-0.1,0.698,0.699,1.271,0.206,-0.1,-0.1,0.087,0.033,0.263,0.043,0.318,0.052,1.481,0.089,0.143,0.439
0.638,0.728,-0.1,-0.1,-0.1,-0.1,1.748,0.5,1.696,0.034,1.908,0.903,-0.1,-0.1,-0.1,-0.1,0.698,0.7,1.271,0.205,-0.1,-0.1,0.087,0.033,0.263,0.044,0.317,0.052,1.481,0.089,0.143,0.439
0.647,0.728,-0.1,-0.1,-0.1,-0.1,1.748,0.501,1.696,0.034,1.909,0.903,-0.1,-0.1,-0.1,-0.1,0.697,0.699,1.271,0.205,-0.1,-0.1,0.088,0.033,0.264,0.045,0.317,0.052,1.482,0.09,0.144,0.438
0.651,0.728,-0.1,-0.1,-0.1,-0.1,1.749,0.501,1.696,0.034,1.909,0.903,-0.1,-0.1,-0.1,-0.1,0.701,0.697,1.27,0.206,-0.1,-0.1,0.087,0.033,0.263,0.043,0.317,0.051,1.481,0.089,0.143,0.439
0.656,0.733,-0.1,-0.1,-0.1,-0.1,1.748,0.501,1.696,0.034,1.908,0.903,-0.1,-0.1,-0.1,-0.1,0.708,0.693,1.271,0.206,-0.1,-0.1,0.087,0.034,0.263,0.043,0.316,0.052,1.482,0.09,0.144,0.44
0.66,0.733,-0.1,-0.1,-0.1,-0.1,1.747,0.501,1.696,0.034,1.909,0.904,-0.1,-0.1,-0.1,-0.1,0.713,0.69,1.27,0.206,-0.1,-0.1,0.088,0.033,0.263,0.043,0.318,0.053,1.481,0.089,0.143,0.439
0.661,0.738,-0.1,-0.1,-0.1,-0.1,1.747,0.501,1.697,0.034,1.908,0.902,-0.1,-0.1,-0.1,-0.1,0.718,0.686,1.271,0.205,-0.1,-0.1,0.088,0.033,0.263,0.043,0.317,0.052,1.481,0.09,0.143,0.439
0.665,0.738,-0.1,-0.1,-0.1,-0.1,1.747,0.501,1.696,0.034,1.909,0.903,-0.1,-0.1,-0.1,-0.1,0.721,0.686,1.271,0.206,-0.1,-0.1,0.088,0.033,0.263,0.044,0.317,0.052,1.481,0.089,0.143,0.439
0.669,0.742,-0.1,-0.1,-0.1,-0.1,1.748,0.501,1.696,0.034,1.91,0.904,-0.1,-0.1,-0.1,-0.1,0.723,0.685,1.271,0.205,-0.1,-0.1,0.088,0.034,0.264,0.043,0.317,0.052,1.481,0.089,0.144,0.44
0.673,0.744,-0.1,-0.1,-0.1,-0.1,1.748,0.501,1.696,0.034,1.909,0.903,-0.1,-0.1,-0.1,-0.1,0.727,0.681,1.271,0.205,-0.1,-0.1,0.089,0.034,0.263,0.043,0.317,0.052,1.481,0.09,0.143,0.439
0.676,0.744,-0.1,-0.1,-0.1,-0.1,1.746,0.501,1.696,0.035,1.908,0.904,-0.1,-0.1,-0.1,-0.1,0.731,0.681,1.271,0.205,-0.1,-0.1,0.089,0.034,0.264,0.044,0.319,0.052,1.481,0.089,0.144,0.439
0.68,0.748,-0.1,-0.1,-0.1,-0.1,1.747,0.501,1.696,0.034,1.909,0.903,-0.1,-0.1,-0.1,-0.1,0.735,0.678,1.27,0.205,-0.1,-0.1,0.088,0.034,0.263,0.044,0.318,0.051,1.481,0.09,0.143,0.439
0.683,0.749,-0.1,-0.1,-0.1,-0.1,1.748,0.501,1.696,0.035,1.908,0.903,-0.1,-0.1,-0.1,-0.1,0.737,0.677,1.271,0.205,-0.1,-0.1,0.088,0.033,0.264,0.043,0.317,0.052,1.481,0.089,0.144,0.44
0.686,0.753,-0.1,-0.1,-0.1,-0.1,1.748,0.501,1.695,0.034,1.908,0.904,-0.1,-0.1,-0.1,-0.1,0.742,0.675,1.27,0.206,-0.1,-0.1,0.087,0.034,0.264,0.044,0.318,0.052,1.481,0.09,0.143,0.439
0.69,0.754,-0.1,-0.1,-0.1,-0.1,1.747,0.501,1.696,0.034,1.908,0.903,-0.1,-0.1,-0.1,-0.1,0.745,0.672,1.271,0.206,-0.1,-0.1,0.087,0.033,0.263,0.045,0.318,0.052,1.481,0.089,0.143,0.439
0.693,0.755,-0.1,-0.1,-0.1,-0.1,1.748,0.5,1.696,0.035,1.908,0.903,-0.1,-0.1,-0.1,-0.1,0.75,0.671,1.271,0.205,-0.1,-0.1,0.088,0.033,0.263,0.042,0.317,0.051,1.481,0.089,0.143,0.439
0.697,0.758,-0.1,-0.1,-0.1,-0.1,1.747,0.501,1.696,0.034,1.908,0.903,-0.1,-0.1,-0.1,-0.1,0.751,0.667,1.27,0.205,-0.1,-0.1,0.087,0.033,0.263,0.045,0.317,0.052,1.481,0.09,0.143,0.44
0.698,0.759,-0.1,-0.1,-0.1,-0.1,1.747,0.5,1.696,0.034,1.908,0.904,-0.1,-0.1,-0.1,-0.1,0.756,0.668,1.27,0.206,-0.1,-0.1,0.088,0.033,0.263,0.042,0.317,0.052,1.482,0.089,0.144,0.439
0.703,0.762,-0.1,-0.1,-0.1,-0.1,1.749,0.501,1.696,0.034,1.909,0.903,-0.1,-0.1,-0.1,-0.1,0.758,0.663,1.271,0.205,-0.1,-0.1,0.088,0.033,0.264,0.044,0.319,0.052,1.481,0.089,0.143,0.439
0.705,0.764,-0.1,-0.1,-0.1,-0.1,1.748,0.501,1.696,0.034,1.909,0.903,-0.1,-0.1,-0.1,-0.1,0.762,0.663,1.27,0.206,-0.1,-0.1,0.087,0.033,0.263,0.044,0.317,0.052,1.481,0.089,0.143,0.44
0.708,0.765,-0.1,-0.1,-0.1,-0.1,1.749,0.501,1.695,0.035,1.909,0.904,-0.1,-0.1,-0.1,-0.1,0.765,0.66,1.272,0.205,-0.1,-0.1,0.087,0.033,0.264,0.043,0.318,0.052,1.482,0.09,0.144,0.439
0.712,0.767,-0.1,-0.1,-0.1,-0.1,1.748,0.501,1.696,0.034,1.909,0.903,-0.1,-0.1,-0.1,-0.1,0.767,0.659,1.271,0.205,-0.1,-0.1,0.089,0.034,0.264,0.043,0.318,0.052,1.481,0.089,0.143,0.439
0.713,0.769,-0.1,-0.1,-0.1,-0.1,1.748,0.501,1.696,0.034,1.909,0.904,-0.1,-0.1,-0.1,-0.1,0.77,0.656,1.271,0.206,-0.1,-0.1,0.089,0.033,0.263,0.044,0.317,0.052,1.481,0.089,0.143,0.439
0.715,0.771,-0.1,-0.1,-0.1,-0.1,1.748,0.501,1.696,0.034,1.909,0.903,-0.1,-0.1,-0.1,-0.1,0.772,0.656,1.271,0.206,-0.1,-0.1,0.088,0.033,0.263,0.043,0.318,0.051,1.481,0.089,0.143,0.44
0.72,0.772,-0.1,-0.1,-0.1,-0.1,1.748,0.501,1.696,0.035,1.908,0.904,-0.1,-0.1,-0.1,-0.1,0.777,0.655,1.27,0.205,-0.1,-0.1,0.088,0.033,0.264,0.044,0.318,0.053,1.481,0.089,0.143,0.439
0.722,0.774,-0.1,-0.1,-0.1,-0.1,1.749,0.501,1.696,0.034,1.909,0.903,-0.1,-0.1,-0.1,-0.1,0.778,0.652,1.271,0.206,-0.1,-0.1,0.088,0.033,0.263,0.043,0.317,0.052,1.481,0.09,0.144,0.439
0.725,0.776,-0.1,-0.1,-0.1,-0.1,1.748,0.501,1.696,0.034,1.908,0.904,-0.1,-0.1,-0.1,-0.1,0.782,0.651,1.271,0.206,-0.1,-0.1,0.089,0.033,0.264,0.044,0.317,0.053,1.481,0.089,0.144,0.439
0.725,0.779,-0.1,-0.1,-0.1,-0.1,1.748,0.5,1.695,0.035,1.909,0.903,-0.1,-0.1,-0.1,-0.1,0.786,0.652,1.272,0.206,-0.1,-0.1,0.086,0.033,0.263,0.044,0.318,0.052,1.481,0.089,0.143,0.439
0.73,0.78,-0.1,-0.1,-0.1,-0.1,1.748,0.5,1.696,0.034,1.908,0.903,-0.1,-0.1,-0.1,-0.1,0.787,0.65,1.27,0.206,-0.1,-0.1,0.088,0.033,0.263,0.045,0.318,0.053,1.48,0.09,0.144,0.44
0.731,0.78,-0.1,-0.1,-0.1,-0.1,1.748,0.501,1.696,0.034,1.909,0.904,-0.1,-0.1,-0.1,-0.1,0.792,0.649,1.272,0.206,-0.1,-0.1,0.087,0.033,0.263,0.043,0.318,0.051,1.481,0.09,0.143,0.439
0.734,0.781,-0.1,-0.1,-0.1,-0.1,1.748,0.501,1.696,0.034,1.908,0.903,-0.1,-0.1,-0.1,-0.1,0.791,0.646,1.27,0.206,-0.1,-0.1,0.088,0.033,0.264,0.043,0.317,0.052,1.481,0.089,0.143,0.44
0.736,0.785,-0.1,-0.1,-0.1,-0.1,1.748,0.501,1.696,0.035,1.909,0.903,-0.1,-0.1,-0.1,-0.1,0.795,0.646,1.272,0.205,-0.1,-0.1,0.087,0.033,0.263,0.043,0.318,0.052,1.481,0.09,0.143,0.439
0.739,0.784,-0.1,-0.1,-0.1,-0.1,1.748,0.5,1.696,0.034,1.909,0.903,-0.1,-0.1,-0.1,-0.1,0.796,0.645,1.27,0.206,-0.1,-0.1,0.087,0.033,0.263,0.043,0.317,0.052,1.482,0.089,0.143,0.439
0.742,0.785,-0.1,-0.1,-0.1,-0.1,1.749,0.501,1.696,0.034,1.908,0.903,-0.1,-0.1,-0.1,-0.1,0.797,0.641,1.272,0.205,-0.1,-0.1,0.088,0.033,0.263,0.044,0.317,0.051,1.481,0.089,0.143,0.439
0.744,0.788,-0.1,-0.1,-0.1,-0.1,1.748,0.502,1.696,0.034,1.908,0.903,-0.1,-0.1,-0.1,-0.1,0.799,0.64,1.27,0.205,-0.1,-0.1,0.088,0.033,0.264,0.043,0.318,0.053,1.481,0.089,0.143,0.439
0.745,0.789,-0.1,-0.1,-0.1,-0.1,1.748,0.501,1.696,0.035,1.909,0.903,-0.1,-0.1,-0.1,-0.1,0.802,0.639,1.271,0.206,-0.1,-0.1,0.088,0.034,0.263,0.043,0.317,0.051,1.482,0.089,0.143,0.439
0.747,0.789,-0.1,-0.1,-0.1,-0.1,1.748,0.501,1.696,0.035,1.908,0.903,-0.1,-0.1,-0.1,-0.1,0.804,0.638,1.27,0.205,-0.1,-0.1,0.089,0.034,0.264,0.043,0.318,0.052,1.481,0.089,0.143,0.439
0.749,0.789,-0.1,-0.1,-0.1,-0.1,1.748,0.501,1.696,0.034,1.908,0.903,-0.1,-0.1,-0.1,-0.1,0.806,0.637,1.271,0.205,-0.1,-0.1,0.089,0.035,0.263,0.043,0.318,0.052,1.48,0.09,0.142,0.439
0.752,0.791,-0.1,-0.1,-0.1,-0.1,1.748,0.5,1.696,0.035,1.908,0.903,-0.1,-0.1,-0.1,-0.1,0.808,0.637,1.271,0.205,-0.1,-0.1,0.088,0.033,0.263,0.043,0.318,0.052,1.481,0.089,0.143,0.439
0.754,0.791,-0.1,-0.1,-0.1,-0.1,1.749,0.501,1.696,0.034,1.908,0.902,-0.1,-0.1,-0.1,-0.1,0.809,0.636,1.27,0.205,-0.1,-0.1,0.089,0.034,0.263,0.044,0.317,0.052,1.481,0.089,0.144,0.439
0.755,0.793,-0.1,-0.1,-0.1,-0.1,1.748,0.501,1.695,0.035,1.908,0.903,-0.1,-0.1,-0.1,-0.1,0.811,0.634,1.271,0.206,-0.1,-0.1,0.087,0.033,0.263,0.044,0.317,0.051,1.481,0.09,0.144,0.439
0.755,0.793,-0.1,-0.1,-0.1,-0.1,1.748,0.5,1.696,0.034,1.908,0.903,-0.1,-0.1,-0.1,-0.1,0.814,0.634,1.271,0.205,-0.1,-0.1,0.088,0.034,0.264,0.044,0.317,0.052,1.481,0.089,0.143,0.439
0.757,0.794,-0.1,-0.1,-0.1,-0.1,1.749,0.501,1.696,0.035,1.909,0.904,-0.1,-0.1,-0.1,-0.1,0.815,0.632,1.271,0.205,-0.1,-0.1,0.089,0.034,0.262,0.043,0.318,0.053,1.481,0.09,0.143,0.44
0.759,0.795,-0.1,-0.1,-0.1,-0.1,1.748,0.501,1.696,0.035,1.908,0.903,-0.1,-0.1,-0.1,-0.1,0.816,0.63,1.271,0.205,-0.1,-0.1,0.087,0.034,0.264,0.043,0.318,0.052,1.481,0.089,0.143,0.438
0.761,0.796,-0.1,-0.1,-0.1,-0.1,1.748,0.501,1.696,0.034,1.908,0.903,-0.1,-0.1,-0.1,-0.1,0.818,0.629,1.271,0.206,-0.1,-0.1,0.088,0.034,0.262,0.044,0.316,0.052,1.482,0.089,0.143,0.439
0.764,0.797,-0.1,-0.1,-0.1,-0.1,1.748,0.501,1.696,0.035,1.909,0.903,-0.1,-0.1,-0.1,-0.1,0.819,0.629,1.271,0.205,-0.1,-0.1,0.088,0.034,0.263,0.043,0.317,0.052,1.481,0.09,0.144,0.44
0.763,0.798,-0.1,-0.1,-0.1,-0.1,1.749,0.502,1.696,0.035,1.908,0.902,-0.1,-0.1,-0.1,-0.1,0.82,0.628,1.272,0.205,-0.1,-0.1,0.088,0.034,0.263,0.044,0.316,0.052,1.481,0.089,0.143,0.439
0.764,0.799,-0.1,-0.1,-0.1,-0.1,1.748,0.501,1.696,0.034,1.909,0.903,-0.1,-0.1,-0.1,-0.1,0.822,0.627,1.271,0.205,-0.1,-0.1,0.088,0.034,0.263,0.044,0.317,0.053,1.481,0.089,0.143,0.439
0.764,0.799,-0.1,-0.1,-0.1,-0.1,1.749,0.501,1.696,0.035,1.909,0.904,-0.1,-0.1,-0.1,-0.1,0.823,0.626,1.271,0.206,-0.1,-0.1,0.089,0.033,0.264,0.043,0.317,0.052,1.481,0.09,0.143,0.438
0.768,0.802,-0.1,-0.1,-0.1,-0.1,1.749,0.5,1.695,0.034,1.908,0.903,-0.1,-0.1,-0.1,-0.1,0.824,0.624,1.271,0.206,-0.1,-0.1,0.088,0.033,0.264,0.042,0.317,0.052,1.481,0.089,0.143,0.439
0.77,0.801,-0.1,-0.1,-0.1,-0.1,1.749,0.501,1.695,0.034,1.909,0.903,-0.1,-0.1,-0.1,-0.1,0.825,0.623,1.27,0.205,-0.1,-0.1,0.088,0.034,0.263,0.044,0.317,0.052,1.481,0.089,0.142,0.439
0.769,0.802,-0.1,-0.1,-0.1,-0.1,1.748,0.5,1.695,0.035,1.909,0.903,-0.1,-0.1,-0.1,-0.1,0.826,0.623,1.271,0.206,-0.1,-0.1,0.088,0.035,0.264,0.043,0.317,0.052,1.481,0.089,0.143,0.439
0.77,0.802,-0.1,-0.1,-0.1,-0.1,1.748,0.501,1.696,0.034,1.908,0.902,-0.1,-0.1,-0.1,-0.1,0.826,0.622,1.272,0.205,-0.1,-0.1,0.087,0.033,0.263,0.043,0.317,0.053,1.481,0.09,0.142,0.439
0.773,0.802,-0.1,-0.1,-0.1,-0.1,1.749,0.501,1.695,0.034,1.908,0.903,-0.1,-0.1,-0.1,-0.1,0.828,0.622,1.271,0.205,-0.1,-0.1,0.087,0.034,0.263,0.043,0.317,0.051,1.481,0.09,0.143,0.439
0.772,0.802,-0.1,-0.1,-0.1,-0.1,1.749,0.501,1.696,0.034,1.907,0.902,-0.1,-0.1,-0.1,-0.1,0.832,0.621,1.271,0.205,-0.1,-0.1,0.088,0.034,0.264,0.043,0.318,0.052,1.481,0.089,0.142,0.438
0.772,0.802,-0.1,-0.1,-0.1,-0.1,1.748,0.501,1.695,0.034,1.908,0.903,-0.1,-0.1,-0.1,-0.1,0.829,0.62,1.271,0.205,-0.1,-0.1,0.088,0.034,0.263,0.042,0.318,0.052,1.481,0.089,0.144,0.439
0.774,0.803,-0.1,-0.1,-0.1,-0.1,1.749,0.501,1.696,0.034,1.909,0.902,-0.1,-0.1,-0.1,-0.1,0.83,0.619,1.27,0.206,-0.1,-0.1,0.088,0.034,0.263,0.042,0.318,0.052,1.481,0.09,0.144,0.439
0.774,0.804,-0.1,-0.1,-0.1,-0.1,1.748,0.501,1.696,0.034,1.908,0.903,-0.1,-0.1,-0.1,-0.1,0.831,0.619,1.271,0.206,-0.1,-0.1,0.087,0.033,0.263,0.043,0.317,0.052,1.481,0.089,0.144,0.44
0.775,0.805,-0.1,-0.1,-0.1,-0.1,1.748,0.5,1.695,0.035,1.908,0.903,-0.1,-0.1,-0.1,-0.1,0.832,0.618,1.271,0.205,-0.1,-0.1,0.089,0.033,0.264,0.044,0.318,0.051,1.481,0.089,0.143,0.439
0.775,0.806,-0.1,-0.1,-0.1,-0.1,1.748,0.501,1.696,0.034,1.909,0.902,-0.1,-0.1,-0.1,-0.1,0.833,0.614,1.27,0.206,-0.1,-0.1,0.088,0.034,0.264,0.042,0.318,0.052,1.481,0.089,0.143,0.439
0.774,0.806,-0.1,-0.1,-0.1,-0.1,1.749,0.501,1.696,0.035,1.909,0.903,-0.1,-0.1,-0.1,-0.1,0.833,0.615,1.271,0.205,-0.1,-0.1,0.088,0.033,0.263,0.044,0.318,0.051,1.481,0.089,0.143,0.439
0.778,0.804,-0.1,-0.1,-0.1,-0.1,1.749,0.501,1.695,0.035,1.91,0.903,-0.1,-0.1,-0.1,-0.1,0.834,0.615,1.272,0.205,-0.1,-0.1,0.087,0.034,0.264,0.043,0.317,0.052,1.481,0.089,0.144,0.439
0.776,0.806,-0.1,-0.1,-0.1,-0.1,1.747,0.501,1.696,0.034,1.909,0.903,-0.1,-0.1,-0.1,-0.1,0.835,0.615,1.271,0.205,-0.1,-0.1,0.087,0.033,0.264,0.043,0.318,0.052,1.481,0.089,0.143,0.439
0.776,0.806,-0.1,-0.1,-0.1,-0.1,1.748,0.501,1.696,0.034,1.908,0.903,-0.1,-0.1,-0.1,-0.1,0.834,0.615,1.27,0.206,-0.1,-0.1,0.088,0.034,0.264,0.043,0.318,0.052,1.481,0.09,0.142,0.439
0.776,0.805,-0.1,-0.1,-0.1,-0.1,1.748,0.501,1.696,0.034,1.909,0.903,-0.1,-0.1,-0.1,-0.1,0.836,0.616,1.271,0.205,-0.1,-0.1,0.087,0.034,0.263,0.044,0.317,0.051,1.481,0.089,0.143,0.439
0.777,0.806,-0.1,-0.1,-0.1,-0.1,1.748,0.502,1.696,0.034,1.908,0.902,-0.1,-0.1,-0.1,-0.1,0.836,0.615,1.271,0.205,-0.1,-0.1,0.088,0.035,0.263,0.043,0.318,0.052,1.481,0.089,0.144,0.438
0.776,0.805,-0.1,-0.1,-0.1,-0.1,1.748,0.501,1.696,0.034,1.908,0.903,-0.1,-0.1,-0.1,-0.1,0.835,0.616,1.271,0.205,-0.1,-0.1,0.088,0.035,0.263,0.044,0.319,0.053,1.481,0.089,0.144,0.439
0.777,0.805,-0.1,-0.1,-0.1,-0.1,1.748,0.501,1.696,0.034,1.908,0.903,-0.1,-0.1,-0.1,-0.1,0.836,0.615,1.271,0.205,-0.1,-0.1,0.088,0.034,0.264,0.044,0.318,0.052,1.481,0.089,0.144,0.439
0.776,0.806,-0.1,-0.1,-0.1,-0.1,1.748,0.501,1.696,0.035,1.908,0.902,-0.1,-0.1,-0.1,-0.1,0.836,0.614,1.27,0.206,-0.1,-0.1,0.088,0.034,0.264,0.044,0.318,0.052,1.481,0.089,0.144,0.44
0.776,0.806,-0.1,-0.1,-0.1,-0.1,1.747,0.501,1.695,0.034,1.908,0.902,-0.1,-0.1,-0.1,-0.1,0.836,0.614,1.27,0.205,-0.1,-0.1,0.089,0.033,0.264,0.043,0.318,0.052,1.481,0.089,0.143,0.439
0.777,0.806,-0.1,-0.1,-0.1,-0.1,1.748,0.501,1.695,0.034,1.908,0.903,-0.1,-0.1,-0.1,-0.1,0.836,0.614,1.271,0.206,-0.1,-0.1,0.088,0.034,0.263,0.043,0.318,0.052,1.481,0.089,0.143,0.439
