0.506,0.835,-0.1,-0.1,-0.1,-0.1,-0.1,-0.1,1.581,0.912,-0.1,-0.1,-0.1,-0.1,-0.1,-0.1,1.173,0.585,-0.1,-0.1,-0.1,-0.1,-0.1,-0.1,1.174,0.287,-0.1,-0.1,1.419,0.689,-0.1,-0.1
0.529,0.82,-0.1,-0.1,-0.1,-0.1,-0.1,-0.1,1.581,0.913,-0.1,-0.1,-0.1,-0.1,-0.1,-0.1,1.173,0.585,-0.1,-0.1,-0.1,-0.1,-0.1,-0.1,1.175,0.286,-0.1,-0.1,1.418,0.688,-0.1,-0.1
0.559,0.807,-0.1,-0.1,-0.1,-0.1,-0.1,-0.1,1.581,0.913,-0.1,-0.1,-0.1,-0.1,-0.1,-0.1,1.173,0.585,-0.1,-0.1,-0.1,-0.1,-0.1,-0.1,1.174,0.287,-0.1,-0.1,1.419,0.688,-0.1,-0.1
0.581,0.797,-0.1,-0.1,-0.1,-0.1,-0.1,-0.1,1.581,0.912,-0.1,-0.1,-0.1,-0.1,-0.1,-0.1,1.173,0.585,-0.1,-0.1,-0.1,-0.1,-0.1,-0.1,1.174,0.287,-0.1,-0.1,1.418,0.689,-0.1,-0.1
0.605,0.784,-0.1,-0.1,-0.1,-0.1,-0.1,-0.1,1.58,0.912,-0.1,-0.1,-0.1,-0.1,-0.1,-0.1,1.173,0.585,-0.1,-0.1,-0.1,-0.1,-0.1,-0.1,1.174,0.287,-0.1,-0.1,1.419,0.688,-0.1,-0.1
0.631,0.769,-0.1,-0.1,-0.1,-0.1,-0.1,-0.1,1.58,0.913,-0.1,-0.1,-0.1,-0.1,-0.1,-0.1,1.173,0.584,-0.1,-0.1,-0.1,-0.1,-0.1,-0.1,1.175,0.286,-0.1,-0.1,1.419,0.689,-0.1,-0.1
0.658,0.758,-0.1,-0.1,-0.1,-0.1,-0.1,-0.1,1.58,0.913,-0.1,-0.1,-0.1,-0.1,-0.1,-0.1,1.172,0.585,-0.1,-0.1,-0.1,-0.1,-0.1,-0.1,1.174,0.286,-0.1,-0.1,1.419,0.688,-0.1,-0.1
0.681,0.744,-0.1,-0.1,-0.1,-0.1,-0.1,-0.1,1.582,0.913,-0.1,-0.1,-0.1,-0.1,-0.1,-0.1,1.173,0.584,-0.1,-0.1,-0.1,-0.1,-0.1,-0.1,1.174,0.286,-0.1,-0.1,1.418,0.689,-0.1,-0.1
0.705,0.733,-0.1,-0.1,-0.1,-0.1,-0.1,-0.1,1.582,0.915,-0.1,-0.1,-0.1,-0.1,-0.1,-0.1,1.174,0.585,-0.1,-0.1,-0.1,-0.1,-0.1,-0.1,1.175,0.286,-0.1,-0.1,1.419,0.688,-0.1,-0.1
0.732,0.719,-0.1,-0.1,-0.1,-0.1,-0.1,-0.1,1.581,0.914,-0.1,-0.1,-0.1,-0.1,-0.1,-0.1,1.173,0.585,-0.1,-0.1,-0.1,-0.1,-0.1,-0.1,1.174,0.286,-0.1,-0.1,1.419,0.688,-0.1,-0.1
0.755,0.707,-0.1,-0.1,-0.1,-0.1,-0.1,-0.1,1.58,0.913,-0.1,-0.1,-0.1,-0.1,-0.1,-0.1,1.174,0.585,-0.1,-0.1,-0.1,-0.1,-0.1,-0.1,1.175,0.286,-0.1,-0.1,1.419,0.689,-0.1,-0.1
0.78,0.695,-0.1,-0.1,-0.1,-0.1,-0.1,-0.1,1.58,0.913,-0.1,-0.1,-0.1,-0.1,-0.1,-0.1,1.172,0.585,-0.1,-0.1,-0.1,-0.1,-0.1,-0.1,1.175,0.287,-0.1,-0.1,1.418,0.688,-0.1,-0.1
0.806,0.682,-0.1,-0.1,-0.1,-0.1,-0.1,-0.1,1.581,0.912,-0.1,-0.1,-0.1,-0.1,-0.1,-0.1,1.173,0.584,-0.1,-0.1,-0.1,-0.1,-0.1,-0.1,1.175,0.287,-0.1,-0.1,1.418,0.689,-0.1,-0.1
0.829,0.669,-0.1,-0.1,-0.1,-0.1,-0.1,-0.1,1.581,0.913,-0.1,-0.1,-0.1,-0.1,-0.1,-0.1,1.173,0.585,-0.1,-0.1,-0.1,-0.1,-0.1,-0.1,1.174,0.286,-0.1,-0.1,1.419,0.688,-0.1,-0.1
0.856,0.656,-0.1,-0.1,-0.1,-0.1,-0.1,-0.1,1.58,0.913,-0.1,-0.1,-0.1,-0.1,-0.1,-0.1,1.173,0.585,-0.1,-0.1,-0.1,-0.1,-0.1,-0.1,1.174,0.287,-0.1,-0.1,1.419,0.689,-0.1,-0.1
0.879,0.643,-0.1,-0.1,-0.1,-0.1,-0.1,-0.1,1.58,0.912,-0.1,-0.1,-0.1,-0.1,-0.1,-0.1,1.173,0.585,-0.1,-0.1,-0.1,-0.1,-0.1,-0.1,1.174,0.287,-0.1,-0.1,1.419,0.688,-0.1,-0.1
0.902,0.633,-0.1,-0.1,-0.1,-0.1,-0.1,-0.1,1.58,0.915,-0.1,-0.1,-0.1,-0.1,-0.1,-0.1,1.173,0.585,-0.1,-0.1,-0.1,-0.1,-0.1,-0.1,1.175,0.287,-0.1,-0.1,1.418,0.688,-0.1,-0.1
0.925,0.62,-0.1,-0.1,-0.1,-0.1,-0.1,-0.1,1.582,0.914,-0.1,-0.1,-0.1,-0.1,-0.1,-0.1,1.173,0.585,-0.1,-0.1,-0.1,-0.1,-0.1,-0.1,1.174,0.287,-0.1,-0.1,1.419,0.689,-0.1,-0.1
0.951,0.609,-0.1,-0.1,-0.1,-0.1,-0.1,-0.1,1.581,0.913,-0.1,-0.1,-0.1,-0.1,-0.1,-0.1,1.173,0.584,-0.1,-0.1,-0.1,-0.1,-0.1,-0.1,1.175,0.286,-0.1,-0.1,1.419,0.689,-0.1,-0.1
0.974,0.596,-0.1,-0.1,-0.1,-0.1,-0.1,-0.1,1.58,0.913,-0.1,-0.1,-0.1,-0.1,-0.1,-0.1,1.173,0.585,-0.1,-0.1,-0.1,-0.1,-0.1,-0.1,1.174,0.287,-0.1,-0.1,1.418,0.688,-0.1,-0.1
0.996,0.585,-0.1,-0.1,-0.1,-0.1,-0.1,-0.1,1.58,0.913,-0.1,-0.1,-0.1,-0.1,-0.1,-0.1,1.173,0.585,-0.1,-0.1,-0.1,-0.1,-0.1,-0.1,1.175,0.286,-0.1,-0.1,1.419,0.688,-0.1,-0.1
1.021,0.573,-0.1,-0.1,-0.1,-0.1,-0.1,-0.1,1.581,0.913,-0.1,-0.1,-0.1,-0.1,-0.1,-0.1,1.173,0.584,-0.1,-0.1,-0.1,-0.1,-0.1,-0.1,1.174,0.287,-0.1,-0.1,1.419,0.689,-0.1,-0.1
1.043,0.562,-0.1,-0.1,-0.1,-0.1,-0.1,-0.1,1.58,0.914,-0.1,-0.1,-0.1,-0.1,-0.1,-0.1,1.173,0.585,-0.1,-0.1,-0.1,-0.1,-0.1,-0.1,1.174,0.287,-0.1,-0.1,1.419,0.689,-0.1,-0.1
1.067,0.549,-0.1,-0.1,-0.1,-0.1,-0.1,-0.1,1.581,0.913,-0.1,-0.1,-0.1,-0.1,-0.1,-0.1,1.173,0.585,-0.1,-0.1,-0.1,-0.1,-0.1,-0.1,1.175,0.286,-0.1,-0.1,1.418,0.688,-0.1,-0.1
1.09,0.538,-0.1,-0.1,-0.1,-0.1,-0.1,-0.1,1.58,0.913,-0.1,-0.1,-0.1,-0.1,-0.1,-0.1,1.173,0.585,-0.1,-0.1,-0.1,-0.1,-0.1,-0.1,1.174,0.287,-0.1,-0.1,1.418,0.689,-0.1,-0.1
1.114,0.525,-0.1,-0.1,-0.1,-0.1,-0.1,-0.1,1.58,0.913,-0.1,-0.1,-0.1,-0.1,-0.1,-0.1,1.173,0.585,-0.1,-0.1,-0.1,-0.1,-0.1,-0.1,1.174,0.286,-0.1,-0.1,1.419,0.688,-0.1,-0.1
1.139,0.515,-0.1,-0.1,-0.1,-0.1,-0.1,-0.1,1.58,0.914,-0.1,-0.1,-0.1,-0.1,-0.1,-0.1,1.173,0.584,-0.1,-0.1,-0.1,-0.1,-0.1,-0.1,1.175,0.287,-0.1,-0.1,1.418,0.688,-0.1,-0.1
1.159,0.502,-0.1,-0.1,-0.1,-0.1,-0.1,-0.1,1.58,0.913,-0.1,-0.1,-0.1,-0.1,-0.1,-0.1,1.173,0.585,-0.1,-0.1,-0.1,-0.1,-0.1,-0.1,1.174,0.286,-0.1,-0.1,1.419,0.689,-0.1,-0.1
1.184,0.489,-0.1,-0.1,-0.1,-0.1,-0.1,-0.1,1.579,0.914,-0.1,-0.1,-0.1,-0.1,-0.1,-0.1,1.173,0.584,-0.1,-0.1,-0.1,-0.1,-0.1,-0.1,1.175,0.287,-0.1,-0.1,1.418,0.689,-0.1,-0.1
1.205,0.48,-0.1,-0.1,-0.1,-0.1,-0.1,-0.1,1.579,0.914,-0.1,-0.1,-0.1,-0.1,-0.1,-0.1,1.173,0.586,-0.1,-0.1,-0.1,-0.1,-0.1,-0.1,1.175,0.286,-0.1,-0.1,1.419,0.688,-0.1,-0.1
1.229,0.465,-0.1,-0.1,-0.1,-0.1,-0.1,-0.1,1.58,0.914,-0.1,-0.1,-0.1,-0.1,-0.1,-0.1,1.173,0.585,-0.1,-0.1,-0.1,-0.1,-0.1,-0.1,1.174,0.287,-0.1,-0.1,1.419,0.689,-0.1,-0.1
1.252,0.455,-0.1,-0.1,-0.1,-0.1,-0.1,-0.1,1.58,0.913,-0.1,-0.1,-0.1,-0.1,-0.1,-0.1,1.173,0.585,-0.1,-0.1,-0.1,-0.1,-0.1,-0.1,1.175,0.286,-0.1,-0.1,1.418,0.688,-0.1,-0.1
1.275,0.443,-0.1,-0.1,-0.1,-0.1,-0.1,-0.1,1.58,0.913,-0.1,-0.1,-0.1,-0.1,-0.1,-0.1,1.173,0.585,-0.1,-0.1,-0.1,-0.1,-0.1,-0.1,1.175,0.287,-0.1,-0.1,1.419,0.688,-0.1,-0.1
1.298,0.431,-0.1,-0.1,-0.1,-0.1,-0.1,-0.1,1.58,0.911,-0.1,-0.1,-0.1,-0.1,-0.1,-0.1,1.173,0.585,-0.1,-0.1,-0.1,-0.1,-0.1,-0.1,1.175,0.286,-0.1,-0.1,1.418,0.689,-0.1,-0.1
1.319,0.421,-0.1,-0.1,-0.1,-0.1,-0.1,-0.1,1.579,0.912,-0.1,-0.1,-0.1,-0.1,-0.1,-0.1,1.173,0.585,-0.1,-0.1,-0.1,-0.1,-0.1,-0.1,1.174,0.287,-0.1,-0.1,1.419,0.688,-0.1,-0.1
1.342,0.41,-0.1,-0.1,-0.1,-0.1,-0.1,-0.1,1.579,0.911,-0.1,-0.1,-0.1,-0.1,-0.1,-0.1,1.173,0.584,-0.1,-0.1,-0.1,-0.1,-0.1,-0.1,1.175,0.287,-0.1,-0.1,1.418,0.688,-0.1,-0.1
1.365,0.398,-0.1,-0.1,-0.1,-0.1,-0.1,-0.1,1.578,0.911,-0.1,-0.1,-0.1,-0.1,-0.1,-0.1,1.173,0.586,-0.1,-0.1,-0.1,-0.1,-0.1,-0.1,1.174,0.286,-0.1,-0.1,1.418,0.689,-0.1,-0.1
1.384,0.387,-0.1,-0.1,-0.1,-0.1,-0.1,-0.1,1.58,0.913,-0.1,-0.1,-0.1,-0.1,-0.1,-0.1,1.173,0.585,-0.1,-0.1,-0.1,-0.1,-0.1,-0.1,1.176,0.286,-0.1,-0.1,1.418,0.688,-0.1,-0.1
1.409,0.372,-0.1,-0.1,-0.1,-0.1,-0.1,-0.1,1.582,0.913,-0.1,-0.1,-0.1,-0.1,-0.1,-0.1,1.173,0.585,-0.1,-0.1,-0.1,-0.1,-0.1,-0.1,1.175,0.287,-0.1,-0.1,1.419,0.689,-0.1,-0.1
1.429,0.362,-0.1,-0.1,-0.1,-0.1,-0.1,-0.1,1.58,0.914,-0.1,-0.1,-0.1,-0.1,-0.1,-0.1,1.173,0.585,-0.1,-0.1,-0.1,-0.1,-0.1,-0.1,1.175,0.287,-0.1,-0.1,1.418,0.689,-0.1,-0.1
1.451,0.353,-0.1,-0.1,-0.1,-0.1,-0.1,-0.1,1.579,0.911,-0.1,-0.1,-0.1,-0.1,-0.1,-0.1,1.173,0.585,-0.1,-0.1,-0.1,-0.1,-0.1,-0.1,1.174,0.286,-0.1,-0.1,1.419,0.688,-0.1,-0.1
1.474,0.343,-0.1,-0.1,-0.1,-0.1,-0.1,-0.1,1.579,0.914,-0.1,-0.1,-0.1,-0.1,-0.1,-0.1,1.173,0.585,-0.1,-0.1,-0.1,-0.1,-0.1,-0.1,1.176,0.287,-0.1,-0.1,1.418,0.689,-0.1,-0.1
1.497,0.33,-0.1,-0.1,-0.1,-0.1,-0.1,-0.1,1.58,0.913,-0.1,-0.1,-0.1,-0.1,-0.1,-0.1,1.173,0.585,-0.1,-0.1,-0.1,-0.1,-0.1,-0.1,1.175,0.286,-0.1,-0.1,1.419,0.688,-0.1,-0.1
1.518,0.32,-0.1,-0.1,-0.1,-0.1,-0.1,-0.1,1.58,0.914,-0.1,-0.1,-0.1,-0.1,-0.1,-0.1,1.174,0.585,-0.1,-0.1,-0.1,-0.1,-0.1,-0.1,1.175,0.286,-0.1,-0.1,1.418,0.689,-0.1,-0.1
1.54,0.31,-0.1,-0.1,-0.1,-0.1,-0.1,-0.1,1.58,0.913,-0.1,-0.1,-0.1,-0.1,-0.1,-0.1,1.172,0.585,-0.1,-0.1,-0.1,-0.1,-0.1,-0.1,1.174,0.287,-0.1,-0.1,1.418,0.688,-0.1,-0.1
1.561,0.296,-0.1,-0.1,-0.1,-0.1,-0.1,-0.1,1.58,0.914,-0.1,-0.1,-0.1,-0.1,-0.1,-0.1,1.173,0.585,-0.1,-0.1,-0.1,-0.1,-0.1,-0.1,1.175,0.287,-0.1,-0.1,1.419,0.688,-0.1,-0.1
1.577,0.287,-0.1,-0.1,-0.1,-0.1,-0.1,-0.1,1.58,0.913,-0.1,-0.1,-0.1,-0.1,-0.1,-0.1,1.173,0.585,-0.1,-0.1,-0.1,-0.1,-0.1,-0.1,1.174,0.286,-0.1,-0.1,1.418,0.689,-0.1,-0.1
1.599,0.277,-0.1,-0.1,-0.1,-0.1,-0.1,-0.1,1.583,0.913,-0.1,-0.1,-0.1,-0.1,-0.1,-0.1,1.172,0.585,-0.1,-0.1,-0.1,-0.1,-0.1,-0.1,1.174,0.287,-0.1,-0.1,1.418,0.688,-0.1,-0.1
1.622,0.265,-0.1,-0.1,-0.1,-0.1,-0.1,-0.1,1.582,0.913,-0.1,-0.1,-0.1,-0.1,-0.1,-0.1,1.172,0.584,-0.1,-0.1,-0.1,-0.1,-0.1,-0.1,1.175,0.287,-0.1,-0.1,1.419,0.689,-0.1,-0.1
1.645,0.255,-0.1,-0.1,-0.1,-0.1,-0.1,-0.1,1.58,0.913,-0.1,-0.1,-0.1,-0.1,-0.1,-0.1,1.173,0.585,-0.1,-0.1,-0.1,-0.1,-0.1,-0.1,1.174,0.286,-0.1,-0.1,1.418,0.689,-0.1,-0.1
1.667,0.244,-0.1,-0.1,-0.1,-0.1,-0.1,-0.1,1.581,0.914,-0.1,-0.1,-0.1,-0.1,-0.1,-0.1,1.173,0.585,-0.1,-0.1,-0.1,-0.1,-0.1,-0.1,1.175,0.287,-0.1,-0.1,1.419,0.688,-0.1,-0.1
1.687,0.234,-0.1,-0.1,-0.1,-0.1,-0.1,-0.1,1.581,0.913,-0.1,-0.1,-0.1,-0.1,-0.1,-0.1,1.173,0.585,-0.1,-0.1,-0.1,-0.1,-0.1,-0.1,1.174,0.286,-0.1,-0.1,1.419,0.689,-0.1,-0.1
1.708,0.222,-0.1,-0.1,-0.1,-0.1,-0.1,-0.1,1.582,0.913,-0.1,-0.1,-0.1,-0.1,-0.1,-0.1,1.173,0.585,-0.1,-0.1,-0.1,-0.1,-0.1,-0.1,1.175,0.286,-0.1,-0.1,1.418,0.688,-0.1,-0.1
1.732,0.208,-0.1,-0.1,-0.1,-0.1,-0.1,-0.1,1.581,0.912,-0.1,-0.1,-0.1,-0.1,-0.1,-0.1,1.172,0.584,-0.1,-0.1,-0.1,-0.1,-0.1,-0.1,1.175,0.287,-0.1,-0.1,1.418,0.689,-0.1,-0.1
1.749,0.2,-0.1,-0.1,-0.1,-0.1,-0.1,-0.1,1.582,0.913,-0.1,-0.1,-0.1,-0.1,-0.1,-0.1,1.173,0.585,-0.1,-0.1,-0.1,-0.1,-0.1,-0.1,1.174,0.287,-0.1,-0.1,1.418,0.689,-0.1,-0.1
1.767,0.191,-0.1,-0.1,-0.1,-0.1,-0.1,-0.1,1.581,0.912,-0.1,-0.1,-0.1,-0.1,-0.1,-0.1,1.173,0.585,-0.1,-0.1,-0.1,-0.1,-0.1,-0.1,1.175,0.287,-0.1,-0.1,1.418,0.688,-0.1,-0.1
1.793,0.18,-0.1,-0.1,-0.1,-0.1,-0.1,-0.1,1.58,0.912,-0.1,-0.1,-0.1,-0.1,-0.1,-0.1,1.173,0.585,-0.1,-0.1,-0.1,-0.1,-0.1,-0.1,1.174,0.287,-0.1,-0.1,1.419,0.689,-0.1,-0.1
1.813,0.172,-0.1,-0.1,-0.1,-0.1,-0.1,-0.1,1.581,0.913,-0.1,-0.1,-0.1,-0.1,-0.1,-0.1,1.173,0.585,-0.1,-0.1,-0.1,-0.1,-0.1,-0.1,1.175,0.286,-0.1,-0.1,1.419,0.689,-0.1,-0.1
1.831,0.162,-0.1,-0.1,-0.1,-0.1,-0.1,-0.1,1.58,0.913,-0.1,-0.1,-0.1,-0.1,-0.1,-0.1,1.173,0.585,-0.1,-0.1,-0.1,-0.1,-0.1,-0.1,1.175,0.287,-0.1,-0.1,1.418,0.689,-0.1,-0.1
1.853,0.151,-0.1,-0.1,-0.1,-0.1,-0.1,-0.1,1.581,0.914,-0.1,-0.1,-0.1,-0.1,-0.1,-0.1,1.173,0.585,-0.1,-0.1,-0.1,-0.1,-0.1,-0.1,1.174,0.286,-0.1,-0.1,1.418,0.688,-0.1,-0.1
1.875,0.134,-0.1,-0.1,-0.1,-0.1,-0.1,-0.1,1.58,0.915,-0.1,-0.1,-0.1,-0.1,-0.1,-0.1,1.173,0.585,-0.1,-0.1,-0.1,-0.1,-0.1,-0.1,1.175,0.287,-0.1,-0.1,1.419,0.688,-0.1,-0.1
1.897,0.123,-0.1,-0.1,-0.1,-0.1,-0.1,-0.1,1.58,0.914,-0.1,-0.1,-0.1,-0.1,-0.1,-0.1,1.172,0.584,-0.1,-0.1,-0.1,-0.1,-0.1,-0.1,1.175,0.287,-0.1,-0.1,1.418,0.689,-0.1,-0.1
1.907,0.118,-0.1,-0.1,-0.1,-0.1,-0.1,-0.1,1.581,0.913,-0.1,-0.1,-0.1,-0.1,-0.1,-0.1,1.173,0.585,-0.1,-0.1,-0.1,-0.1,-0.1,-0.1,1.174,0.286,-0.1,-0.1,1.419,0.688,-0.1,-0.1
1.912,0.108,-0.1,-0.1,-0.1,-0.1,-0.1,-0.1,1.582,0.915,-0.1,-0.1,-0.1,-0.1,-0.1,-0.1,1.173,0.585,-0.1,-0.1,-0.1,-0.1,-0.1,-0.1,1.175,0.287,-0.1,-0.1,1.419,0.689,-0.1,-0.1
1.897,0.101,-0.1,-0.1,-0.1,-0.1,-0.1,-0.1,1.579,0.911,-0.1,-0.1,-0.1,-0.1,-0.1,-0.1,1.173,0.585,-0.1,-0.1,-0.1,-0.1,-0.1,-0.1,1.175,0.287,-0.1,-0.1,1.418,0.688,-0.1,-0.1
1.887,0.094,-0.1,-0.1,-0.1,-0.1,-0.1,-0.1,1.582,0.914,-0.1,-0.1,-0.1,-0.1,-0.1,-0.1,1.173,0.585,-0.1,-0.1,-0.1,-0.1,-0.1,-0.1,1.175,0.286,-0.1,-0.1,1.418,0.689,-0.1,-0.1
1.878,0.088,-0.1,-0.1,-0.1,-0.1,-0.1,-0.1,1.578,0.911,-0.1,-0.1,-0.1,-0.1,-0.1,-0.1,1.173,0.585,-0.1,-0.1,-0.1,-0.1,-0.1,-0.1,1.175,0.287,-0.1,-0.1,1.419,0.688,-0.1,-0.1
1.86,0.082,-0.1,-0.1,-0.1,-0.1,-0.1,-0.1,1.581,0.913,-0.1,-0.1,-0.1,-0.1,-0.1,-0.1,1.173,0.585,-0.1,-0.1,-0.1,-0.1,-0.1,-0.1,1.174,0.286,-0.1,-0.1,1.418,0.689,-0.1,-0.1
1.851,0.076,-0.1,-0.1,-0.1,-0.1,-0.1,-0.1,1.581,0.914,-0.1,-0.1,-0.1,-0.1,-0.1,-0.1,1.173,0.586,-0.1,-0.1,-0.1,-0.1,-0.1,-0.1,1.175,0.287,-0.1,-0.1,1.418,0.688,-0.1,-0.1
1.845,0.067,-0.1,-0.1,-0.1,-0.1,-0.1,-0.1,1.58,0.914,-0.1,-0.1,-0.1,-0.1,-0.1,-0.1,1.174,0.585,-0.1,-0.1,-0.1,-0.1,-0.1,-0.1,1.175,0.287,-0.1,-0.1,1.418,0.689,-0.1,-0.1
1.829,0.059,-0.1,-0.1,-0.1,-0.1,-0.1,-0.1,1.581,0.913,-0.1,-0.1,-0.1,-0.1,-0.1,-0.1,1.172,0.585,-0.1,-0.1,-0.1,-0.1,-0.1,-0.1,1.174,0.286,-0.1,-0.1,1.419,0.688,-0.1,-0.1
1.824,0.051,-0.1,-0.1,-0.1,-0.1,-0.1,-0.1,1.578,0.913,-0.1,-0.1,-0.1,-0.1,-0.1,-0.1,1.173,0.585,-0.1,-0.1,-0.1,-0.1,-0.1,-0.1,1.175,0.287,-0.1,-0.1,1.418,0.688,-0.1,-0.1
1.808,0.047,-0.1,-0.1,-0.1,-0.1,-0.1,-0.1,1.58,0.914,-0.1,-0.1,-0.1,-0.1,-0.1,-0.1,1.173,0.585,-0.1,-0.1,-0.1,-0.1,-0.1,-0.1,1.175,0.287,-0.1,-0.1,1.418,0.689,-0.1,-0.1
1.79,0.045,-0.1,-0.1,-0.1,-0.1,-0.1,-0.1,1.58,0.914,-0.1,-0.1,-0.1,-0.1,-0.1,-0.1,1.174,0.585,-0.1,-0.1,-0.1,-0.1,-0.1,-0.1,1.175,0.286,-0.1,-0.1,1.419,0.688,-0.1,-0.1
1.791,0.033,-0.1,-0.1,-0.1,-0.1,-0.1,-0.1,1.58,0.913,-0.1,-0.1,-0.1,-0.1,-0.1,-0.1,1.172,0.585,-0.1,-0.1,-0.1,-0.1,-0.1,-0.1,1.175,0.287,-0.1,-0.1,1.419,0.689,-0.1,-0.1
1.779,0.031,-0.1,-0.1,-0.1,-0.1,-0.1,-0.1,1.581,0.913,-0.1,-0.1,-0.1,-0.1,-0.1,-0.1,1.173,0.585,-0.1,-0.1,-0.1,-0.1,-0.1,-0.1,1.175,0.287,-0.1,-0.1,1.418,0.688,-0.1,-0.1
1.774,0.034,-0.1,-0.1,-0.1,-0.1,-0.1,-0.1,1.58,0.914,-0.1,-0.1,-0.1,-0.1,-0.1,-0.1,1.174,0.585,-0.1,-0.1,-0.1,-0.1,-0.1,-0.1,1.174,0.286,-0.1,-0.1,1.419,0.688,-0.1,-0.1
1.763,0.037,-0.1,-0.1,-0.1,-0.1,-0.1,-0.1,1.58,0.913,-0.1,-0.1,-0.1,-0.1,-0.1,-0.1,1.172,0.584,-0.1,-0.1,-0.1,-0.1,-0.1,-0.1,1.175,0.286,-0.1,-0.1,1.418,0.689,-0.1,-0.1
1.745,0.047,-0.1,-0.1,-0.1,-0.1,-0.1,-0.1,1.58,0.914,-0.1,-0.1,-0.1,-0.1,-0.1,-0.1,1.173,0.585,-0.1,-0.1,-0.1,-0.1,-0.1,-0.1,1.174,0.287,-0.1,-0.1,1.418,0.688,-0.1,-0.1
1.739,0.048,-0.1,-0.1,-0.1,-0.1,-0.1,-0.1,1.581,0.913,-0.1,-0.1,-0.1,-0.1,-0.1,-0.1,1.173,0.584,-0.1,-0.1,-0.1,-0.1,-0.1,-0.1,1.175,0.287,-0.1,-0.1,1.419,0.689,-0.1,-0.1
1.733,0.051,-0.1,-0.1,-0.1,-0.1,-0.1,-0.1,1.581,0.912,-0.1,-0.1,-0.1,-0.1,-0.1,-0.1,1.173,0.584,-0.1,-0.1,-0.1,-0.1,-0.1,-0.1,1.174,0.287,-0.1,-0.1,1.418,0.688,-0.1,-0.1
1.729,0.052,-0.1,-0.1,-0.1,-0.1,-0.1,-0.1,1.58,0.913,-0.1,-0.1,-0.1,-0.1,-0.1,-0.1,1.173,0.584,-0.1,-0.1,-0.1,-0.1,-0.1,-0.1,1.175,0.287,-0.1,-0.1,1.418,0.689,-0.1,-0.1
1.72,0.053,-0.1,-0.1,-0.1,-0.1,-0.1,-0.1,1.581,0.912,-0.1,-0.1,-0.1,-0.1,-0.1,-0.1,1.171,0.585,-0.1,-0.1,-0.1,-0.1,-0.1,-0.1,1.175,0.287,-0.1,-0.1,1.418,0.688,-0.1,-0.1
1.714,0.057,-0.1,-0.1,-0.1,-0.1,-0.1,-0.1,1.581,0.914,-0.1,-0.1,-0.1,-0.1,-0.1,-0.1,1.173,0.584,-0.1,-0.1,-0.1,-0.1,-0.1,-0.1,1.175,0.287,-0.1,-0.1,1.419,0.689,-0.1,-0.1
1.706,0.061,-0.1,-0.1,-0.1,-0.1,-0.1,-0.1,1.581,0.912,-0.1,-0.1,-0.1,-0.1,-0.1,-0.1,1.173,0.585,-0.1,-0.1,-0.1,-0.1,-0.1,-0.1,1.174,0.286,-0.1,-0.1,1.419,0.688,-0.1,-0.1
1.686,0.07,-0.1,-0.1,-0.1,-0.1,-0.1,-0.1,1.581,0.914,-0.1,-0.1,-0.1,-0.1,-0.1,-0.1,1.173,0.585,-0.1,-0.1,-0.1,-0.1,-0.1,-0.1,1.175,0.287,-0.1,-0.1,1.418,0.689,-0.1,-0.1
1.69,0.069,-0.1,-0.1,-0.1,-0.1,-0.1,-0.1,1.581,0.913,-0.1,-0.1,-0.1,-0.1,-0.1,-0.1,1.173,0.584,-0.1,-0.1,-0.1,-0.1,-0.1,-0.1,1.175,0.287,-0.1,-0.1,1.418,0.688,-0.1,-0.1
1.674,0.077,-0.1,-0.1,-0.1,-0.1,-0.1,-0.1,1.581,0.913,-0.1,-0.1,-0.1,-0.1,-0.1,-0.1,1.173,0.586,-0.1,-0.1,-0.1,-0.1,-0.1,-0.1,1.175,0.286,-0.1,-0.1,1.419,0.689,-0.1,-0.1
1.674,0.073,-0.1,-0.1,-0.1,-0.1,-0.1,-0.1,1.582,0.913,-0.1,-0.1,-0.1,-0.1,-0.1,-0.1,1.173,0.584,-0.1,-0.1,-0.1,-0.1,-0.1,-0.1,1.175,0.287,-0.1,-0.1,1.418,0.689,-0.1,-0.1
1.662,0.08,-0.1,-0.1,-0.1,-0.1,-0.1,-0.1,1.58,0.913,-0.1,-0.1,-0.1,-0.1,-0.1,-0.1,1.173,0.585,-0.1,-0.1,-0.1,-0.1,-0.1,-0.1,1.175,0.287,-0.1,-0.1,1.419,0.688,-0.1,-0.1
1.649,0.087,-0.1,-0.1,-0.1,-0.1,-0.1,-0.1,1.581,0.913,-0.1,-0.1,-0.1,-0.1,-0.1,-0.1,1.173,0.585,-0.1,-0.1,-0.1,-0.1,-0.1,-0.1,1.174,0.286,-0.1,-0.1,1.418,0.688,-0.1,-0.1
1.644,0.087,-0.1,-0.1,-0.1,-0.1,-0.1,-0.1,1.582,0.913,-0.1,-0.1,-0.1,-0.1,-0.1,-0.1,1.173,0.584,-0.1,-0.1,-0.1,-0.1,-0.1,-0.1,1.175,0.287,-0.1,-0.1,1.418,0.689,-0.1,-0.1
1.637,0.091,-0.1,-0.1,-0.1,-0.1,-0.1,-0.1,1.578,0.912,-0.1,-0.1,-0.1,-0.1,-0.1,-0.1,1.173,0.585,-0.1,-0.1,-0.1,-0.1,-0.1,-0.1,1.175,0.288,-0.1,-0.1,1.419,0.688,-0.1,-0.1
1.63,0.095,-0.1,-0.1,-0.1,-0.1,-0.1,-0.1,1.577,0.912,-0.1,-0.1,-0.1,-0.1,-0.1,-0.1,1.174,0.585,-0.1,-0.1,-0.1,-0.1,-0.1,-0.1,1.174,0.287,-0.1,-0.1,1.418,0.689,-0.1,-0.1
1.624,0.096,-0.1,-0.1,-0.1,-0.1,-0.1,-0.1,1.581,0.913,-0.1,-0.1,-0.1,-0.1,-0.1,-0.1,1.173,0.585,-0.1,-0.1,-0.1,-0.1,-0.1,-0.1,1.175,0.287,-0.1,-0.1,1.418,0.688,-0.1,-0.1
1.616,0.1,-0.1,-0.1,-0.1,-0.1,-0.1,-0.1,1.577,0.912,-0.1,-0.1,-0.1,-0.1,-0.1,-0.1,1.173,0.584,-0.1,-0.1,-0.1,-0.1,-0.1,-0.1,1.174,0.287,-0.1,-0.1,1.419,0.689,-0.1,-0.1
1.606,0.105,-0.1,-0.1,-0.1,-0.1,-0.1,-0.1,1.581,0.915,-0.1,-0.1,-0.1,-0.1,-0.1,-0.1,1.173,0.585,-0.1,-0.1,-0.1,-0.1,-0.1,-0.1,1.174,0.286,-0.1,-0.1,1.418,0.688,-0.1,-0.1
1.601,0.105,-0.1,-0.1,-0.1,-0.1,-0.1,-0.1,1.579,0.914,-0.1,-0.1,-0.1,-0.1,-0.1,-0.1,1.173,0.585,-0.1,-0.1,-0.1,-0.1,-0.1,-0.1,1.175,0.287,-0.1,-0.1,1.419,0.689,-0.1,-0.1
1.594,0.109,-0.1,-0.1,-0.1,-0.1,-0.1,-0.1,1.579,0.915,-0.1,-0.1,-0.1,-0.1,-0.1,-0.1,1.174,0.585,-0.1,-0.1,-0.1,-0.1,-0.1,-0.1,1.175,0.287,-0.1,-0.1,1.418,0.688,-0.1,-0.1
1.587,0.112,-0.1,-0.1,-0.1,-0.1,-0.1,-0.1,1.581,0.914,-0.1,-0.1,-0.1,-0.1,-0.1,-0.1,1.173,0.585,-0.1,-0.1,-0.1,-0.1,-0.1,-0.1,1.175,0.287,-0.1,-0.1,1.418,0.689,-0.1,-0.1
1.575,0.118,-0.1,-0.1,-0.1,-0.1,-0.1,-0.1,1.579,0.912,-0.1,-0.1,-0.1,-0.1,-0.1,-0.1,1.173,0.585,-0.1,-0.1,-0.1,-0.1,-0.1,-0.1,1.174,0.287,-0.1,-0.1,1.418,0.688,-0.1,-0.1
1.576,0.118,-0.1,-0.1,-0.1,-0.1,-0.1,-0.1,1.581,0.914,-0.1,-0.1,-0.1,-0.1,-0.1,-0.1,1.173,0.584,-0.1,-0.1,-0.1,-0.1,-0.1,-0.1,1.174,0.286,-0.1,-0.1,1.418,0.689,-0.1,-0.1
1.563,0.125,-0.1,-0.1,-0.1,-0.1,-0.1,-0.1,1.58,0.914,-0.1,-0.1,-0.1,-0.1,-0.1,-0.1,1.173,0.586,-0.1,-0.1,-0.1,-0.1,-0.1,-0.1,1.175,0.287,-0.1,-0.1,1.419,0.689,-0.1,-0.1
1.555,0.126,-0.1,-0.1,-0.1,-0.1,-0.1,-0.1,1.581,0.913,-0.1,-0.1,-0.1,-0.1,-0.1,-0.1,1.173,0.585,-0.1,-0.1,-0.1,-0.1,-0.1,-0.1,1.175,0.287,-0.1,-0.1,1.419,0.689,-0.1,-0.1
1.551,0.128,-0.1,-0.1,-0.1,-0.1,-0.1,-0.1,1.581,0.914,-0.1,-0.1,-0.1,-0.1,-0.1,-0.1,1.173,0.585,-0.1,-0.1,-0.1,-0.1,-0.1,-0.1,1.174,0.287,-0.1,-0.1,1.419,0.688,-0.1,-0.1
1.548,0.129,-0.1,-0.1,-0.1,-0.1,-0.1,-0.1,1.581,0.914,-0.1,-0.1,-0.1,-0.1,-0.1,-0.1,1.173,0.586,-0.1,-0.1,-0.1,-0.1,-0.1,-0.1,1.176,0.286,-0.1,-0.1,1.418,0.688,-0.1,-0.1
1.537,0.134,-0.1,-0.1,-0.1,-0.1,-0.1,-0.1,1.581,0.914,-0.1,-0.1,-0.1,-0.1,-0.1,-0.1,1.173,0.585,-0.1,-0.1,-0.1,-0.1,-0.1,-0.1,1.175,0.288,-0.1,-0.1,1.418,0.689,-0.1,-0.1
1.533,0.139,-0.1,-0.1,-0.1,-0.1,-0.1,-0.1,1.58,0.912,-0.1,-0.1,-0.1,-0.1,-0.1,-0.1,1.173,0.584,-0.1,-0.1,-0.1,-0.1,-0.1,-0.1,1.174,0.287,-0.1,-0.1,1.418,0.688,-0.1,-0.1
1.525,0.14,-0.1,-0.1,-0.1,-0.1,-0.1,-0.1,1.581,0.914,-0.1,-0.1,-0.1,-0.1,-0.1,-0.1,1.173,0.585,-0.1,-0.1,-0.1,-0.1,-0.1,-0.1,1.175,0.288,-0.1,-0.1,1.419,0.689,-0.1,-0.1
1.522,0.142,-0.1,-0.1,-0.1,-0.1,-0.1,-0.1,1.58,0.915,-0.1,-0.1,-0.1,-0.1,-0.1,-0.1,1.174,0.585,-0.1,-0.1,-0.1,-0.1,-0.1,-0.1,1.175,0.287,-0.1,-0.1,1.419,0.689,-0.1,-0.1
1.512,0.146,-0.1,-0.1,-0.1,-0.1,-0.1,-0.1,1.581,0.913,-0.1,-0.1,-0.1,-0.1,-0.1,-0.1,1.172,0.585,-0.1,-0.1,-0.1,-0.1,-0.1,-0.1,1.175,0.287,-0.1,-0.1,1.419,0.688,-0.1,-0.1
1.509,0.147,-0.1,-0.1,-0.1,-0.1,-0.1,-0.1,1.58,0.913,-0.1,-0.1,-0.1,-0.1,-0.1,-0.1,1.173,0.585,-0.1,-0.1,-0.1,-0.1,-0.1,-0.1,1.174,0.287,-0.1,-0.1,1.419,0.688,-0.1,-0.1
1.499,0.153,-0.1,-0.1,-0.1,-0.1,-0.1,-0.1,1.581,0.913,-0.1,-0.1,-0.1,-0.1,-0.1,-0.1,1.173,0.584,-0.1,-0.1,-0.1,-0.1,-0.1,-0.1,1.175,0.287,-0.1,-0.1,1.418,0.689,-0.1,-0.1
1.491,0.155,-0.1,-0.1,-0.1,-0.1,-0.1,-0.1,1.579,0.913,-0.1,-0.1,-0.1,-0.1,-0.1,-0.1,1.172,0.584,-0.1,-0.1,-0.1,-0.1,-0.1,-0.1,1.175,0.286,-0.1,-0.1,1.419,0.688,-0.1,-0.1
1.492,0.155,-0.1,-0.1,-0.1,-0.1,-0.1,-0.1,1.58,0.915,-0.1,-0.1,-0.1,-0.1,-0.1,-0.1,1.173,0.586,-0.1,-0.1,-0.1,-0.1,-0.1,-0.1,1.174,0.287,-0.1,-0.1,1.419,0.689,-0.1,-0.1
1.483,0.16,-0.1,-0.1,-0.1,-0.1,-0.1,-0.1,1.58,0.914,-0.1,-0.1,-0.1,-0.1,-0.1,-0.1,1.173,0.585,-0.1,-0.1,-0.1,-0.1,-0.1,-0.1,1.175,0.287,-0.1,-0.1,1.418,0.688,-0.1,-0.1
1.474,0.165,-0.1,-0.1,-0.1,-0.1,-0.1,-0.1,1.58,0.913,-0.1,-0.1,-0.1,-0.1,-0.1,-0.1,1.174,0.585,-0.1,-0.1,-0.1,-0.1,-0.1,-0.1,1.175,0.286,-0.1,-0.1,1.418,0.689,-0.1,-0.1
1.469,0.166,-0.1,-0.1,-0.1,-0.1,-0.1,-0.1,1.58,0.914,-0.1,-0.1,-0.1,-0.1,-0.1,-0.1,1.172,0.585,-0.1,-0.1,-0.1,-0.1,-0.1,-0.1,1.174,0.287,-0.1,-0.1,1.419,0.689,-0.1,-0.1
1.465,0.168,-0.1,-0.1,-0.1,-0.1,-0.1,-0.1,1.583,0.913,-0.1,-0.1,-0.1,-0.1,-0.1,-0.1,1.173,0.584,-0.1,-0.1,-0.1,-0.1,-0.1,-0.1,1.175,0.287,-0.1,-0.1,1.419,0.688,-0.1,-0.1
1.458,0.172,-0.1,-0.1,-0.1,-0.1,-0.1,-0.1,1.58,0.914,-0.1,-0.1,-0.1,-0.1,-0.1,-0.1,1.173,0.585,-0.1,-0.1,-0.1,-0.1,-0.1,-0.1,1.175,0.286,-0.1,-0.1,1.418,0.689,-0.1,-0.1
1.454,0.173,-0.1,-0.1,-0.1,-0.1,-0.1,-0.1,1.581,0.915,-0.1,-0.1,-0.1,-0.1,-0.1,-0.1,1.174,0.585,-0.1,-0.1,-0.1,-0.1,-0.1,-0.1,1.175,0.287,-0.1,-0.1,1.419,0.688,-0.1,-0.1
1.445,0.177,-0.1,-0.1,-0.1,-0.1,-0.1,-0.1,1.582,0.914,-0.1,-0.1,-0.1,-0.1,-0.1,-0.1,1.173,0.585,-0.1,-0.1,-0.1,-0.1,-0.1,-0.1,1.175,0.287,-0.1,-0.1,1.42,0.689,-0.1,-0.1
1.444,0.179,-0.1,-0.1,-0.1,-0.1,-0.1,-0.1,1.581,0.915,-0.1,-0.1,-0.1,-0.1,-0.1,-0.1,1.173,0.585,-0.1,-0.1,-0.1,-0.1,-0.1,-0.1,1.175,0.287,-0.1,-0.1,1.418,0.688,-0.1,-0.1
1.435,0.182,-0.1,-0.1,-0.1,-0.1,-0.1,-0.1,1.581,0.913,-0.1,-0.1,-0.1,-0.1,-0.1,-0.1,1.173,0.585,-0.1,-0.1,-0.1,-0.1,-0.1,-0.1,1.175,0.286,-0.1,-0.1,1.419,0.689,-0.1,-0.1
1.434,0.182,-0.1,-0.1,-0.1,-0.1,-0.1,-0.1,1.58,0.913,-0.1,-0.1,-0.1,-0.1,-0.1,-0.1,1.173,0.585,-0.1,-0.1,-0.1,-0.1,-0.1,-0.1,1.174,0.287,-0.1,-0.1,1.418,0.688,-0.1,-0.1
1.426,0.188,-0.1,-0.1,-0.1,-0.1,-0.1,-0.1,1.581,0.912,-0.1,-0.1,-0.1,-0.1,-0.1,-0.1,1.173,0.585,-0.1,-0.1,-0.1,-0.1,-0.1,-0.1,1.176,0.286,-0.1,-0.1,1.418,0.689,-0.1,-0.1
1.42,0.19,-0.1,-0.1,-0.1,-0.1,-0.1,-0.1,1.58,0.913,-0.1,-0.1,-0.1,-0.1,-0.1,-0.1,1.173,0.585,-0.1,-0.1,-0.1,-0.1,-0.1,-0.1,1.175,0.287,-0.1,-0.1,1.419,0.688,-0.1,-0.1
1.417,0.191,-0.1,-0.1,-0.1,-0.1,-0.1,-0.1,1.581,0.913,-0.1,-0.1,-0.1,-0.1,-0.1,-0.1,1.173,0.585,-0.1,-0.1,-0.1,-0.1,-0.1,-0.1,1.175,0.287,-0.1,-0.1,1.419,0.689,-0.1,-0.1
1.412,0.195,-0.1,-0.1,-0.1,-0.1,-0.1,-0.1,1.58,0.914,-0.1,-0.1,-0.1,-0.1,-0.1,-0.1,1.173,0.585,-0.1,-0.1,-0.1,-0.1,-0.1,-0.1,1.175,0.287,-0.1,-0.1,1.419,0.689,-0.1,-0.1
1.405,0.198,-0.1,-0.1,-0.1,-0.1,-0.1,-0.1,1.58,0.911,-0.1,-0.1,-0.1,-0.1,-0.1,-0.1,1.173,0.585,-0.1,-0.1,-0.1,-0.1,-0.1,-0.1,1.174,0.287,-0.1,-0.1,1.418,0.688,-0.1,-0.1
1.401,0.199,-0.1,-0.1,-0.1,-0.1,-0.1,-0.1,1.581,0.914,-0.1,-0.1,-0.1,-0.1,-0.1,-0.1,1.174,0.585,-0.1,-0.1,-0.1,-0.1,-0.1,-0.1,1.175,0.287,-0.1,-0.1,1.419,0.689,-0.1,-0.1
1.395,0.204,-0.1,-0.1,-0.1,-0.1,-0.1,-0.1,1.581,0.914,-0.1,-0.1,-0.1,-0.1,-0.1,-0.1,1.172,0.585,-0.1,-0.1,-0.1,-0.1,-0.1,-0.1,1.175,0.286,-0.1,-0.1,1.42,0.689,-0.1,-0.1
1.392,0.205,-0.1,-0.1,-0.1,-0.1,-0.1,-0.1,1.581,0.913,-0.1,-0.1,-0.1,-0.1,-0.1,-0.1,1.173,0.585,-0.1,-0.1,-0.1,-0.1,-0.1,-0.1,1.175,0.287,-0.1,-0.1,1.417,0.689,-0.1,-0.1
1.385,0.208,-0.1,-0.1,-0.1,-0.1,-0.1,-0.1,1.581,0.913,-0.1,-0.1,-0.1,-0.1,-0.1,-0.1,1.173,0.584,-0.1,-0.1,-0.1,-0.1,-0.1,-0.1,1.175,0.287,-0.1,-0.1,1.417,0.688,-0.1,-0.1
1.383,0.21,-0.1,-0.1,-0.1,-0.1,-0.1,-0.1,1.583,0.914,-0.1,-0.1,-0.1,-0.1,-0.1,-0.1,1.173,0.585,-0.1,-0.1,-0.1,-0.1,-0.1,-0.1,1.174,0.287,-0.1,-0.1,1.418,0.688,-0.1,-0.1
1.378,0.211,-0.1,-0.1,-0.1,-0.1,-0.1,-0.1,1.579,0.911,-0.1,-0.1,-0.1,-0.1,-0.1,-0.1,1.173,0.585,-0.1,-0.1,-0.1,-0.1,-0.1,-0.1,1.175,0.287,-0.1,-0.1,1.418,0.689,-0.1,-0.1
1.374,0.215,-0.1,-0.1,-0.1,-0.1,-0.1,-0.1,1.58,0.914,-0.1,-0.1,-0.1,-0.1,-0.1,-0.1,1.173,0.585,-0.1,-0.1,-0.1,-0.1,-0.1,-0.1,1.175,0.286,-0.1,-0.1,1.418,0.689,-0.1,-0.1
1.366,0.216,-0.1,-0.1,-0.1,-0.1,-0.1,-0.1,1.583,0.913,-0.1,-0.1,-0.1,-0.1,-0.1,-0.1,1.173,0.585,-0.1,-0.1,-0.1,-0.1,-0.1,-0.1,1.174,0.287,-0.1,-0.1,1.419,0.688,-0.1,-0.1
1.365,0.219,-0.1,-0.1,-0.1,-0.1,-0.1,-0.1,1.582,0.914,-0.1,-0.1,-0.1,-0.1,-0.1,-0.1,1.173,0.585,-0.1,-0.1,-0.1,-0.1,-0.1,-0.1,1.175,0.288,-0.1,-0.1,1.418,0.689,-0.1,-0.1
1.36,0.219,-0.1,-0.1,-0.1,-0.1,-0.1,-0.1,1.581,0.914,-0.1,-0.1,-0.1,-0.1,-0.1,-0.1,1.173,0.585,-0.1,-0.1,-0.1,-0.1,-0.1,-0.1,1.175,0.287,-0.1,-0.1,1.419,0.689,-0.1,-0.1
1.354,0.224,-0.1,-0.1,-0.1,-0.1,-0.1,-0.1,1.581,0.913,-0.1,-0.1,-0.1,-0.1,-0.1,-0.1,1.174,0.585,-0.1,-0.1,-0.1,-0.1,-0.1,-0.1,1.175,0.287,-0.1,-0.1,1.419,0.688,-0.1,-0.1
1.351,0.225,-0.1,-0.1,-0.1,-0.1,-0.1,-0.1,1.581,0.913,-0.1,-0.1,-0.1,-0.1,-0.1,-0.1,1.173,0.584,-0.1,-0.1,-0.1,-0.1,-0.1,-0.1,1.175,0.287,-0.1,-0.1,1.419,0.689,-0.1,-0.1
1.348,0.225,-0.1,-0.1,-0.1,-0.1,-0.1,-0.1,1.582,0.913,-0.1,-0.1,-0.1,-0.1,-0.1,-0.1,1.173,0.586,-0.1,-0.1,-0.1,-0.1,-0.1,-0.1,1.174,0.287,-0.1,-0.1,1.42,0.689,-0.1,-0.1
1.343,0.228,-0.1,-0.1,-0.1,-0.1,-0.1,-0.1,1.58,0.913,-0.1,-0.1,-0.1,-0.1,-0.1,-0.1,1.173,0.585,-0.1,-0.1,-0.1,-0.1,-0.1,-0.1,1.175,0.287,-0.1,-0.1,1.419,0.688,-0.1,-0.1
1.34,0.232,-0.1,-0.1,-0.1,-0.1,-0.1,-0.1,1.582,0.913,-0.1,-0.1,-0.1,-0.1,-0.1,-0.1,1.173,0.585,-0.1,-0.1,-0.1,-0.1,-0.1,-0.1,1.174,0.287,-0.1,-0.1,1.418,0.689,-0.1,-0.1
1.336,0.232,-0.1,-0.1,-0.1,-0.1,-0.1,-0.1,1.583,0.913,-0.1,-0.1,-0.1,-0.1,-0.1,-0.1,1.174,0.585,-0.1,-0.1,-0.1,-0.1,-0.1,-0.1,1.175,0.287,-0.1,-0.1,1.418,0.688,-0.1,-0.1
1.331,0.236,-0.1,-0.1,-0.1,-0.1,-0.1,-0.1,1.581,0.912,-0.1,-0.1,-0.1,-0.1,-0.1,-0.1,1.173,0.585,-0.1,-0.1,-0.1,-0.1,-0.1,-0.1,1.175,0.286,-0.1,-0.1,1.419,0.688,-0.1,-0.1
1.327,0.238,-0.1,-0.1,-0.1,-0.1,-0.1,-0.1,1.579,0.912,-0.1,-0.1,-0.1,-0.1,-0.1,-0.1,1.173,0.585,-0.1,-0.1,-0.1,-0.1,-0.1,-0.1,1.174,0.287,-0.1,-0.1,1.418,0.689,-0.1,-0.1
1.322,0.239,-0.1,-0.1,-0.1,-0.1,-0.1,-0.1,1.58,0.914,-0.1,-0.1,-0.1,-0.1,-0.1,-0.1,1.174,0.585,-0.1,-0.1,-0.1,-0.1,-0.1,-0.1,1.175,0.287,-0.1,-0.1,1.419,0.688,-0.1,-0.1
1.319,0.24,-0.1,-0.1,-0.1,-0.1,-0.1,-0.1,1.583,0.913,-0.1,-0.1,-0.1,-0.1,-0.1,-0.1,1.173,0.585,-0.1,-0.1,-0.1,-0.1,-0.1,-0.1,1.175,0.286,-0.1,-0.1,1.418,0.689,-0.1,-0.1
1.315,0.243,-0.1,-0.1,-0.1,-0.1,-0.1,-0.1,1.58,0.913,-0.1,-0.1,-0.1,-0.1,-0.1,-0.1,1.173,0.586,-0.1,-0.1,-0.1,-0.1,-0.1,-0.1,1.175,0.287,-0.1,-0.1,1.419,0.689,-0.1,-0.1
1.313,0.245,-0.1,-0.1,-0.1,-0.1,-0.1,-0.1,1.581,0.914,-0.1,-0.1,-0.1,-0.1,-0.1,-0.1,1.174,0.585,-0.1,-0.1,-0.1,-0.1,-0.1,-0.1,1.175,0.287,-0.1,-0.1,1.419,0.688,-0.1,-0.1
1.31,0.246,-0.1,-0.1,-0.1,-0.1,-0.1,-0.1,1.579,0.913,-0.1,-0.1,-0.1,-0.1,-0.1,-0.1,1.173,0.585,-0.1,-0.1,-0.1,-0.1,-0.1,-0.1,1.174,0.287,-0.1,-0.1,1.418,0.689,-0.1,-0.1
1.303,0.249,-0.1,-0.1,-0.1,-0.1,-0.1,-0.1,1.581,0.912,-0.1,-0.1,-0.1,-0.1,-0.1,-0.1,1.173,0.585,-0.1,-0.1,-0.1,-0.1,-0.1,-0.1,1.174,0.287,-0.1,-0.1,1.419,0.689,-0.1,-0.1
1.302,0.25,-0.1,-0.1,-0.1,-0.1,-0.1,-0.1,1.581,0.911,-0.1,-0.1,-0.1,-0.1,-0.1,-0.1,1.173,0.585,-0.1,-0.1,-0.1,-0.1,-0.1,-0.1,1.175,0.286,-0.1,-0.1,1.418,0.688,-0.1,-0.1
1.302,0.25,-0.1,-0.1,-0.1,-0.1,-0.1,-0.1,1.581,0.912,-0.1,-0.1,-0.1,-0.1,-0.1,-0.1,1.173,0.585,-0.1,-0.1,-0.1,-0.1,-0.1,-0.1,1.174,0.287,-0.1,-0.1,1.418,0.689,-0.1,-0.1
1.298,0.253,-0.1,-0.1,-0.1,-0.1,-0.1,-0.1,1.582,0.911,-0.1,-0.1,-0.1,-0.1,-0.1,-0.1,1.173,0.585,-0.1,-0.1,-0.1,-0.1,-0.1,-0.1,1.175,0.288,-0.1,-0.1,1.418,0.689,-0.1,-0.1
1.29,0.257,-0.1,-0.1,-0.1,-0.1,-0.1,-0.1,1.581,0.914,-0.1,-0.1,-0.1,-0.1,-0.1,-0.1,1.173,0.585,-0.1,-0.1,-0.1,-0.1,-0.1,-0.1,1.175,0.287,-0.1,-0.1,1.419,0.688,-0.1,-0.1
1.287,0.258,-0.1,-0.1,-0.1,-0.1,-0.1,-0.1,1.582,0.914,-0.1,-0.1,-0.1,-0.1,-0.1,-0.1,1.174,0.585,-0.1,-0.1,-0.1,-0.1,-0.1,-0.1,1.175,0.287,-0.1,-0.1,1.419,0.689,-0.1,-0.1
1.283,0.259,-0.1,-0.1,-0.1,-0.1,-0.1,-0.1,1.581,0.914,-0.1,-0.1,-0.1,-0.1,-0.1,-0.1,1.173,0.585,-0.1,-0.1,-0.1,-0.1,-0.1,-0.1,1.175,0.286,-0.1,-0.1,1.418,0.688,-0.1,-0.1
1.279,0.262,-0.1,-0.1,-0.1,-0.1,-0.1,-0.1,1.58,0.914,-0.1,-0.1,-0.1,-0.1,-0.1,-0.1,1.173,0.585,-0.1,-0.1,-0.1,-0.1,-0.1,-0.1,1.175,0.287,-0.1,-0.1,1.419,0.689,-0.1,-0.1
1.276,0.263,-0.1,-0.1,-0.1,-0.1,-0.1,-0.1,1.579,0.91,-0.1,-0.1,-0.1,-0.1,-0.1,-0.1,1.173,0.585,-0.1,-0.1,-0.1,-0.1,-0.1,-0.1,1.174,0.287,-0.1,-0.1,1.418,0.688,-0.1,-0.1
1.274,0.264,-0.1,-0.1,-0.1,-0.1,-0.1,-0.1,1.581,0.914,-0.1,-0.1,-0.1,-0.1,-0.1,-0.1,1.173,0.585,-0.1,-0.1,-0.1,-0.1,-0.1,-0.1,1.175,0.287,-0.1,-0.1,1.418,0.689,-0.1,-0.1
1.27,0.265,-0.1,-0.1,-0.1,-0.1,-0.1,-0.1,1.581,0.914,-0.1,-0.1,-0.1,-0.1,-0.1,-0.1,1.173,0.585,-0.1,-0.1,-0.1,-0.1,-0.1,-0.1,1.174,0.287,-0.1,-0.1,1.419,0.688,-0.1,-0.1
1.267,0.268,-0.1,-0.1,-0.1,-0.1,-0.1,-0.1,1.581,0.913,-0.1,-0.1,-0.1,-0.1,-0.1,-0.1,1.173,0.585,-0.1,-0.1,-0.1,-0.1,-0.1,-0.1,1.174,0.287,-0.1,-0.1,1.418,0.689,-0.1,-0.1
1.265,0.268,-0.1,-0.1,-0.1,-0.1,-0.1,-0.1,1.582,0.914,-0.1,-0.1,-0.1,-0.1,-0.1,-0.1,1.173,0.585,-0.1,-0.1,-0.1,-0.1,-0.1,-0.1,1.174,0.287,-0.1,-0.1,1.419,0.689,-0.1,-0.1
1.261,0.272,-0.1,-0.1,-0.1,-0.1,-0.1,-0.1,1.581,0.913,-0.1,-0.1,-0.1,-0.1,-0.1,-0.1,1.174,0.585,-0.1,-0.1,-0.1,-0.1,-0.1,-0.1,1.175,0.287,-0.1,-0.1,1.419,0.689,-0.1,-0.1
1.259,0.273,-0.1,-0.1,-0.1,-0.1,-0.1,-0.1,1.581,0.914,-0.1,-0.1,-0.1,-0.1,-0.1,-0.1,1.172,0.585,-0.1,-0.1,-0.1,-0.1,-0.1,-0.1,1.175,0.287,-0.1,-0.1,1.418,0.689,-0.1,-0.1
1.255,0.273,-0.1,-0.1,-0.1,-0.1,-0.1,-0.1,1.582,0.911,-0.1,-0.1,-0.1,-0.1,-0.1,-0.1,1.173,0.584,-0.1,-0.1,-0.1,-0.1,-0.1,-0.1,1.174,0.286,-0.1,-0.1,1.418,0.688,-0.1,-0.1
1.254,0.277,-0.1,-0.1,-0.1,-0.1,-0.1,-0.1,1.579,0.915,-0.1,-0.1,-0.1,-0.1,-0.1,-0.1,1.173,0.585,-0.1,-0.1,-0.1,-0.1,-0.1,-0.1,1.175,0.287,-0.1,-0.1,1.419,0.689,-0.1,-0.1
1.251,0.277,-0.1,-0.1,-0.1,-0.1,-0.1,-0.1,1.579,0.911,-0.1,-0.1,-0.1,-0.1,-0.1,-0.1,1.174,0.585,-0.1,-0.1,-0.1,-0.1,-0.1,-0.1,1.174,0.287,-0.1,-0.1,1.418,0.689,-0.1,-0.1
1.246,0.278,-0.1,-0.1,-0.1,-0.1,-0.1,-0.1,1.58,0.911,-0.1,-0.1,-0.1,-0.1,-0.1,-0.1,1.172,0.584,-0.1,-0.1,-0.1,-0.1,-0.1,-0.1,1.175,0.286,-0.1,-0.1,1.419,0.688,-0.1,-0.1
1.246,0.279,-0.1,-0.1,-0.1,-0.1,-0.1,-0.1,1.584,0.914,-0.1,-0.1,-0.1,-0.1,-0.1,-0.1,1.174,0.585,-0.1,-0.1,-0.1,-0.1,-0.1,-0.1,1.175,0.288,-0.1,-0.1,1.419,0.689,-0.1,-0.1
1.242,0.28,-0.1,-0.1,-0.1,-0.1,-0.1,-0.1,1.582,0.914,-0.1,-0.1,-0.1,-0.1,-0.1,-0.1,1.173,0.585,-0.1,-0.1,-0.1,-0.1,-0.1,-0.1,1.175,0.287,-0.1,-0.1,1.418,0.689,-0.1,-0.1
1.241,0.281,-0.1,-0.1,-0.1,-0.1,-0.1,-0.1,1.582,0.914,-0.1,-0.1,-0.1,-0.1,-0.1,-0.1,1.172,0.584,-0.1,-0.1,-0.1,-0.1,-0.1,-0.1,1.174,0.287,-0.1,-0.1,1.418,0.689,-0.1,-0.1
1.238,0.283,-0.1,-0.1,-0.1,-0.1,-0.1,-0.1,1.581,0.914,-0.1,-0.1,-0.1,-0.1,-0.1,-0.1,1.173,0.585,-0.1,-0.1,-0.1,-0.1,-0.1,-0.1,1.175,0.287,-0.1,-0.1,1.419,0.688,-0.1,-0.1
1.233,0.285,-0.1,-0.1,-0.1,-0.1,-0.1,-0.1,1.582,0.913,-0.1,-0.1,-0.1,-0.1,-0.1,-0.1,1.173,0.584,-0.1,-0.1,-0.1,-0.1,-0.1,-0.1,1.174,0.286,-0.1,-0.1,1.418,0.689,-0.1,-0.1
1.233,0.285,-0.1,-0.1,-0.1,-0.1,-0.1,-0.1,1.582,0.915,-0.1,-0.1,-0.1,-0.1,-0.1,-0.1,1.173,0.584,-0.1,-0.1,-0.1,-0.1,-0.1,-0.1,1.175,0.287,-0.1,-0.1,1.419,0.688,-0.1,-0.1
1.231,0.287,-0.1,-0.1,-0.1,-0.1,-0.1,-0.1,1.583,0.915,-0.1,-0.1,-0.1,-0.1,-0.1,-0.1,1.173,0.585,-0.1,-0.1,-0.1,-0.1,-0.1,-0.1,1.174,0.287,-0.1,-0.1,1.418,0.689,-0.1,-0.1
1.229,0.286,-0.1,-0.1,-0.1,-0.1,-0.1,-0.1,1.582,0.915,-0.1,-0.1,-0.1,-0.1,-0.1,-0.1,1.173,0.585,-0.1,-0.1,-0.1,-0.1,-0.1,-0.1,1.174,0.287,-0.1,-0.1,1.419,0.689,-0.1,-0.1
1.229,0.289,-0.1,-0.1,-0.1,-0.1,-0.1,-0.1,1.582,0.915,-0.1,-0.1,-0.1,-0.1,-0.1,-0.1,1.174,0.585,-0.1,-0.1,-0.1,-0.1,-0.1,-0.1,1.174,0.287,-0.1,-0.1,1.419,0.688,-0.1,-0.1
1.229,0.289,-0.1,-0.1,-0.1,-0.1,-0.1,-0.1,1.582,0.913,-0.1,-0.1,-0.1,-0.1,-0.1,-0.1,1.173,0.585,-0.1,-0.1,-0.1,-0.1,-0.1,-0.1,1.172,0.286,-0.1,-0.1,1.418,0.689,-0.1,-0.1
1.23,0.289,-0.1,-0.1,-0.1,-0.1,-0.1,-0.1,1.583,0.914,-0.1,-0.1,-0.1,-0.1,-0.1,-0.1,1.173,0.585,-0.1,-0.1,-0.1,-0.1,-0.1,-0.1,1.172,0.287,-0.1,-0.1,1.418,0.689,-0.1,-0.1
1.23,0.289,-0.1,-0.1,-0.1,-0.1,-0.1,-0.1,1.582,0.912,-0.1,-0.1,-0.1,-0.1,-0.1,-0.1,1.173,0.585,-0.1,-0.1,-0.1,-0.1,-0.1,-0.1,1.17,0.287,-0.1,-0.1,1.419,0.689,-0.1,-0.1
1.229,0.29,-0.1,-0.1,-0.1,-0.1,-0.1,-0.1,1.581,0.913,-0.1,-0.1,-0.1,-0.1,-0.1,-0.1,1.174,0.586,-0.1,-0.1,-0.1,-0.1,-0.1,-0.1,1.17,0.287,-0.1,-0.1,1.418,0.688,-0.1,-0.1
1.228,0.291,-0.1,-0.1,-0.1,-0.1,-0.1,-0.1,1.582,0.915,-0.1,-0.1,-0.1,-0.1,-0.1,-0.1,1.173,0.584,-0.1,-0.1,-0.1,-0.1,-0.1,-0.1,1.167,0.287,-0.1,-0.1,1.419,0.689,-0.1,-0.1
1.227,0.291,-0.1,-0.1,-0.1,-0.1,-0.1,-0.1,1.584,0.915,-0.1,-0.1,-0.1,-0.1,-0.1,-0.1,1.174,0.584,-0.1,-0.1,-0.1,-0.1,-0.1,-0.1,1.168,0.286,-0.1,-0.1,1.418,0.688,-0.1,-0.1
1.227,0.291,-0.1,-0.1,-0.1,-0.1,-0.1,-0.1,1.58,0.912,-0.1,-0.1,-0.1,-0.1,-0.1,-0.1,1.173,0.585,-0.1,-0.1,-0.1,-0.1,-0.1,-0.1,1.168,0.286,-0.1,-0.1,1.418,0.689,-0.1,-0.1
1.226,0.293,-0.1,-0.1,-0.1,-0.1,-0.1,-0.1,1.583,0.914,-0.1,-0.1,-0.1,-0.1,-0.1,-0.1,1.173,0.584,-0.1,-0.1,-0.1,-0.1,-0.1,-0.1,1.168,0.286,-0.1,-0.1,1.419,0.688,-0.1,-0.1
1.226,0.293,-0.1,-0.1,-0.1,-0.1,-0.1,-0.1,1.582,0.914,-0.1,-0.1,-0.1,-0.1,-0.1,-0.1,1.174,0.585,-0.1,-0.1,-0.1,-0.1,-0.1,-0.1,1.167,0.286,-0.1,-0.1,1.419,0.689,-0.1,-0.1
1.226,0.291,-0.1,-0.1,-0.1,-0.1,-0.1,-0.1,1.582,0.914,-0.1,-0.1,-0.1,-0.1,-0.1,-0.1,1.173,0.585,-0.1,-0.1,-0.1,-0.1,-0.1,-0.1,1.167,0.287,-0.1,-0.1,1.418,0.689,-0.1,-0.1
1.225,0.294,-0.1,-0.1,-0.1,-0.1,-0.1,-0.1,1.582,0.914,-0.1,-0.1,-0.1,-0.1,-0.1,-0.1,1.173,0.585,-0.1,-0.1,-0.1,-0.1,-0.1,-0.1,1.169,0.285,-0.1,-0.1,1.419,0.689,-0.1,-0.1
1.226,0.293,-0.1,-0.1,-0.1,-0.1,-0.1,-0.1,1.583,0.914,-0.1,-0.1,-0.1,-0.1,-0.1,-0.1,1.173,0.585,-0.1,-0.1,-0.1,-0.1,-0.1,-0.1,1.168,0.286,-0.1,-0.1,1.419,0.689,-0.1,-0.1
1.225,0.293,-0.1,-0.1,-0.1,-0.1,-0.1,-0.1,1.582,0.914,-0.1,-0.1,-0.1,-0.1,-0.1,-0.1,1.173,0.585,-0.1,-0.1,-0.1,-0.1,-0.1,-0.1,1.168,0.286,-0.1,-0.1,1.419,0.688,-0.1,-0.1
1.225,0.294,-0.1,-0.1,-0.1,-0.1,-0.1,-0.1,1.583,0.914,-0.1,-0.1,-0.1,-0.1,-0.1,-0.1,1.173,0.585,-0.1,-0.1,-0.1,-0.1,-0.1,-0.1,1.169,0.285,-0.1,-0.1,1.418,0.689,-0.1,-0.1
1.226,0.294,-0.1,-0.1,-0.1,-0.1,-0.1,-0.1,1.58,0.913,-0.1,-0.1,-0.1,-0.1,-0.1,-0.1,1.173,0.585,-0.1,-0.1,-0.1,-0.1,-0.1,-0.1,1.17,0.286,-0.1,-0.1,1.418,0.689,-0.1,-0.1
1.226,0.291,-0.1,-0.1,-0.1,-0.1,-0.1,-0.1,1.581,0.914,-0.1,-0.1,-0.1,-0.1,-0.1,-0.1,1.174,0.585,-0.1,-0.1,-0.1,-0.1,-0.1,-0.1,1.17,0.285,-0.1,-0.1,1.419,0.689,-0.1,-0.1
1.225,0.293,-0.1,-0.1,-0.1,-0.1,-0.1,-0.1,1.578,0.911,-0.1,-0.1,-0.1,-0.1,-0.1,-0.1,1.172,0.584,-0.1,-0.1,-0.1,-0.1,-0.1,-0.1,1.171,0.284,-0.1,-0.1,1.419,0.688,-0.1,-0.1
1.225,0.293,-0.1,-0.1,-0.1,-0.1,-0.1,-0.1,1.583,0.914,-0.1,-0.1,-0.1,-0.1,-0.1,-0.1,1.173,0.585,-0.1,-0.1,-0.1,-0.1,-0.1,-0.1,1.17,0.285,-0.1,-0.1,1.418,0.689,-0.1,-0.1
1.225,0.294,-0.1,-0.1,-0.1,-0.1,-0.1,-0.1,1.582,0.913,-0.1,-0.1,-0.1,-0.1,-0.1,-0.1,1.173,0.585,-0.1,-0.1,-0.1,-0.1,-0.1,-0.1,1.17,0.286,-0.1,-0.1,1.418,0.688,-0.1,-0.1
1.226,0.294,-0.1,-0.1,-0.1,-0.1,-0.1,-0.1,1.581,0.913,-0.1,-0.1,-0.1,-0.1,-0.1,-0.1,1.173,0.584,-0.1,-0.1,-0.1,-0.1,-0.1,-0.1,1.17,0.285,-0.1,-0.1,1.418,0.689,-0.1,-0.1
1.225,0.293,-0.1,-0.1,-0.1,-0.1,-0.1,-0.1,1.583,0.913,-0.1,-0.1,-0.1,-0.1,-0.1,-0.1,1.174,0.585,-0.1,-0.1,-0.1,-0.1,-0.1,-0.1,1.17,0.285,-0.1,-0.1,1.419,0.689,-0.1,-0.1
1.227,0.292,-0.1,-0.1,-0.1,-0.1,-0.1,-0.1,1.579,0.912,-0.1,-0.1,-0.1,-0.1,-0.1,-0.1,1.174,0.585,-0.1,-0.1,-0.1,-0.1,-0.1,-0.1,1.171,0.285,-0.1,-0.1,1.419,0.689,-0.1,-0.1
1.227,0.293,-0.1,-0.1,-0.1,-0.1,-0.1,-0.1,1.58,0.914,-0.1,-0.1,-0.1,-0.1,-0.1,-0.1,1.173,0.585,-0.1,-0.1,-0.1,-0.1,-0.1,-0.1,1.171,0.285,-0.1,-0.1,1.418,0.689,-0.1,-0.1
1.226,0.293,-0.1,-0.1,-0.1,-0.1,-0.1,-0.1,1.58,0.915,-0.1,-0.1,-0.1,-0.1,-0.1,-0.1,1.173,0.585,-0.1,-0.1,-0.1,-0.1,-0.1,-0.1,1.171,0.284,-0.1,-0.1,1.419,0.688,-0.1,-0.1
