1.838,0.851,-0.1,-0.1,-0.1,-0.1,1.425,0.583,-0.1,-0.1,-0.1,-0.1,0.027,0.574,-0.1,-0.1,-0.1,-0.1,-0.1,-0.1,1.865,0.522,0.914,0.881,-0.1,-0.1,-0.1,-0.1,1.876,0.747,1.192,0.191
1.836,0.85,-0.1,-0.1,-0.1,-0.1,1.427,0.584,-0.1,-0.1,-0.1,-0.1,0.027,0.574,-0.1,-0.1,-0.1,-0.1,-0.1,-0.1,1.866,0.521,0.914,0.881,-0.1,-0.1,-0.1,-0.1,1.877,0.748,1.192,0.192
1.827,0.846,-0.1,-0.1,-0.1,-0.1,1.427,0.584,-0.1,-0.1,-0.1,-0.1,0.027,0.574,-0.1,-0.1,-0.1,-0.1,-0.1,-0.1,1.866,0.522,0.914,0.882,-0.1,-0.1,-0.1,-0.1,1.877,0.747,1.191,0.193
1.791,0.851,-0.1,-0.1,-0.1,-0.1,1.428,0.584,-0.1,-0.1,-0.1,-0.1,0.027,0.574,-0.1,-0.1,-0.1,-0.1,-0.1,-0.1,1.865,0.522,0.914,0.881,-0.1,-0.1,-0.1,-0.1,1.875,0.747,1.192,0.192
1.721,0.849,-0.1,-0.1,-0.1,-0.1,1.427,0.583,-0.1,-0.1,-0.1,-0.1,0.027,0.574,-0.1,-0.1,-0.1,-0.1,-0.1,-0.1,1.866,0.521,0.914,0.88,-0.1,-0.1,-0.1,-0.1,1.876,0.747,1.191,0.192
1.665,0.854,-0.1,-0.1,-0.1,-0.1,1.428,0.583,-0.1,-0.1,-0.1,-0.1,0.027,0.574,-0.1,-0.1,-0.1,-0.1,-0.1,-0.1,1.866,0.522,0.914,0.882,-0.1,-0.1,-0.1,-0.1,1.876,0.747,1.192,0.193
1.61,0.855,-0.1,-0.1,-0.1,-0.1,1.426,0.584,-0.1,-0.1,-0.1,-0.1,0.027,0.574,-0.1,-0.1,-0.1,-0.1,-0.1,-0.1,1.865,0.522,0.914,0.881,-0.1,-0.1,-0.1,-0.1,1.876,0.747,1.192,0.192
1.553,0.856,-0.1,-0.1,-0.1,-0.1,1.426,0.583,-0.1,-0.1,-0.1,-0.1,0.027,0.574,-0.1,-0.1,-0.1,-0.1,-0.1,-0.1,1.865,0.521,0.914,0.882,-0.1,-0.1,-0.1,-0.1,1.876,0.746,1.191,0.192
1.501,0.856,-0.1,-0.1,-0.1,-0.1,1.427,0.583,-0.1,-0.1,-0.1,-0.1,0.027,0.574,-0.1,-0.1,-0.1,-0.1,-0.1,-0.1,1.866,0.522,0.913,0.881,-0.1,-0.1,-0.1,-0.1,1.876,0.747,1.191,0.192
1.451,0.857,-0.1,-0.1,-0.1,-0.1,1.426,0.583,-0.1,-0.1,-0.1,-0.1,0.027,0.575,-0.1,-0.1,-0.1,-0.1,-0.1,-0.1,1.866,0.522,0.914,0.881,-0.1,-0.1,-0.1,-0.1,1.876,0.747,1.191,0.193
1.405,0.858,-0.1,-0.1,-0.1,-0.1,1.427,0.584,-0.1,-0.1,-0.1,-0.1,0.027,0.574,-0.1,-0.1,-0.1,-0.1,-0.1,-0.1,1.865,0.521,0.914,0.882,-0.1,-0.1,-0.1,-0.1,1.876,0.748,1.191,0.191
1.36,0.858,-0.1,-0.1,-0.1,-0.1,1.427,0.583,-0.1,-0.1,-0.1,-0.1,0.028,0.574,-0.1,-0.1,-0.1,-0.1,-0.1,-0.1,1.867,0.522,0.914,0.881,-0.1,-0.1,-0.1,-0.1,1.876,0.748,1.191,0.192
1.314,0.859,-0.1,-0.1,-0.1,-0.1,1.427,0.584,-0.1,-0.1,-0.1,-0.1,0.027,0.574,-0.1,-0.1,-0.1,-0.1,-0.1,-0.1,1.863,0.521,0.913,0.881,-0.1,-0.1,-0.1,-0.1,1.876,0.747,1.191,0.191
1.268,0.858,-0.1,-0.1,-0.1,-0.1,1.427,0.583,-0.1,-0.1,-0.1,-0.1,0.027,0.574,-0.1,-0.1,-0.1,-0.1,-0.1,-0.1,1.865,0.52,0.914,0.881,-0.1,-0.1,-0.1,-0.1,1.876,0.747,1.192,0.193
1.226,0.858,-0.1,-0.1,-0.1,-0.1,1.427,0.583,-0.1,-0.1,-0.1,-0.1,0.027,0.574,-0.1,-0.1,-0.1,-0.1,-0.1,-0.1,1.866,0.522,0.914,0.881,-0.1,-0.1,-0.1,-0.1,1.876,0.747,1.192,0.193
1.181,0.861,-0.1,-0.1,-0.1,-0.1,1.427,0.583,-0.1,-0.1,-0.1,-0.1,0.027,0.573,-0.1,-0.1,-0.1,-0.1,-0.1,-0.1,1.865,0.522,0.913,0.881,-0.1,-0.1,-0.1,-0.1,1.876,0.748,1.192,0.193
1.137,0.861,-0.1,-0.1,-0.1,-0.1,1.428,0.584,-0.1,-0.1,-0.1,-0.1,0.027,0.574,-0.1,-0.1,-0.1,-0.1,-0.1,-0.1,1.865,0.522,0.914,0.881,-0.1,-0.1,-0.1,-0.1,1.876,0.748,1.192,0.193
1.091,0.861,-0.1,-0.1,-0.1,-0.1,1.428,0.583,-0.1,-0.1,-0.1,-0.1,0.027,0.574,-0.1,-0.1,-0.1,-0.1,-0.1,-0.1,1.866,0.522,0.913,0.882,-0.1,-0.1,-0.1,-0.1,1.876,0.747,1.192,0.194
1.051,0.863,-0.1,-0.1,-0.1,-0.1,1.428,0.584,-0.1,-0.1,-0.1,-0.1,0.027,0.574,-0.1,-0.1,-0.1,-0.1,-0.1,-0.1,1.866,0.522,0.914,0.882,-0.1,-0.1,-0.1,-0.1,1.876,0.747,1.192,0.194
1.005,0.863,-0.1,-0.1,-0.1,-0.1,1.428,0.584,-0.1,-0.1,-0.1,-0.1,0.025,0.574,-0.1,-0.1,-0.1,-0.1,-0.1,-0.1,1.865,0.521,0.914,0.881,-0.1,-0.1,-0.1,-0.1,1.875,0.747,1.192,0.193
0.965,0.863,-0.1,-0.1,-0.1,-0.1,1.427,0.583,-0.1,-0.1,-0.1,-0.1,0.025,0.574,-0.1,-0.1,-0.1,-0.1,-0.1,-0.1,1.866,0.522,0.911,0.882,-0.1,-0.1,-0.1,-0.1,1.876,0.748,1.192,0.193
0.96,0.854,-0.1,-0.1,-0.1,-0.1,1.426,0.584,-0.1,-0.1,-0.1,-0.1,0.025,0.574,-0.1,-0.1,-0.1,-0.1,-0.1,-0.1,1.867,0.522,0.875,0.891,-0.1,-0.1,-0.1,-0.1,1.876,0.747,1.191,0.193
0.952,0.842,-0.1,-0.1,-0.1,-0.1,1.426,0.584,-0.1,-0.1,-0.1,-0.1,0.025,0.574,-0.1,-0.1,-0.1,-0.1,-0.1,-0.1,1.866,0.522,0.84,0.901,-0.1,-0.1,-0.1,-0.1,1.875,0.747,1.191,0.192
0.942,0.834,-0.1,-0.1,-0.1,-0.1,1.426,0.584,-0.1,-0.1,-0.1,-0.1,0.025,0.575,-0.1,-0.1,-0.1,-0.1,-0.1,-0.1,1.866,0.521,0.806,0.911,-0.1,-0.1,-0.1,-0.1,1.875,0.747,1.191,0.192
0.932,0.826,-0.1,-0.1,-0.1,-0.1,1.428,0.583,-0.1,-0.1,-0.1,-0.1,0.025,0.574,-0.1,-0.1,-0.1,-0.1,-0.1,-0.1,1.866,0.522,0.773,0.921,-0.1,-0.1,-0.1,-0.1,1.875,0.747,1.192,0.193
0.922,0.82,-0.1,-0.1,-0.1,-0.1,1.427,0.583,-0.1,-0.1,-0.1,-0.1,0.025,0.574,-0.1,-0.1,-0.1,-0.1,-0.1,-0.1,1.866,0.522,0.747,0.926,-0.1,-0.1,-0.1,-0.1,1.876,0.747,1.191,0.192
0.907,0.809,-0.1,-0.1,-0.1,-0.1,1.427,0.584,-0.1,-0.1,-0.1,-0.1,0.025,0.574,-0.1,-0.1,-0.1,-0.1,-0.1,-0.1,1.866,0.522,0.723,0.933,-0.1,-0.1,-0.1,-0.1,1.875,0.747,1.192,0.192
0.893,0.804,-0.1,-0.1,-0.1,-0.1,1.426,0.583,-0.1,-0.1,-0.1,-0.1,0.023,0.573,-0.1,-0.1,-0.1,-0.1,-0.1,-0.1,1.865,0.521,0.696,0.938,-0.1,-0.1,-0.1,-0.1,1.875,0.748,1.191,0.192
0.883,0.797,-0.1,-0.1,-0.1,-0.1,1.426,0.583,-0.1,-0.1,-0.1,-0.1,0.023,0.573,-0.1,-0.1,-0.1,-0.1,-0.1,-0.1,1.865,0.523,0.673,0.94,-0.1,-0.1,-0.1,-0.1,1.875,0.747,1.192,0.192
0.869,0.787,-0.1,-0.1,-0.1,-0.1,1.427,0.584,-0.1,-0.1,-0.1,-0.1,0.024,0.574,-0.1,-0.1,-0.1,-0.1,-0.1,-0.1,1.864,0.521,0.651,0.946,-0.1,-0.1,-0.1,-0.1,1.875,0.747,1.192,0.193
0.855,0.779,-0.1,-0.1,-0.1,-0.1,1.427,0.584,-0.1,-0.1,-0.1,-0.1,0.024,0.574,-0.1,-0.1,-0.1,-0.1,-0.1,-0.1,1.864,0.522,0.632,0.939,-0.1,-0.1,-0.1,-0.1,1.875,0.746,1.191,0.192
0.843,0.774,-0.1,-0.1,-0.1,-0.1,1.427,0.584,-0.1,-0.1,-0.1,-0.1,0.024,0.573,-0.1,-0.1,-0.1,-0.1,-0.1,-0.1,1.866,0.521,0.606,0.938,-0.1,-0.1,-0.1,-0.1,1.875,0.747,1.191,0.191
0.831,0.764,-0.1,-0.1,-0.1,-0.1,1.427,0.583,-0.1,-0.1,-0.1,-0.1,0.024,0.574,-0.1,-0.1,-0.1,-0.1,-0.1,-0.1,1.866,0.522,0.586,0.935,-0.1,-0.1,-0.1,-0.1,1.876,0.747,1.192,0.192
0.818,0.758,-0.1,-0.1,-0.1,-0.1,1.427,0.583,-0.1,-0.1,-0.1,-0.1,0.024,0.574,-0.1,-0.1,-0.1,-0.1,-0.1,-0.1,1.863,0.522,0.565,0.93,-0.1,-0.1,-0.1,-0.1,1.875,0.748,1.191,0.192
0.807,0.75,-0.1,-0.1,-0.1,-0.1,1.427,0.583,-0.1,-0.1,-0.1,-0.1,0.024,0.573,-0.1,-0.1,-0.1,-0.1,-0.1,-0.1,1.863,0.521,0.545,0.926,-0.1,-0.1,-0.1,-0.1,1.875,0.748,1.191,0.191
0.794,0.742,-0.1,-0.1,-0.1,-0.1,1.427,0.583,-0.1,-0.1,-0.1,-0.1,0.023,0.573,-0.1,-0.1,-0.1,-0.1,-0.1,-0.1,1.866,0.521,0.523,0.922,-0.1,-0.1,-0.1,-0.1,1.876,0.747,1.192,0.193
0.781,0.736,-0.1,-0.1,-0.1,-0.1,1.428,0.583,-0.1,-0.1,-0.1,-0.1,0.024,0.574,-0.1,-0.1,-0.1,-0.1,-0.1,-0.1,1.865,0.522,0.503,0.921,-0.1,-0.1,-0.1,-0.1,1.875,0.747,1.192,0.192
0.77,0.727,-0.1,-0.1,-0.1,-0.1,1.426,0.583,-0.1,-0.1,-0.1,-0.1,0.024,0.574,-0.1,-0.1,-0.1,-0.1,-0.1,-0.1,1.866,0.522,0.481,0.919,-0.1,-0.1,-0.1,-0.1,1.875,0.747,1.192,0.192
0.757,0.72,-0.1,-0.1,-0.1,-0.1,1.426,0.584,-0.1,-0.1,-0.1,-0.1,0.024,0.574,-0.1,-0.1,-0.1,-0.1,-0.1,-0.1,1.866,0.522,0.461,0.912,-0.1,-0.1,-0.1,-0.1,1.875,0.747,1.192,0.192
0.745,0.714,-0.1,-0.1,-0.1,-0.1,1.427,0.584,-0.1,-0.1,-0.1,-0.1,0.024,0.574,-0.1,-0.1,-0.1,-0.1,-0.1,-0.1,1.866,0.522,0.437,0.911,-0.1,-0.1,-0.1,-0.1,1.875,0.747,1.192,0.192
0.733,0.707,-0.1,-0.1,-0.1,-0.1,1.427,0.582,-0.1,-0.1,-0.1,-0.1,0.024,0.573,-0.1,-0.1,-0.1,-0.1,-0.1,-0.1,1.865,0.521,0.419,0.906,-0.1,-0.1,-0.1,-0.1,1.875,0.747,1.192,0.191
0.723,0.701,-0.1,-0.1,-0.1,-0.1,1.427,0.584,-0.1,-0.1,-0.1,-0.1,0.024,0.573,-0.1,-0.1,-0.1,-0.1,-0.1,-0.1,1.865,0.521,0.401,0.903,-0.1,-0.1,-0.1,-0.1,1.875,0.747,1.191,0.192
0.71,0.692,-0.1,-0.1,-0.1,-0.1,1.428,0.584,-0.1,-0.1,-0.1,-0.1,0.024,0.574,-0.1,-0.1,-0.1,-0.1,-0.1,-0.1,1.862,0.521,0.38,0.901,-0.1,-0.1,-0.1,-0.1,1.876,0.747,1.191,0.192
0.697,0.685,-0.1,-0.1,-0.1,-0.1,1.427,0.584,-0.1,-0.1,-0.1,-0.1,0.024,0.574,-0.1,-0.1,-0.1,-0.1,-0.1,-0.1,1.866,0.522,0.356,0.898,-0.1,-0.1,-0.1,-0.1,1.875,0.748,1.19,0.192
0.685,0.678,-0.1,-0.1,-0.1,-0.1,1.426,0.584,-0.1,-0.1,-0.1,-0.1,0.023,0.573,-0.1,-0.1,-0.1,-0.1,-0.1,-0.1,1.866,0.521,0.336,0.896,-0.1,-0.1,-0.1,-0.1,1.875,0.747,1.192,0.192
0.674,0.671,-0.1,-0.1,-0.1,-0.1,1.426,0.583,-0.1,-0.1,-0.1,-0.1,0.024,0.573,-0.1,-0.1,-0.1,-0.1,-0.1,-0.1,1.864,0.521,0.318,0.891,-0.1,-0.1,-0.1,-0.1,1.875,0.748,1.191,0.192
0.663,0.663,-0.1,-0.1,-0.1,-0.1,1.427,0.585,-0.1,-0.1,-0.1,-0.1,0.024,0.573,-0.1,-0.1,-0.1,-0.1,-0.1,-0.1,1.866,0.522,0.299,0.883,-0.1,-0.1,-0.1,-0.1,1.876,0.747,1.19,0.192
0.652,0.658,-0.1,-0.1,-0.1,-0.1,1.426,0.583,-0.1,-0.1,-0.1,-0.1,0.023,0.574,-0.1,-0.1,-0.1,-0.1,-0.1,-0.1,1.865,0.521,0.276,0.884,-0.1,-0.1,-0.1,-0.1,1.875,0.748,1.191,0.192
0.639,0.65,-0.1,-0.1,-0.1,-0.1,1.427,0.584,-0.1,-0.1,-0.1,-0.1,0.023,0.574,-0.1,-0.1,-0.1,-0.1,-0.1,-0.1,1.865,0.522,0.26,0.88,-0.1,-0.1,-0.1,-0.1,1.876,0.747,1.191,0.192
0.628,0.644,-0.1,-0.1,-0.1,-0.1,1.427,0.584,-0.1,-0.1,-0.1,-0.1,0.024,0.574,-0.1,-0.1,-0.1,-0.1,-0.1,-0.1,1.865,0.521,0.241,0.877,-0.1,-0.1,-0.1,-0.1,1.876,0.748,1.191,0.192
0.617,0.637,-0.1,-0.1,-0.1,-0.1,1.426,0.583,-0.1,-0.1,-0.1,-0.1,0.023,0.574,-0.1,-0.1,-0.1,-0.1,-0.1,-0.1,1.863,0.522,0.22,0.874,-0.1,-0.1,-0.1,-0.1,1.875,0.747,1.192,0.192
0.606,0.63,-0.1,-0.1,-0.1,-0.1,1.426,0.584,-0.1,-0.1,-0.1,-0.1,0.023,0.574,-0.1,-0.1,-0.1,-0.1,-0.1,-0.1,1.865,0.521,0.197,0.873,-0.1,-0.1,-0.1,-0.1,1.875,0.747,1.191,0.193
0.597,0.624,-0.1,-0.1,-0.1,-0.1,1.426,0.584,-0.1,-0.1,-0.1,-0.1,0.023,0.574,-0.1,-0.1,-0.1,-0.1,-0.1,-0.1,1.866,0.521,0.181,0.865,-0.1,-0.1,-0.1,-0.1,1.875,0.747,1.191,0.192
0.585,0.616,-0.1,-0.1,-0.1,-0.1,1.426,0.584,-0.1,-0.1,-0.1,-0.1,0.023,0.573,-0.1,-0.1,-0.1,-0.1,-0.1,-0.1,1.865,0.521,0.16,0.864,-0.1,-0.1,-0.1,-0.1,1.876,0.748,1.192,0.192
0.574,0.609,-0.1,-0.1,-0.1,-0.1,1.427,0.584,-0.1,-0.1,-0.1,-0.1,0.023,0.573,-0.1,-0.1,-0.1,-0.1,-0.1,-0.1,1.865,0.521,0.138,0.862,-0.1,-0.1,-0.1,-0.1,1.875,0.748,1.191,0.192
0.564,0.602,-0.1,-0.1,-0.1,-0.1,1.426,0.584,-0.1,-0.1,-0.1,-0.1,0.023,0.573,-0.1,-0.1,-0.1,-0.1,-0.1,-0.1,1.865,0.521,0.125,0.858,-0.1,-0.1,-0.1,-0.1,1.875,0.748,1.191,0.192
0.553,0.596,-0.1,-0.1,-0.1,-0.1,1.426,0.584,-0.1,-0.1,-0.1,-0.1,0.023,0.574,-0.1,-0.1,-0.1,-0.1,-0.1,-0.1,1.867,0.522,0.104,0.853,-0.1,-0.1,-0.1,-0.1,1.876,0.748,1.192,0.193
0.541,0.589,-0.1,-0.1,-0.1,-0.1,1.427,0.584,-0.1,-0.1,-0.1,-0.1,0.023,0.573,-0.1,-0.1,-0.1,-0.1,-0.1,-0.1,1.868,0.521,0.089,0.851,-0.1,-0.1,-0.1,-0.1,1.875,0.748,1.191,0.193
0.534,0.583,-0.1,-0.1,-0.1,-0.1,1.428,0.584,-0.1,-0.1,-0.1,-0.1,0.023,0.574,-0.1,-0.1,-0.1,-0.1,-0.1,-0.1,1.864,0.521,0.069,0.845,-0.1,-0.1,-0.1,-0.1,1.876,0.747,1.191,0.192
0.522,0.575,-0.1,-0.1,-0.1,-0.1,1.427,0.584,-0.1,-0.1,-0.1,-0.1,0.023,0.573,-0.1,-0.1,-0.1,-0.1,-0.1,-0.1,1.865,0.522,0.046,0.847,-0.1,-0.1,-0.1,-0.1,1.876,0.748,1.191,0.192
0.516,0.572,-0.1,-0.1,-0.1,-0.1,1.426,0.584,-0.1,-0.1,-0.1,-0.1,0.023,0.573,-0.1,-0.1,-0.1,-0.1,-0.1,-0.1,1.865,0.522,0.025,0.843,-0.1,-0.1,-0.1,-0.1,1.875,0.747,1.191,0.191
0.499,0.563,-0.1,-0.1,-0.1,-0.1,1.427,0.583,-0.1,-0.1,-0.1,-0.1,0.024,0.573,-0.1,-0.1,-0.1,-0.1,-0.1,-0.1,1.868,0.521,0.023,0.838,-0.1,-0.1,-0.1,-0.1,1.875,0.747,1.191,0.191
0.489,0.557,-0.1,-0.1,-0.1,-0.1,1.427,0.584,-0.1,-0.1,-0.1,-0.1,0.023,0.573,-0.1,-0.1,-0.1,-0.1,-0.1,-0.1,1.864,0.522,0.031,0.834,-0.1,-0.1,-0.1,-0.1,1.876,0.747,1.191,0.192
0.478,0.55,-0.1,-0.1,-0.1,-0.1,1.427,0.584,-0.1,-0.1,-0.1,-0.1,0.023,0.574,-0.1,-0.1,-0.1,-0.1,-0.1,-0.1,1.866,0.521,0.045,0.831,-0.1,-0.1,-0.1,-0.1,1.876,0.748,1.191,0.192
0.47,0.543,-0.1,-0.1,-0.1,-0.1,1.426,0.583,-0.1,-0.1,-0.1,-0.1,0.023,0.573,-0.1,-0.1,-0.1,-0.1,-0.1,-0.1,1.864,0.522,0.055,0.829,-0.1,-0.1,-0.1,-0.1,1.877,0.748,1.191,0.192
0.461,0.537,-0.1,-0.1,-0.1,-0.1,1.427,0.583,-0.1,-0.1,-0.1,-0.1,0.024,0.574,-0.1,-0.1,-0.1,-0.1,-0.1,-0.1,1.865,0.522,0.066,0.824,-0.1,-0.1,-0.1,-0.1,1.875,0.747,1.191,0.192
0.448,0.531,-0.1,-0.1,-0.1,-0.1,1.427,0.584,-0.1,-0.1,-0.1,-0.1,0.023,0.573,-0.1,-0.1,-0.1,-0.1,-0.1,-0.1,1.866,0.521,0.075,0.823,-0.1,-0.1,-0.1,-0.1,1.875,0.747,1.191,0.191
0.438,0.526,-0.1,-0.1,-0.1,-0.1,1.427,0.583,-0.1,-0.1,-0.1,-0.1,0.023,0.573,-0.1,-0.1,-0.1,-0.1,-0.1,-0.1,1.865,0.521,0.088,0.82,-0.1,-0.1,-0.1,-0.1,1.875,0.748,1.191,0.192
0.428,0.52,-0.1,-0.1,-0.1,-0.1,1.426,0.583,-0.1,-0.1,-0.1,-0.1,0.024,0.574,-0.1,-0.1,-0.1,-0.1,-0.1,-0.1,1.864,0.521,0.099,0.817,-0.1,-0.1,-0.1,-0.1,1.876,0.747,1.191,0.192
0.419,0.512,-0.1,-0.1,-0.1,-0.1,1.425,0.583,-0.1,-0.1,-0.1,-0.1,0.023,0.574,-0.1,-0.1,-0.1,-0.1,-0.1,-0.1,1.865,0.52,0.109,0.811,-0.1,-0.1,-0.1,-0.1,1.875,0.748,1.191,0.192
0.413,0.507,-0.1,-0.1,-0.1,-0.1,1.425,0.583,-0.1,-0.1,-0.1,-0.1,0.023,0.573,-0.1,-0.1,-0.1,-0.1,-0.1,-0.1,1.865,0.521,0.121,0.809,-0.1,-0.1,-0.1,-0.1,1.876,0.747,1.191,0.192
0.403,0.502,-0.1,-0.1,-0.1,-0.1,1.426,0.584,-0.1,-0.1,-0.1,-0.1,0.023,0.573,-0.1,-0.1,-0.1,-0.1,-0.1,-0.1,1.865,0.521,0.135,0.805,-0.1,-0.1,-0.1,-0.1,1.876,0.747,1.19,0.192
0.394,0.495,-0.1,-0.1,-0.1,-0.1,1.426,0.584,-0.1,-0.1,-0.1,-0.1,0.023,0.573,-0.1,-0.1,-0.1,-0.1,-0.1,-0.1,1.865,0.521,0.146,0.801,-0.1,-0.1,-0.1,-0.1,1.876,0.748,1.191,0.192
0.381,0.489,-0.1,-0.1,-0.1,-0.1,1.427,0.584,-0.1,-0.1,-0.1,-0.1,0.023,0.574,-0.1,-0.1,-0.1,-0.1,-0.1,-0.1,1.865,0.52,0.154,0.798,-0.1,-0.1,-0.1,-0.1,1.876,0.748,1.191,0.192
0.373,0.482,-0.1,-0.1,-0.1,-0.1,1.427,0.584,-0.1,-0.1,-0.1,-0.1,0.024,0.574,-0.1,-0.1,-0.1,-0.1,-0.1,-0.1,1.867,0.521,0.163,0.798,-0.1,-0.1,-0.1,-0.1,1.875,0.747,1.192,0.191
0.362,0.475,-0.1,-0.1,-0.1,-0.1,1.426,0.584,-0.1,-0.1,-0.1,-0.1,0.023,0.574,-0.1,-0.1,-0.1,-0.1,-0.1,-0.1,1.867,0.522,0.172,0.795,-0.1,-0.1,-0.1,-0.1,1.875,0.747,1.191,0.191
0.355,0.472,-0.1,-0.1,-0.1,-0.1,1.426,0.584,-0.1,-0.1,-0.1,-0.1,0.023,0.574,-0.1,-0.1,-0.1,-0.1,-0.1,-0.1,1.866,0.521,0.184,0.792,-0.1,-0.1,-0.1,-0.1,1.875,0.747,1.191,0.192
0.343,0.463,-0.1,-0.1,-0.1,-0.1,1.425,0.584,-0.1,-0.1,-0.1,-0.1,0.023,0.573,-0.1,-0.1,-0.1,-0.1,-0.1,-0.1,1.868,0.522,0.193,0.789,-0.1,-0.1,-0.1,-0.1,1.874,0.748,1.191,0.193
0.334,0.459,-0.1,-0.1,-0.1,-0.1,1.427,0.584,-0.1,-0.1,-0.1,-0.1,0.023,0.573,-0.1,-0.1,-0.1,-0.1,-0.1,-0.1,1.866,0.521,0.203,0.783,-0.1,-0.1,-0.1,-0.1,1.875,0.747,1.192,0.192
0.321,0.452,-0.1,-0.1,-0.1,-0.1,1.426,0.583,-0.1,-0.1,-0.1,-0.1,0.023,0.573,-0.1,-0.1,-0.1,-0.1,-0.1,-0.1,1.864,0.521,0.216,0.781,-0.1,-0.1,-0.1,-0.1,1.875,0.748,1.191,0.192
0.313,0.447,-0.1,-0.1,-0.1,-0.1,1.426,0.584,-0.1,-0.1,-0.1,-0.1,0.023,0.574,-0.1,-0.1,-0.1,-0.1,-0.1,-0.1,1.865,0.521,0.226,0.777,-0.1,-0.1,-0.1,-0.1,1.875,0.747,1.192,0.193
0.304,0.439,-0.1,-0.1,-0.1,-0.1,1.426,0.583,-0.1,-0.1,-0.1,-0.1,0.023,0.574,-0.1,-0.1,-0.1,-0.1,-0.1,-0.1,1.864,0.522,0.231,0.775,-0.1,-0.1,-0.1,-0.1,1.875,0.747,1.19,0.191
0.301,0.435,-0.1,-0.1,-0.1,-0.1,1.427,0.584,-0.1,-0.1,-0.1,-0.1,0.023,0.574,-0.1,-0.1,-0.1,-0.1,-0.1,-0.1,1.865,0.522,0.244,0.771,-0.1,-0.1,-0.1,-0.1,1.875,0.747,1.191,0.192
0.287,0.429,-0.1,-0.1,-0.1,-0.1,1.426,0.584,-0.1,-0.1,-0.1,-0.1,0.023,0.574,-0.1,-0.1,-0.1,-0.1,-0.1,-0.1,1.863,0.521,0.257,0.771,-0.1,-0.1,-0.1,-0.1,1.875,0.747,1.191,0.192
0.284,0.424,-0.1,-0.1,-0.1,-0.1,1.426,0.584,-0.1,-0.1,-0.1,-0.1,0.023,0.573,-0.1,-0.1,-0.1,-0.1,-0.1,-0.1,1.863,0.521,0.263,0.765,-0.1,-0.1,-0.1,-0.1,1.875,0.747,1.192,0.193
0.272,0.416,-0.1,-0.1,-0.1,-0.1,1.426,0.584,-0.1,-0.1,-0.1,-0.1,0.023,0.574,-0.1,-0.1,-0.1,-0.1,-0.1,-0.1,1.864,0.522,0.272,0.76,-0.1,-0.1,-0.1,-0.1,1.875,0.747,1.19,0.191
0.263,0.411,-0.1,-0.1,-0.1,-0.1,1.426,0.584,-0.1,-0.1,-0.1,-0.1,0.023,0.574,-0.1,-0.1,-0.1,-0.1,-0.1,-0.1,1.862,0.52,0.284,0.759,-0.1,-0.1,-0.1,-0.1,1.875,0.748,1.192,0.192
0.256,0.406,-0.1,-0.1,-0.1,-0.1,1.426,0.584,-0.1,-0.1,-0.1,-0.1,0.023,0.574,-0.1,-0.1,-0.1,-0.1,-0.1,-0.1,1.865,0.521,0.294,0.755,-0.1,-0.1,-0.1,-0.1,1.876,0.748,1.192,0.192
0.252,0.401,-0.1,-0.1,-0.1,-0.1,1.427,0.584,-0.1,-0.1,-0.1,-0.1,0.023,0.574,-0.1,-0.1,-0.1,-0.1,-0.1,-0.1,1.865,0.52,0.307,0.752,-0.1,-0.1,-0.1,-0.1,1.875,0.747,1.192,0.192
0.235,0.394,-0.1,-0.1,-0.1,-0.1,1.427,0.584,-0.1,-0.1,-0.1,-0.1,0.023,0.574,-0.1,-0.1,-0.1,-0.1,-0.1,-0.1,1.867,0.522,0.314,0.748,-0.1,-0.1,-0.1,-0.1,1.875,0.747,1.191,0.191
0.234,0.389,-0.1,-0.1,-0.1,-0.1,1.426,0.584,-0.1,-0.1,-0.1,-0.1,0.023,0.573,-0.1,-0.1,-0.1,-0.1,-0.1,-0.1,1.863,0.522,0.324,0.745,-0.1,-0.1,-0.1,-0.1,1.875,0.747,1.19,0.191
0.223,0.382,-0.1,-0.1,-0.1,-0.1,1.427,0.584,-0.1,-0.1,-0.1,-0.1,0.023,0.574,-0.1,-0.1,-0.1,-0.1,-0.1,-0.1,1.864,0.521,0.332,0.742,-0.1,-0.1,-0.1,-0.1,1.875,0.748,1.191,0.192
0.216,0.377,-0.1,-0.1,-0.1,-0.1,1.427,0.584,-0.1,-0.1,-0.1,-0.1,0.022,0.574,-0.1,-0.1,-0.1,-0.1,-0.1,-0.1,1.865,0.52,0.339,0.74,-0.1,-0.1,-0.1,-0.1,1.876,0.747,1.191,0.192
0.202,0.368,-0.1,-0.1,-0.1,-0.1,1.427,0.584,-0.1,-0.1,-0.1,-0.1,0.023,0.574,-0.1,-0.1,-0.1,-0.1,-0.1,-0.1,1.865,0.521,0.349,0.735,-0.1,-0.1,-0.1,-0.1,1.876,0.747,1.191,0.192
0.196,0.368,-0.1,-0.1,-0.1,-0.1,1.426,0.584,-0.1,-0.1,-0.1,-0.1,0.023,0.574,-0.1,-0.1,-0.1,-0.1,-0.1,-0.1,1.865,0.521,0.36,0.732,-0.1,-0.1,-0.1,-0.1,1.876,0.747,1.191,0.192
0.187,0.36,-0.1,-0.1,-0.1,-0.1,1.426,0.584,-0.1,-0.1,-0.1,-0.1,0.023,0.573,-0.1,-0.1,-0.1,-0.1,-0.1,-0.1,1.865,0.52,0.366,0.729,-0.1,-0.1,-0.1,-0.1,1.876,0.748,1.191,0.192
0.175,0.354,-0.1,-0.1,-0.1,-0.1,1.425,0.584,-0.1,-0.1,-0.1,-0.1,0.022,0.573,-0.1,-0.1,-0.1,-0.1,-0.1,-0.1,1.866,0.521,0.377,0.727,-0.1,-0.1,-0.1,-0.1,1.876,0.747,1.191,0.191
0.167,0.351,-0.1,-0.1,-0.1,-0.1,1.425,0.584,-0.1,-0.1,-0.1,-0.1,0.023,0.574,-0.1,-0.1,-0.1,-0.1,-0.1,-0.1,1.865,0.521,0.384,0.721,-0.1,-0.1,-0.1,-0.1,1.875,0.748,1.191,0.191
0.166,0.345,-0.1,-0.1,-0.1,-0.1,1.425,0.584,-0.1,-0.1,-0.1,-0.1,0.022,0.574,-0.1,-0.1,-0.1,-0.1,-0.1,-0.1,1.867,0.521,0.39,0.72,-0.1,-0.1,-0.1,-0.1,1.875,0.747,1.191,0.192
0.153,0.337,-0.1,-0.1,-0.1,-0.1,1.425,0.584,-0.1,-0.1,-0.1,-0.1,0.022,0.574,-0.1,-0.1,-0.1,-0.1,-0.1,-0.1,1.865,0.522,0.404,0.715,-0.1,-0.1,-0.1,-0.1,1.875,0.747,1.192,0.192
0.145,0.333,-0.1,-0.1,-0.1,-0.1,1.425,0.584,-0.1,-0.1,-0.1,-0.1,0.023,0.573,-0.1,-0.1,-0.1,-0.1,-0.1,-0.1,1.868,0.521,0.409,0.716,-0.1,-0.1,-0.1,-0.1,1.875,0.747,1.191,0.192
0.136,0.327,-0.1,-0.1,-0.1,-0.1,1.426,0.584,-0.1,-0.1,-0.1,-0.1,0.023,0.574,-0.1,-0.1,-0.1,-0.1,-0.1,-0.1,1.865,0.522,0.418,0.712,-0.1,-0.1,-0.1,-0.1,1.876,0.748,1.192,0.192
0.135,0.324,-0.1,-0.1,-0.1,-0.1,1.426,0.585,-0.1,-0.1,-0.1,-0.1,0.023,0.573,-0.1,-0.1,-0.1,-0.1,-0.1,-0.1,1.866,0.522,0.429,0.709,-0.1,-0.1,-0.1,-0.1,1.875,0.748,1.191,0.192
0.124,0.318,-0.1,-0.1,-0.1,-0.1,1.426,0.584,-0.1,-0.1,-0.1,-0.1,0.023,0.573,-0.1,-0.1,-0.1,-0.1,-0.1,-0.1,1.865,0.522,0.436,0.704,-0.1,-0.1,-0.1,-0.1,1.876,0.748,1.192,0.192
0.119,0.313,-0.1,-0.1,-0.1,-0.1,1.426,0.585,-0.1,-0.1,-0.1,-0.1,0.023,0.573,-0.1,-0.1,-0.1,-0.1,-0.1,-0.1,1.866,0.521,0.444,0.701,-0.1,-0.1,-0.1,-0.1,1.875,0.748,1.191,0.192
0.114,0.306,-0.1,-0.1,-0.1,-0.1,1.426,0.584,-0.1,-0.1,-0.1,-0.1,0.022,0.574,-0.1,-0.1,-0.1,-0.1,-0.1,-0.1,1.866,0.522,0.453,0.7,-0.1,-0.1,-0.1,-0.1,1.875,0.748,1.191,0.192
0.104,0.302,-0.1,-0.1,-0.1,-0.1,1.426,0.584,-0.1,-0.1,-0.1,-0.1,0.023,0.574,-0.1,-0.1,-0.1,-0.1,-0.1,-0.1,1.865,0.521,0.462,0.695,-0.1,-0.1,-0.1,-0.1,1.876,0.748,1.191,0.193
0.091,0.296,-0.1,-0.1,-0.1,-0.1,1.427,0.584,-0.1,-0.1,-0.1,-0.1,0.022,0.574,-0.1,-0.1,-0.1,-0.1,-0.1,-0.1,1.865,0.522,0.469,0.692,-0.1,-0.1,-0.1,-0.1,1.877,0.748,1.191,0.192
0.091,0.293,-0.1,-0.1,-0.1,-0.1,1.426,0.584,-0.1,-0.1,-0.1,-0.1,0.023,0.574,-0.1,-0.1,-0.1,-0.1,-0.1,-0.1,1.865,0.522,0.477,0.691,-0.1,-0.1,-0.1,-0.1,1.875,0.747,1.191,0.191
0.082,0.286,-0.1,-0.1,-0.1,-0.1,1.427,0.584,-0.1,-0.1,-0.1,-0.1,0.023,0.574,-0.1,-0.1,-0.1,-0.1,-0.1,-0.1,1.865,0.522,0.486,0.688,-0.1,-0.1,-0.1,-0.1,1.876,0.748,1.191,0.192
0.072,0.281,-0.1,-0.1,-0.1,-0.1,1.427,0.584,-0.1,-0.1,-0.1,-0.1,0.023,0.574,-0.1,-0.1,-0.1,-0.1,-0.1,-0.1,1.865,0.521,0.494,0.684,-0.1,-0.1,-0.1,-0.1,1.876,0.748,1.191,0.191
0.062,0.276,-0.1,-0.1,-0.1,-0.1,1.426,0.584,-0.1,-0.1,-0.1,-0.1,0.022,0.573,-0.1,-0.1,-0.1,-0.1,-0.1,-0.1,1.865,0.521,0.5,0.68,-0.1,-0.1,-0.1,-0.1,1.876,0.747,1.191,0.192
0.06,0.272,-0.1,-0.1,-0.1,-0.1,1.426,0.583,-0.1,-0.1,-0.1,-0.1,0.022,0.574,-0.1,-0.1,-0.1,-0.1,-0.1,-0.1,1.864,0.522,0.507,0.676,-0.1,-0.1,-0.1,-0.1,1.876,0.748,1.191,0.192
0.047,0.266,-0.1,-0.1,-0.1,-0.1,1.426,0.584,-0.1,-0.1,-0.1,-0.1,0.023,0.574,-0.1,-0.1,-0.1,-0.1,-0.1,-0.1,1.865,0.522,0.512,0.675,-0.1,-0.1,-0.1,-0.1,1.875,0.748,1.191,0.192
0.041,0.261,-0.1,-0.1,-0.1,-0.1,1.426,0.584,-0.1,-0.1,-0.1,-0.1,0.023,0.574,-0.1,-0.1,-0.1,-0.1,-0.1,-0.1,1.865,0.521,0.525,0.673,-0.1,-0.1,-0.1,-0.1,1.875,0.747,1.191,0.192
0.033,0.257,-0.1,-0.1,-0.1,-0.1,1.427,0.584,-0.1,-0.1,-0.1,-0.1,0.023,0.573,-0.1,-0.1,-0.1,-0.1,-0.1,-0.1,1.865,0.521,0.531,0.668,-0.1,-0.1,-0.1,-0.1,1.876,0.748,1.191,0.192
0.034,0.252,-0.1,-0.1,-0.1,-0.1,1.427,0.584,-0.1,-0.1,-0.1,-0.1,0.023,0.573,-0.1,-0.1,-0.1,-0.1,-0.1,-0.1,1.865,0.522,0.538,0.665,-0.1,-0.1,-0.1,-0.1,1.875,0.747,1.192,0.192
0.035,0.252,-0.1,-0.1,-0.1,-0.1,1.425,0.583,-0.1,-0.1,-0.1,-0.1,0.023,0.574,-0.1,-0.1,-0.1,-0.1,-0.1,-0.1,1.865,0.521,0.545,0.663,-0.1,-0.1,-0.1,-0.1,1.875,0.747,1.191,0.192
0.029,0.247,-0.1,-0.1,-0.1,-0.1,1.426,0.584,-0.1,-0.1,-0.1,-0.1,0.023,0.573,-0.1,-0.1,-0.1,-0.1,-0.1,-0.1,1.865,0.52,0.552,0.659,-0.1,-0.1,-0.1,-0.1,1.876,0.748,1.191,0.191
0.024,0.241,-0.1,-0.1,-0.1,-0.1,1.426,0.584,-0.1,-0.1,-0.1,-0.1,0.023,0.574,-0.1,-0.1,-0.1,-0.1,-0.1,-0.1,1.864,0.522,0.556,0.657,-0.1,-0.1,-0.1,-0.1,1.876,0.747,1.192,0.192
0.012,0.235,-0.1,-0.1,-0.1,-0.1,1.426,0.584,-0.1,-0.1,-0.1,-0.1,0.023,0.574,-0.1,-0.1,-0.1,-0.1,-0.1,-0.1,1.864,0.52,0.564,0.655,-0.1,-0.1,-0.1,-0.1,1.875,0.747,1.19,0.191
0.006,0.231,-0.1,-0.1,-0.1,-0.1,1.426,0.584,-0.1,-0.1,-0.1,-0.1,0.023,0.573,-0.1,-0.1,-0.1,-0.1,-0.1,-0.1,1.863,0.522,0.572,0.652,-0.1,-0.1,-0.1,-0.1,1.875,0.747,1.191,0.193
0.009,0.231,-0.1,-0.1,-0.1,-0.1,1.426,0.584,-0.1,-0.1,-0.1,-0.1,0.023,0.574,-0.1,-0.1,-0.1,-0.1,-0.1,-0.1,1.864,0.521,0.58,0.65,-0.1,-0.1,-0.1,-0.1,1.874,0.747,1.192,0.192
0.012,0.224,-0.1,-0.1,-0.1,-0.1,1.426,0.584,-0.1,-0.1,-0.1,-0.1,0.022,0.574,-0.1,-0.1,-0.1,-0.1,-0.1,-0.1,1.864,0.52,0.586,0.649,-0.1,-0.1,-0.1,-0.1,1.875,0.747,1.191,0.19
0.016,0.224,-0.1,-0.1,-0.1,-0.1,1.427,0.584,-0.1,-0.1,-0.1,-0.1,0.022,0.574,-0.1,-0.1,-0.1,-0.1,-0.1,-0.1,1.864,0.521,0.592,0.642,-0.1,-0.1,-0.1,-0.1,1.875,0.747,1.191,0.192
0.023,0.222,-0.1,-0.1,-0.1,-0.1,1.426,0.584,-0.1,-0.1,-0.1,-0.1,0.022,0.574,-0.1,-0.1,-0.1,-0.1,-0.1,-0.1,1.863,0.521,0.6,0.64,-0.1,-0.1,-0.1,-0.1,1.875,0.747,1.191,0.192
0.026,0.217,-0.1,-0.1,-0.1,-0.1,1.426,0.585,-0.1,-0.1,-0.1,-0.1,0.023,0.574,-0.1,-0.1,-0.1,-0.1,-0.1,-0.1,1.864,0.521,0.606,0.638,-0.1,-0.1,-0.1,-0.1,1.875,0.747,1.191,0.191
0.023,0.21,-0.1,-0.1,-0.1,-0.1,1.427,0.584,-0.1,-0.1,-0.1,-0.1,0.022,0.574,-0.1,-0.1,-0.1,-0.1,-0.1,-0.1,1.864,0.521,0.614,0.634,-0.1,-0.1,-0.1,-0.1,1.874,0.748,1.191,0.191
0.024,0.207,-0.1,-0.1,-0.1,-0.1,1.427,0.584,-0.1,-0.1,-0.1,-0.1,0.022,0.573,-0.1,-0.1,-0.1,-0.1,-0.1,-0.1,1.863,0.521,0.62,0.632,-0.1,-0.1,-0.1,-0.1,1.875,0.746,1.19,0.191
0.033,0.208,-0.1,-0.1,-0.1,-0.1,1.427,0.584,-0.1,-0.1,-0.1,-0.1,0.022,0.574,-0.1,-0.1,-0.1,-0.1,-0.1,-0.1,1.865,0.521,0.626,0.63,-0.1,-0.1,-0.1,-0.1,1.875,0.747,1.191,0.193
0.028,0.201,-0.1,-0.1,-0.1,-0.1,1.427,0.584,-0.1,-0.1,-0.1,-0.1,0.022,0.574,-0.1,-0.1,-0.1,-0.1,-0.1,-0.1,1.865,0.52,0.632,0.626,-0.1,-0.1,-0.1,-0.1,1.875,0.747,1.191,0.191
0.026,0.195,-0.1,-0.1,-0.1,-0.1,1.427,0.584,-0.1,-0.1,-0.1,-0.1,0.023,0.573,-0.1,-0.1,-0.1,-0.1,-0.1,-0.1,1.865,0.522,0.64,0.623,-0.1,-0.1,-0.1,-0.1,1.875,0.748,1.191,0.191
0.035,0.196,-0.1,-0.1,-0.1,-0.1,1.426,0.584,-0.1,-0.1,-0.1,-0.1,0.022,0.574,-0.1,-0.1,-0.1,-0.1,-0.1,-0.1,1.863,0.521,0.645,0.62,-0.1,-0.1,-0.1,-0.1,1.875,0.747,1.191,0.192
0.032,0.19,-0.1,-0.1,-0.1,-0.1,1.427,0.585,-0.1,-0.1,-0.1,-0.1,0.022,0.574,-0.1,-0.1,-0.1,-0.1,-0.1,-0.1,1.865,0.521,0.651,0.62,-0.1,-0.1,-0.1,-0.1,1.876,0.747,1.191,0.192
0.042,0.189,-0.1,-0.1,-0.1,-0.1,1.426,0.584,-0.1,-0.1,-0.1,-0.1,0.022,0.574,-0.1,-0.1,-0.1,-0.1,-0.1,-0.1,1.865,0.52,0.657,0.614,-0.1,-0.1,-0.1,-0.1,1.875,0.747,1.191,0.192
0.045,0.186,-0.1,-0.1,-0.1,-0.1,1.426,0.584,-0.1,-0.1,-0.1,-0.1,0.022,0.573,-0.1,-0.1,-0.1,-0.1,-0.1,-0.1,1.863,0.521,0.664,0.613,-0.1,-0.1,-0.1,-0.1,1.875,0.747,1.191,0.192
0.045,0.184,-0.1,-0.1,-0.1,-0.1,1.425,0.583,-0.1,-0.1,-0.1,-0.1,0.022,0.574,-0.1,-0.1,-0.1,-0.1,-0.1,-0.1,1.864,0.522,0.671,0.61,-0.1,-0.1,-0.1,-0.1,1.875,0.747,1.191,0.193
0.049,0.176,-0.1,-0.1,-0.1,-0.1,1.425,0.584,-0.1,-0.1,-0.1,-0.1,0.023,0.574,-0.1,-0.1,-0.1,-0.1,-0.1,-0.1,1.863,0.522,0.676,0.608,-0.1,-0.1,-0.1,-0.1,1.875,0.747,1.192,0.193
0.048,0.176,-0.1,-0.1,-0.1,-0.1,1.425,0.584,-0.1,-0.1,-0.1,-0.1,0.022,0.573,-0.1,-0.1,-0.1,-0.1,-0.1,-0.1,1.864,0.52,0.682,0.604,-0.1,-0.1,-0.1,-0.1,1.876,0.747,1.191,0.192
0.051,0.173,-0.1,-0.1,-0.1,-0.1,1.425,0.583,-0.1,-0.1,-0.1,-0.1,0.022,0.574,-0.1,-0.1,-0.1,-0.1,-0.1,-0.1,1.865,0.521,0.688,0.601,-0.1,-0.1,-0.1,-0.1,1.875,0.747,1.191,0.192
0.053,0.169,-0.1,-0.1,-0.1,-0.1,1.426,0.584,-0.1,-0.1,-0.1,-0.1,0.022,0.574,-0.1,-0.1,-0.1,-0.1,-0.1,-0.1,1.866,0.521,0.692,0.599,-0.1,-0.1,-0.1,-0.1,1.875,0.748,1.191,0.192
0.055,0.166,-0.1,-0.1,-0.1,-0.1,1.426,0.585,-0.1,-0.1,-0.1,-0.1,0.022,0.574,-0.1,-0.1,-0.1,-0.1,-0.1,-0.1,1.865,0.521,0.698,0.598,-0.1,-0.1,-0.1,-0.1,1.875,0.747,1.192,0.192
0.06,0.165,-0.1,-0.1,-0.1,-0.1,1.426,0.583,-0.1,-0.1,-0.1,-0.1,0.022,0.574,-0.1,-0.1,-0.1,-0.1,-0.1,-0.1,1.864,0.522,0.704,0.596,-0.1,-0.1,-0.1,-0.1,1.875,0.747,1.191,0.193
0.06,0.161,-0.1,-0.1,-0.1,-0.1,1.427,0.584,-0.1,-0.1,-0.1,-0.1,0.023,0.574,-0.1,-0.1,-0.1,-0.1,-0.1,-0.1,1.864,0.521,0.71,0.591,-0.1,-0.1,-0.1,-0.1,1.875,0.747,1.191,0.191
0.065,0.157,-0.1,-0.1,-0.1,-0.1,1.426,0.584,-0.1,-0.1,-0.1,-0.1,0.022,0.574,-0.1,-0.1,-0.1,-0.1,-0.1,-0.1,1.865,0.521,0.717,0.589,-0.1,-0.1,-0.1,-0.1,1.875,0.747,1.191,0.192
0.065,0.158,-0.1,-0.1,-0.1,-0.1,1.426,0.583,-0.1,-0.1,-0.1,-0.1,0.022,0.573,-0.1,-0.1,-0.1,-0.1,-0.1,-0.1,1.865,0.521,0.722,0.586,-0.1,-0.1,-0.1,-0.1,1.875,0.747,1.191,0.191
0.071,0.153,-0.1,-0.1,-0.1,-0.1,1.425,0.584,-0.1,-0.1,-0.1,-0.1,0.022,0.574,-0.1,-0.1,-0.1,-0.1,-0.1,-0.1,1.864,0.521,0.728,0.583,-0.1,-0.1,-0.1,-0.1,1.875,0.748,1.191,0.192
0.072,0.152,-0.1,-0.1,-0.1,-0.1,1.427,0.584,-0.1,-0.1,-0.1,-0.1,0.022,0.574,-0.1,-0.1,-0.1,-0.1,-0.1,-0.1,1.864,0.521,0.732,0.584,-0.1,-0.1,-0.1,-0.1,1.875,0.747,1.19,0.191
0.073,0.148,-0.1,-0.1,-0.1,-0.1,1.426,0.585,-0.1,-0.1,-0.1,-0.1,0.022,0.573,-0.1,-0.1,-0.1,-0.1,-0.1,-0.1,1.865,0.521,0.738,0.581,-0.1,-0.1,-0.1,-0.1,1.875,0.748,1.191,0.191
0.077,0.145,-0.1,-0.1,-0.1,-0.1,1.427,0.585,-0.1,-0.1,-0.1,-0.1,0.022,0.573,-0.1,-0.1,-0.1,-0.1,-0.1,-0.1,1.863,0.521,0.742,0.579,-0.1,-0.1,-0.1,-0.1,1.875,0.748,1.191,0.192
0.081,0.147,-0.1,-0.1,-0.1,-0.1,1.427,0.585,-0.1,-0.1,-0.1,-0.1,0.022,0.573,-0.1,-0.1,-0.1,-0.1,-0.1,-0.1,1.864,0.522,0.748,0.575,-0.1,-0.1,-0.1,-0.1,1.875,0.748,1.191,0.192
0.08,0.142,-0.1,-0.1,-0.1,-0.1,1.427,0.585,-0.1,-0.1,-0.1,-0.1,0.022,0.573,-0.1,-0.1,-0.1,-0.1,-0.1,-0.1,1.865,0.52,0.753,0.573,-0.1,-0.1,-0.1,-0.1,1.876,0.748,1.191,0.192
0.086,0.143,-0.1,-0.1,-0.1,-0.1,1.426,0.583,-0.1,-0.1,-0.1,-0.1,0.022,0.574,-0.1,-0.1,-0.1,-0.1,-0.1,-0.1,1.864,0.522,0.757,0.572,-0.1,-0.1,-0.1,-0.1,1.875,0.747,1.19,0.191
0.091,0.14,-0.1,-0.1,-0.1,-0.1,1.426,0.583,-0.1,-0.1,-0.1,-0.1,0.022,0.574,-0.1,-0.1,-0.1,-0.1,-0.1,-0.1,1.865,0.521,0.763,0.57,-0.1,-0.1,-0.1,-0.1,1.875,0.748,1.191,0.192
0.085,0.135,-0.1,-0.1,-0.1,-0.1,1.427,0.584,-0.1,-0.1,-0.1,-0.1,0.022,0.574,-0.1,-0.1,-0.1,-0.1,-0.1,-0.1,1.864,0.52,0.767,0.569,-0.1,-0.1,-0.1,-0.1,1.875,0.747,1.191,0.192
0.089,0.135,-0.1,-0.1,-0.1,-0.1,1.427,0.585,-0.1,-0.1,-0.1,-0.1,0.022,0.574,-0.1,-0.1,-0.1,-0.1,-0.1,-0.1,1.865,0.522,0.773,0.566,-0.1,-0.1,-0.1,-0.1,1.875,0.748,1.191,0.192
0.095,0.132,-0.1,-0.1,-0.1,-0.1,1.427,0.584,-0.1,-0.1,-0.1,-0.1,0.022,0.573,-0.1,-0.1,-0.1,-0.1,-0.1,-0.1,1.866,0.522,0.777,0.563,-0.1,-0.1,-0.1,-0.1,1.875,0.747,1.19,0.19
0.098,0.134,-0.1,-0.1,-0.1,-0.1,1.426,0.584,-0.1,-0.1,-0.1,-0.1,0.022,0.573,-0.1,-0.1,-0.1,-0.1,-0.1,-0.1,1.862,0.521,0.782,0.561,-0.1,-0.1,-0.1,-0.1,1.875,0.748,1.191,0.192
0.088,0.126,-0.1,-0.1,-0.1,-0.1,1.425,0.584,-0.1,-0.1,-0.1,-0.1,0.022,0.574,-0.1,-0.1,-0.1,-0.1,-0.1,-0.1,1.866,0.521,0.787,0.558,-0.1,-0.1,-0.1,-0.1,1.874,0.747,1.191,0.192
0.097,0.128,-0.1,-0.1,-0.1,-0.1,1.426,0.584,-0.1,-0.1,-0.1,-0.1,0.022,0.574,-0.1,-0.1,-0.1,-0.1,-0.1,-0.1,1.865,0.522,0.791,0.556,-0.1,-0.1,-0.1,-0.1,1.874,0.747,1.191,0.192
0.096,0.124,-0.1,-0.1,-0.1,-0.1,1.426,0.584,-0.1,-0.1,-0.1,-0.1,0.022,0.574,-0.1,-0.1,-0.1,-0.1,-0.1,-0.1,1.865,0.522,0.797,0.555,-0.1,-0.1,-0.1,-0.1,1.876,0.747,1.191,0.192
0.097,0.123,-0.1,-0.1,-0.1,-0.1,1.426,0.584,-0.1,-0.1,-0.1,-0.1,0.022,0.573,-0.1,-0.1,-0.1,-0.1,-0.1,-0.1,1.865,0.521,0.8,0.551,-0.1,-0.1,-0.1,-0.1,1.875,0.747,1.191,0.192
0.1,0.12,-0.1,-0.1,-0.1,-0.1,1.426,0.584,-0.1,-0.1,-0.1,-0.1,0.022,0.574,-0.1,-0.1,-0.1,-0.1,-0.1,-0.1,1.865,0.521,0.805,0.55,-0.1,-0.1,-0.1,-0.1,1.875,0.748,1.191,0.191
0.105,0.12,-0.1,-0.1,-0.1,-0.1,1.427,0.583,-0.1,-0.1,-0.1,-0.1,0.022,0.574,-0.1,-0.1,-0.1,-0.1,-0.1,-0.1,1.864,0.521,0.808,0.546,-0.1,-0.1,-0.1,-0.1,1.875,0.748,1.191,0.191
0.097,0.115,-0.1,-0.1,-0.1,-0.1,1.426,0.584,-0.1,-0.1,-0.1,-0.1,0.022,0.574,-0.1,-0.1,-0.1,-0.1,-0.1,-0.1,1.864,0.522,0.813,0.546,-0.1,-0.1,-0.1,-0.1,1.875,0.747,1.191,0.19
0.103,0.115,-0.1,-0.1,-0.1,-0.1,1.426,0.584,-0.1,-0.1,-0.1,-0.1,0.022,0.574,-0.1,-0.1,-0.1,-0.1,-0.1,-0.1,1.864,0.52,0.816,0.544,-0.1,-0.1,-0.1,-0.1,1.875,0.747,1.191,0.191
0.103,0.113,-0.1,-0.1,-0.1,-0.1,1.427,0.583,-0.1,-0.1,-0.1,-0.1,0.022,0.574,-0.1,-0.1,-0.1,-0.1,-0.1,-0.1,1.863,0.521,0.822,0.542,-0.1,-0.1,-0.1,-0.1,1.875,0.748,1.19,0.191
0.109,0.114,-0.1,-0.1,-0.1,-0.1,1.427,0.585,-0.1,-0.1,-0.1,-0.1,0.022,0.574,-0.1,-0.1,-0.1,-0.1,-0.1,-0.1,1.864,0.522,0.824,0.54,-0.1,-0.1,-0.1,-0.1,1.875,0.747,1.192,0.192
0.115,0.116,-0.1,-0.1,-0.1,-0.1,1.426,0.585,-0.1,-0.1,-0.1,-0.1,0.022,0.574,-0.1,-0.1,-0.1,-0.1,-0.1,-0.1,1.862,0.521,0.827,0.537,-0.1,-0.1,-0.1,-0.1,1.875,0.747,1.191,0.191
0.115,0.114,-0.1,-0.1,-0.1,-0.1,1.427,0.585,-0.1,-0.1,-0.1,-0.1,0.022,0.574,-0.1,-0.1,-0.1,-0.1,-0.1,-0.1,1.862,0.521,0.831,0.534,-0.1,-0.1,-0.1,-0.1,1.875,0.748,1.192,0.192
0.106,0.106,-0.1,-0.1,-0.1,-0.1,1.426,0.585,-0.1,-0.1,-0.1,-0.1,0.022,0.574,-0.1,-0.1,-0.1,-0.1,-0.1,-0.1,1.862,0.521,0.835,0.535,-0.1,-0.1,-0.1,-0.1,1.875,0.747,1.191,0.193
0.113,0.108,-0.1,-0.1,-0.1,-0.1,1.426,0.584,-0.1,-0.1,-0.1,-0.1,0.021,0.574,-0.1,-0.1,-0.1,-0.1,-0.1,-0.1,1.866,0.521,0.837,0.533,-0.1,-0.1,-0.1,-0.1,1.875,0.748,1.191,0.191
0.108,0.103,-0.1,-0.1,-0.1,-0.1,1.426,0.583,-0.1,-0.1,-0.1,-0.1,0.022,0.574,-0.1,-0.1,-0.1,-0.1,-0.1,-0.1,1.864,0.521,0.843,0.531,-0.1,-0.1,-0.1,-0.1,1.875,0.748,1.19,0.192
0.115,0.104,-0.1,-0.1,-0.1,-0.1,1.426,0.583,-0.1,-0.1,-0.1,-0.1,0.022,0.574,-0.1,-0.1,-0.1,-0.1,-0.1,-0.1,1.864,0.521,0.845,0.53,-0.1,-0.1,-0.1,-0.1,1.875,0.748,1.191,0.191
0.122,0.107,-0.1,-0.1,-0.1,-0.1,1.426,0.584,-0.1,-0.1,-0.1,-0.1,0.021,0.574,-0.1,-0.1,-0.1,-0.1,-0.1,-0.1,1.866,0.521,0.848,0.528,-0.1,-0.1,-0.1,-0.1,1.875,0.747,1.19,0.19
0.121,0.107,-0.1,-0.1,-0.1,-0.1,1.426,0.584,-0.1,-0.1,-0.1,-0.1,0.021,0.574,-0.1,-0.1,-0.1,-0.1,-0.1,-0.1,1.863,0.521,0.853,0.526,-0.1,-0.1,-0.1,-0.1,1.875,0.748,1.19,0.191
0.121,0.106,-0.1,-0.1,-0.1,-0.1,1.426,0.584,-0.1,-0.1,-0.1,-0.1,0.022,0.575,-0.1,-0.1,-0.1,-0.1,-0.1,-0.1,1.864,0.521,0.857,0.525,-0.1,-0.1,-0.1,-0.1,1.875,0.748,1.191,0.192
0.119,0.1,-0.1,-0.1,-0.1,-0.1,1.427,0.584,-0.1,-0.1,-0.1,-0.1,0.021,0.575,-0.1,-0.1,-0.1,-0.1,-0.1,-0.1,1.864,0.521,0.857,0.524,-0.1,-0.1,-0.1,-0.1,1.875,0.747,1.191,0.192
0.121,0.099,-0.1,-0.1,-0.1,-0.1,1.427,0.583,-0.1,-0.1,-0.1,-0.1,0.021,0.573,-0.1,-0.1,-0.1,-0.1,-0.1,-0.1,1.864,0.522,0.864,0.522,-0.1,-0.1,-0.1,-0.1,1.875,0.748,1.191,0.192
0.125,0.101,-0.1,-0.1,-0.1,-0.1,1.427,0.583,-0.1,-0.1,-0.1,-0.1,0.021,0.574,-0.1,-0.1,-0.1,-0.1,-0.1,-0.1,1.863,0.521,0.865,0.52,-0.1,-0.1,-0.1,-0.1,1.875,0.748,1.191,0.192
0.119,0.097,-0.1,-0.1,-0.1,-0.1,1.426,0.583,-0.1,-0.1,-0.1,-0.1,0.021,0.575,-0.1,-0.1,-0.1,-0.1,-0.1,-0.1,1.863,0.521,0.869,0.519,-0.1,-0.1,-0.1,-0.1,1.875,0.747,1.191,0.191
0.12,0.094,-0.1,-0.1,-0.1,-0.1,1.427,0.585,-0.1,-0.1,-0.1,-0.1,0.021,0.574,-0.1,-0.1,-0.1,-0.1,-0.1,-0.1,1.863,0.521,0.87,0.516,-0.1,-0.1,-0.1,-0.1,1.876,0.747,1.19,0.191
0.119,0.094,-0.1,-0.1,-0.1,-0.1,1.427,0.585,-0.1,-0.1,-0.1,-0.1,0.022,0.574,-0.1,-0.1,-0.1,-0.1,-0.1,-0.1,1.865,0.521,0.872,0.516,-0.1,-0.1,-0.1,-0.1,1.875,0.747,1.19,0.19
0.125,0.098,-0.1,-0.1,-0.1,-0.1,1.426,0.585,-0.1,-0.1,-0.1,-0.1,0.022,0.575,-0.1,-0.1,-0.1,-0.1,-0.1,-0.1,1.864,0.521,0.876,0.514,-0.1,-0.1,-0.1,-0.1,1.875,0.748,1.191,0.191
0.118,0.092,-0.1,-0.1,-0.1,-0.1,1.427,0.584,-0.1,-0.1,-0.1,-0.1,0.021,0.574,-0.1,-0.1,-0.1,-0.1,-0.1,-0.1,1.865,0.521,0.878,0.513,-0.1,-0.1,-0.1,-0.1,1.875,0.748,1.19,0.191
0.125,0.094,-0.1,-0.1,-0.1,-0.1,1.427,0.584,-0.1,-0.1,-0.1,-0.1,0.022,0.574,-0.1,-0.1,-0.1,-0.1,-0.1,-0.1,1.863,0.521,0.881,0.509,-0.1,-0.1,-0.1,-0.1,1.875,0.748,1.19,0.191
0.121,0.091,-0.1,-0.1,-0.1,-0.1,1.426,0.584,-0.1,-0.1,-0.1,-0.1,0.022,0.574,-0.1,-0.1,-0.1,-0.1,-0.1,-0.1,1.862,0.521,0.884,0.51,-0.1,-0.1,-0.1,-0.1,1.875,0.748,1.19,0.192
0.124,0.092,-0.1,-0.1,-0.1,-0.1,1.427,0.584,-0.1,-0.1,-0.1,-0.1,0.022,0.574,-0.1,-0.1,-0.1,-0.1,-0.1,-0.1,1.866,0.521,0.887,0.509,-0.1,-0.1,-0.1,-0.1,1.876,0.748,1.191,0.191
0.122,0.091,-0.1,-0.1,-0.1,-0.1,1.427,0.585,-0.1,-0.1,-0.1,-0.1,0.022,0.574,-0.1,-0.1,-0.1,-0.1,-0.1,-0.1,1.863,0.521,0.889,0.507,-0.1,-0.1,-0.1,-0.1,1.875,0.748,1.191,0.192
0.127,0.092,-0.1,-0.1,-0.1,-0.1,1.426,0.584,-0.1,-0.1,-0.1,-0.1,0.022,0.575,-0.1,-0.1,-0.1,-0.1,-0.1,-0.1,1.862,0.521,0.892,0.505,-0.1,-0.1,-0.1,-0.1,1.876,0.748,1.19,0.19
0.124,0.087,-0.1,-0.1,-0.1,-0.1,1.426,0.584,-0.1,-0.1,-0.1,-0.1,0.022,0.575,-0.1,-0.1,-0.1,-0.1,-0.1,-0.1,1.862,0.521,0.894,0.504,-0.1,-0.1,-0.1,-0.1,1.875,0.748,1.191,0.192
0.125,0.09,-0.1,-0.1,-0.1,-0.1,1.427,0.585,-0.1,-0.1,-0.1,-0.1,0.021,0.574,-0.1,-0.1,-0.1,-0.1,-0.1,-0.1,1.863,0.521,0.896,0.502,-0.1,-0.1,-0.1,-0.1,1.875,0.748,1.191,0.192
0.124,0.087,-0.1,-0.1,-0.1,-0.1,1.427,0.584,-0.1,-0.1,-0.1,-0.1,0.022,0.574,-0.1,-0.1,-0.1,-0.1,-0.1,-0.1,1.862,0.521,0.897,0.502,-0.1,-0.1,-0.1,-0.1,1.875,0.748,1.191,0.192
0.126,0.088,-0.1,-0.1,-0.1,-0.1,1.426,0.583,-0.1,-0.1,-0.1,-0.1,0.021,0.574,-0.1,-0.1,-0.1,-0.1,-0.1,-0.1,1.863,0.521,0.899,0.5,-0.1,-0.1,-0.1,-0.1,1.876,0.748,1.191,0.192
0.126,0.088,-0.1,-0.1,-0.1,-0.1,1.427,0.584,-0.1,-0.1,-0.1,-0.1,0.022,0.574,-0.1,-0.1,-0.1,-0.1,-0.1,-0.1,1.864,0.52,0.901,0.498,-0.1,-0.1,-0.1,-0.1,1.876,0.748,1.19,0.191
0.124,0.09,-0.1,-0.1,-0.1,-0.1,1.427,0.583,-0.1,-0.1,-0.1,-0.1,0.022,0.574,-0.1,-0.1,-0.1,-0.1,-0.1,-0.1,1.863,0.521,0.903,0.497,-0.1,-0.1,-0.1,-0.1,1.875,0.748,1.191,0.192
0.122,0.086,-0.1,-0.1,-0.1,-0.1,1.425,0.583,-0.1,-0.1,-0.1,-0.1,0.022,0.574,-0.1,-0.1,-0.1,-0.1,-0.1,-0.1,1.862,0.521,0.904,0.496,-0.1,-0.1,-0.1,-0.1,1.875,0.747,1.191,0.191
0.121,0.087,-0.1,-0.1,-0.1,-0.1,1.427,0.585,-0.1,-0.1,-0.1,-0.1,0.022,0.574,-0.1,-0.1,-0.1,-0.1,-0.1,-0.1,1.863,0.521,0.908,0.495,-0.1,-0.1,-0.1,-0.1,1.875,0.748,1.19,0.191
0.119,0.084,-0.1,-0.1,-0.1,-0.1,1.426,0.583,-0.1,-0.1,-0.1,-0.1,0.022,0.574,-0.1,-0.1,-0.1,-0.1,-0.1,-0.1,1.863,0.52,0.906,0.495,-0.1,-0.1,-0.1,-0.1,1.874,0.747,1.191,0.192
0.124,0.085,-0.1,-0.1,-0.1,-0.1,1.426,0.584,-0.1,-0.1,-0.1,-0.1,0.022,0.574,-0.1,-0.1,-0.1,-0.1,-0.1,-0.1,1.863,0.52,0.91,0.492,-0.1,-0.1,-0.1,-0.1,1.875,0.747,1.191,0.191
0.124,0.088,-0.1,-0.1,-0.1,-0.1,1.427,0.584,-0.1,-0.1,-0.1,-0.1,0.022,0.574,-0.1,-0.1,-0.1,-0.1,-0.1,-0.1,1.862,0.521,0.91,0.491,-0.1,-0.1,-0.1,-0.1,1.875,0.747,1.191,0.192
0.134,0.092,-0.1,-0.1,-0.1,-0.1,1.426,0.584,-0.1,-0.1,-0.1,-0.1,0.022,0.574,-0.1,-0.1,-0.1,-0.1,-0.1,-0.1,1.862,0.52,0.913,0.492,-0.1,-0.1,-0.1,-0.1,1.875,0.748,1.19,0.192
0.126,0.091,-0.1,-0.1,-0.1,-0.1,1.426,0.584,-0.1,-0.1,-0.1,-0.1,0.022,0.574,-0.1,-0.1,-0.1,-0.1,-0.1,-0.1,1.862,0.521,0.915,0.49,-0.1,-0.1,-0.1,-0.1,1.874,0.747,1.191,0.19
0.125,0.088,-0.1,-0.1,-0.1,-0.1,1.426,0.584,-0.1,-0.1,-0.1,-0.1,0.021,0.573,-0.1,-0.1,-0.1,-0.1,-0.1,-0.1,1.862,0.521,0.915,0.487,-0.1,-0.1,-0.1,-0.1,1.876,0.748,1.19,0.19
0.126,0.088,-0.1,-0.1,-0.1,-0.1,1.427,0.583,-0.1,-0.1,-0.1,-0.1,0.022,0.574,-0.1,-0.1,-0.1,-0.1,-0.1,-0.1,1.862,0.521,0.918,0.488,-0.1,-0.1,-0.1,-0.1,1.875,0.748,1.19,0.19
