0.132,0.388,1.682,0.104,-0.1,-0.1,1.869,0.03,-0.1,-0.1,-0.1,-0.1,-0.1,-0.1,1.221,0.751,-0.1,-0.1,1.57,0.704,0.275,0.931,-0.1,-0.1,-0.1,-0.1,0.332,0.2,-0.1,-0.1,0.04,0.189
0.177,0.402,1.682,0.105,-0.1,-0.1,1.869,0.03,-0.1,-0.1,-0.1,-0.1,-0.1,-0.1,1.221,0.75,-0.1,-0.1,1.568,0.702,0.276,0.929,-0.1,-0.1,-0.1,-0.1,0.331,0.2,-0.1,-0.1,0.041,0.19
0.218,0.418,1.681,0.104,-0.1,-0.1,1.87,0.03,-0.1,-0.1,-0.1,-0.1,-0.1,-0.1,1.221,0.751,-0.1,-0.1,1.568,0.704,0.275,0.931,-0.1,-0.1,-0.1,-0.1,0.33,0.202,-0.1,-0.1,0.042,0.19
0.269,0.428,1.681,0.104,-0.1,-0.1,1.87,0.031,-0.1,-0.1,-0.1,-0.1,-0.1,-0.1,1.222,0.751,-0.1,-0.1,1.569,0.702,0.275,0.931,-0.1,-0.1,-0.1,-0.1,0.33,0.201,-0.1,-0.1,0.041,0.189
0.304,0.444,1.681,0.104,-0.1,-0.1,1.869,0.031,-0.1,-0.1,-0.1,-0.1,-0.1,-0.1,1.221,0.752,-0.1,-0.1,1.567,0.702,0.276,0.93,-0.1,-0.1,-0.1,-0.1,0.331,0.2,-0.1,-0.1,0.041,0.19
0.339,0.454,1.681,0.106,-0.1,-0.1,1.868,0.03,-0.1,-0.1,-0.1,-0.1,-0.1,-0.1,1.223,0.751,-0.1,-0.1,1.57,0.704,0.275,0.931,-0.1,-0.1,-0.1,-0.1,0.33,0.2,-0.1,-0.1,0.041,0.191
0.377,0.467,1.681,0.104,-0.1,-0.1,1.869,0.03,-0.1,-0.1,-0.1,-0.1,-0.1,-0.1,1.221,0.751,-0.1,-0.1,1.57,0.704,0.277,0.929,-0.1,-0.1,-0.1,-0.1,0.33,0.201,-0.1,-0.1,0.041,0.191
0.417,0.476,1.681,0.104,-0.1,-0.1,1.869,0.031,-0.1,-0.1,-0.1,-0.1,-0.1,-0.1,1.222,0.751,-0.1,-0.1,1.568,0.704,0.275,0.93,-0.1,-0.1,-0.1,-0.1,0.331,0.201,-0.1,-0.1,0.042,0.189
0.453,0.49,1.681,0.104,-0.1,-0.1,1.869,0.031,-0.1,-0.1,-0.1,-0.1,-0.1,-0.1,1.222,0.75,-0.1,-0.1,1.568,0.704,0.277,0.93,-0.1,-0.1,-0.1,-0.1,0.33,0.2,-0.1,-0.1,0.041,0.19
0.491,0.502,1.681,0.104,-0.1,-0.1,1.87,0.031,-0.1,-0.1,-0.1,-0.1,-0.1,-0.1,1.222,0.751,-0.1,-0.1,1.568,0.702,0.274,0.93,-0.1,-0.1,-0.1,-0.1,0.331,0.2,-0.1,-0.1,0.041,0.19
0.524,0.512,1.681,0.105,-0.1,-0.1,1.869,0.031,-0.1,-0.1,-0.1,-0.1,-0.1,-0.1,1.222,0.751,-0.1,-0.1,1.568,0.702,0.274,0.93,-0.1,-0.1,-0.1,-0.1,0.331,0.2,-0.1,-0.1,0.042,0.19
0.564,0.524,1.681,0.104,-0.1,-0.1,1.869,0.03,-0.1,-0.1,-0.1,-0.1,-0.1,-0.1,1.223,0.752,-0.1,-0.1,1.565,0.702,0.275,0.93,-0.1,-0.1,-0.1,-0.1,0.33,0.201,-0.1,-0.1,0.041,0.19
0.602,0.535,1.682,0.104,-0.1,-0.1,1.869,0.03,-0.1,-0.1,-0.1,-0.1,-0.1,-0.1,1.223,0.751,-0.1,-0.1,1.571,0.705,0.276,0.929,-0.1,-0.1,-0.1,-0.1,0.33,0.201,-0.1,-0.1,0.042,0.189
0.637,0.546,1.681,0.107,-0.1,-0.1,1.868,0.031,-0.1,-0.1,-0.1,-0.1,-0.1,-0.1,1.223,0.752,-0.1,-0.1,1.568,0.703,0.276,0.93,-0.1,-0.1,-0.1,-0.1,0.331,0.2,-0.1,-0.1,0.041,0.19
0.674,0.558,1.681,0.106,-0.1,-0.1,1.87,0.03,-0.1,-0.1,-0.1,-0.1,-0.1,-0.1,1.223,0.752,-0.1,-0.1,1.568,0.703,0.275,0.929,-0.1,-0.1,-0.1,-0.1,0.331,0.201,-0.1,-0.1,0.042,0.19
0.711,0.57,1.681,0.104,-0.1,-0.1,1.87,0.03,-0.1,-0.1,-0.1,-0.1,-0.1,-0.1,1.223,0.752,-0.1,-0.1,1.567,0.702,0.276,0.929,-0.1,-0.1,-0.1,-0.1,0.33,0.201,-0.1,-0.1,0.04,0.189
0.748,0.582,1.681,0.105,-0.1,-0.1,1.87,0.03,-0.1,-0.1,-0.1,-0.1,-0.1,-0.1,1.222,0.751,-0.1,-0.1,1.569,0.703,0.275,0.93,-0.1,-0.1,-0.1,-0.1,0.331,0.2,-0.1,-0.1,0.04,0.189
0.784,0.592,1.68,0.104,-0.1,-0.1,1.869,0.03,-0.1,-0.1,-0.1,-0.1,-0.1,-0.1,1.222,0.751,-0.1,-0.1,1.568,0.703,0.275,0.93,-0.1,-0.1,-0.1,-0.1,0.33,0.2,-0.1,-0.1,0.041,0.191
0.825,0.603,1.681,0.104,-0.1,-0.1,1.87,0.031,-0.1,-0.1,-0.1,-0.1,-0.1,-0.1,1.221,0.751,-0.1,-0.1,1.568,0.703,0.275,0.93,-0.1,-0.1,-0.1,-0.1,0.33,0.2,-0.1,-0.1,0.041,0.189
0.858,0.616,1.681,0.105,-0.1,-0.1,1.868,0.03,-0.1,-0.1,-0.1,-0.1,-0.1,-0.1,1.221,0.751,-0.1,-0.1,1.567,0.702,0.275,0.93,-0.1,-0.1,-0.1,-0.1,0.33,0.2,-0.1,-0.1,0.041,0.19
0.895,0.627,1.681,0.106,-0.1,-0.1,1.868,0.031,-0.1,-0.1,-0.1,-0.1,-0.1,-0.1,1.222,0.751,-0.1,-0.1,1.568,0.703,0.276,0.93,-0.1,-0.1,-0.1,-0.1,0.331,0.201,-0.1,-0.1,0.041,0.189
0.934,0.639,1.681,0.106,-0.1,-0.1,1.869,0.031,-0.1,-0.1,-0.1,-0.1,-0.1,-0.1,1.222,0.751,-0.1,-0.1,1.568,0.703,0.275,0.93,-0.1,-0.1,-0.1,-0.1,0.33,0.201,-0.1,-0.1,0.041,0.189
0.968,0.649,1.682,0.104,-0.1,-0.1,1.869,0.03,-0.1,-0.1,-0.1,-0.1,-0.1,-0.1,1.221,0.751,-0.1,-0.1,1.567,0.702,0.276,0.93,-0.1,-0.1,-0.1,-0.1,0.332,0.2,-0.1,-0.1,0.041,0.19
1.008,0.66,1.679,0.105,-0.1,-0.1,1.869,0.031,-0.1,-0.1,-0.1,-0.1,-0.1,-0.1,1.223,0.752,-0.1,-0.1,1.568,0.704,0.275,0.93,-0.1,-0.1,-0.1,-0.1,0.332,0.199,-0.1,-0.1,0.04,0.189
1.044,0.673,1.681,0.103,-0.1,-0.1,1.869,0.031,-0.1,-0.1,-0.1,-0.1,-0.1,-0.1,1.221,0.752,-0.1,-0.1,1.567,0.703,0.275,0.931,-0.1,-0.1,-0.1,-0.1,0.33,0.201,-0.1,-0.1,0.04,0.189
1.078,0.683,1.681,0.105,-0.1,-0.1,1.869,0.03,-0.1,-0.1,-0.1,-0.1,-0.1,-0.1,1.221,0.752,-0.1,-0.1,1.567,0.704,0.275,0.929,-0.1,-0.1,-0.1,-0.1,0.329,0.2,-0.1,-0.1,0.04,0.19
1.117,0.695,1.68,0.105,-0.1,-0.1,1.869,0.031,-0.1,-0.1,-0.1,-0.1,-0.1,-0.1,1.22,0.751,-0.1,-0.1,1.569,0.704,0.275,0.93,-0.1,-0.1,-0.1,-0.1,0.331,0.201,-0.1,-0.1,0.04,0.19
1.152,0.706,1.68,0.106,-0.1,-0.1,1.869,0.031,-0.1,-0.1,-0.1,-0.1,-0.1,-0.1,1.22,0.751,-0.1,-0.1,1.568,0.702,0.275,0.93,-0.1,-0.1,-0.1,-0.1,0.332,0.201,-0.1,-0.1,0.042,0.19
1.183,0.711,1.681,0.104,-0.1,-0.1,1.869,0.03,-0.1,-0.1,-0.1,-0.1,-0.1,-0.1,1.228,0.758,-0.1,-0.1,1.569,0.703,0.275,0.93,-0.1,-0.1,-0.1,-0.1,0.33,0.201,-0.1,-0.1,0.041,0.191
1.197,0.702,1.682,0.105,-0.1,-0.1,1.869,0.031,-0.1,-0.1,-0.1,-0.1,-0.1,-0.1,1.249,0.779,-0.1,-0.1,1.568,0.702,0.276,0.93,-0.1,-0.1,-0.1,-0.1,0.33,0.2,-0.1,-0.1,0.041,0.19
1.213,0.693,1.681,0.104,-0.1,-0.1,1.869,0.031,-0.1,-0.1,-0.1,-0.1,-0.1,-0.1,1.271,0.799,-0.1,-0.1,1.569,0.703,0.275,0.93,-0.1,-0.1,-0.1,-0.1,0.33,0.2,-0.1,-0.1,0.041,0.19
1.233,0.685,1.681,0.105,-0.1,-0.1,1.869,0.031,-0.1,-0.1,-0.1,-0.1,-0.1,-0.1,1.292,0.818,-0.1,-0.1,1.568,0.704,0.276,0.93,-0.1,-0.1,-0.1,-0.1,0.329,0.2,-0.1,-0.1,0.041,0.19
1.249,0.679,1.681,0.105,-0.1,-0.1,1.868,0.031,-0.1,-0.1,-0.1,-0.1,-0.1,-0.1,1.31,0.833,-0.1,-0.1,1.567,0.705,0.275,0.931,-0.1,-0.1,-0.1,-0.1,0.33,0.2,-0.1,-0.1,0.041,0.191
1.267,0.673,1.681,0.105,-0.1,-0.1,1.869,0.03,-0.1,-0.1,-0.1,-0.1,-0.1,-0.1,1.325,0.848,-0.1,-0.1,1.567,0.703,0.276,0.93,-0.1,-0.1,-0.1,-0.1,0.331,0.201,-0.1,-0.1,0.041,0.19
1.285,0.667,1.68,0.105,-0.1,-0.1,1.868,0.031,-0.1,-0.1,-0.1,-0.1,-0.1,-0.1,1.339,0.862,-0.1,-0.1,1.565,0.703,0.275,0.929,-0.1,-0.1,-0.1,-0.1,0.33,0.201,-0.1,-0.1,0.041,0.191
1.302,0.661,1.681,0.103,-0.1,-0.1,1.869,0.03,-0.1,-0.1,-0.1,-0.1,-0.1,-0.1,1.357,0.878,-0.1,-0.1,1.568,0.703,0.276,0.93,-0.1,-0.1,-0.1,-0.1,0.331,0.201,-0.1,-0.1,0.04,0.191
1.321,0.655,1.68,0.105,-0.1,-0.1,1.87,0.03,-0.1,-0.1,-0.1,-0.1,-0.1,-0.1,1.372,0.891,-0.1,-0.1,1.568,0.703,0.275,0.931,-0.1,-0.1,-0.1,-0.1,0.33,0.2,-0.1,-0.1,0.041,0.191
1.337,0.648,1.68,0.105,-0.1,-0.1,1.869,0.03,-0.1,-0.1,-0.1,-0.1,-0.1,-0.1,1.386,0.904,-0.1,-0.1,1.566,0.703,0.275,0.93,-0.1,-0.1,-0.1,-0.1,0.329,0.201,-0.1,-0.1,0.041,0.19
1.357,0.643,1.68,0.105,-0.1,-0.1,1.869,0.031,-0.1,-0.1,-0.1,-0.1,-0.1,-0.1,1.402,0.919,-0.1,-0.1,1.567,0.706,0.276,0.931,-0.1,-0.1,-0.1,-0.1,0.331,0.2,-0.1,-0.1,0.041,0.19
1.375,0.637,1.68,0.104,-0.1,-0.1,1.868,0.031,-0.1,-0.1,-0.1,-0.1,-0.1,-0.1,1.414,0.934,-0.1,-0.1,1.568,0.703,0.275,0.931,-0.1,-0.1,-0.1,-0.1,0.33,0.201,-0.1,-0.1,0.041,0.19
1.391,0.631,1.68,0.104,-0.1,-0.1,1.869,0.03,-0.1,-0.1,-0.1,-0.1,-0.1,-0.1,1.426,0.931,-0.1,-0.1,1.566,0.704,0.276,0.93,-0.1,-0.1,-0.1,-0.1,0.331,0.202,-0.1,-0.1,0.041,0.19
1.411,0.625,1.681,0.105,-0.1,-0.1,1.869,0.03,-0.1,-0.1,-0.1,-0.1,-0.1,-0.1,1.441,0.921,-0.1,-0.1,1.567,0.704,0.277,0.929,-0.1,-0.1,-0.1,-0.1,0.331,0.202,-0.1,-0.1,0.041,0.19
1.424,0.62,1.681,0.106,-0.1,-0.1,1.869,0.03,-0.1,-0.1,-0.1,-0.1,-0.1,-0.1,1.451,0.913,-0.1,-0.1,1.567,0.704,0.274,0.931,-0.1,-0.1,-0.1,-0.1,0.33,0.201,-0.1,-0.1,0.039,0.19
1.442,0.613,1.681,0.105,-0.1,-0.1,1.869,0.031,-0.1,-0.1,-0.1,-0.1,-0.1,-0.1,1.461,0.906,-0.1,-0.1,1.568,0.702,0.276,0.93,-0.1,-0.1,-0.1,-0.1,0.332,0.2,-0.1,-0.1,0.041,0.19
1.458,0.607,1.681,0.104,-0.1,-0.1,1.869,0.031,-0.1,-0.1,-0.1,-0.1,-0.1,-0.1,1.472,0.898,-0.1,-0.1,1.566,0.704,0.276,0.93,-0.1,-0.1,-0.1,-0.1,0.33,0.201,-0.1,-0.1,0.041,0.19
1.477,0.602,1.681,0.104,-0.1,-0.1,1.869,0.031,-0.1,-0.1,-0.1,-0.1,-0.1,-0.1,1.484,0.894,-0.1,-0.1,1.566,0.704,0.276,0.93,-0.1,-0.1,-0.1,-0.1,0.332,0.201,-0.1,-0.1,0.041,0.19
1.494,0.597,1.681,0.106,-0.1,-0.1,1.869,0.03,-0.1,-0.1,-0.1,-0.1,-0.1,-0.1,1.494,0.885,-0.1,-0.1,1.565,0.703,0.276,0.93,-0.1,-0.1,-0.1,-0.1,0.33,0.201,-0.1,-0.1,0.04,0.19
1.513,0.586,1.681,0.105,-0.1,-0.1,1.869,0.03,-0.1,-0.1,-0.1,-0.1,-0.1,-0.1,1.504,0.876,-0.1,-0.1,1.566,0.704,0.276,0.93,-0.1,-0.1,-0.1,-0.1,0.33,0.2,-0.1,-0.1,0.041,0.19
1.528,0.585,1.68,0.105,-0.1,-0.1,1.869,0.03,-0.1,-0.1,-0.1,-0.1,-0.1,-0.1,1.514,0.87,-0.1,-0.1,1.567,0.704,0.275,0.93,-0.1,-0.1,-0.1,-0.1,0.331,0.2,-0.1,-0.1,0.041,0.191
1.549,0.578,1.681,0.105,-0.1,-0.1,1.869,0.03,-0.1,-0.1,-0.1,-0.1,-0.1,-0.1,1.524,0.864,-0.1,-0.1,1.567,0.704,0.275,0.93,-0.1,-0.1,-0.1,-0.1,0.332,0.2,-0.1,-0.1,0.04,0.189
1.564,0.574,1.681,0.105,-0.1,-0.1,1.869,0.03,-0.1,-0.1,-0.1,-0.1,-0.1,-0.1,1.535,0.858,-0.1,-0.1,1.565,0.704,0.275,0.93,-0.1,-0.1,-0.1,-0.1,0.331,0.2,-0.1,-0.1,0.041,0.191
1.58,0.566,1.68,0.105,-0.1,-0.1,1.869,0.03,-0.1,-0.1,-0.1,-0.1,-0.1,-0.1,1.545,0.85,-0.1,-0.1,1.568,0.703,0.276,0.93,-0.1,-0.1,-0.1,-0.1,0.33,0.2,-0.1,-0.1,0.041,0.191
1.594,0.561,1.681,0.104,-0.1,-0.1,1.869,0.031,-0.1,-0.1,-0.1,-0.1,-0.1,-0.1,1.558,0.843,-0.1,-0.1,1.567,0.704,0.275,0.93,-0.1,-0.1,-0.1,-0.1,0.331,0.2,-0.1,-0.1,0.041,0.19
1.612,0.555,1.682,0.104,-0.1,-0.1,1.869,0.03,-0.1,-0.1,-0.1,-0.1,-0.1,-0.1,1.568,0.836,-0.1,-0.1,1.568,0.702,0.275,0.93,-0.1,-0.1,-0.1,-0.1,0.331,0.2,-0.1,-0.1,0.042,0.19
1.628,0.551,1.682,0.104,-0.1,-0.1,1.869,0.031,-0.1,-0.1,-0.1,-0.1,-0.1,-0.1,1.576,0.828,-0.1,-0.1,1.568,0.703,0.275,0.931,-0.1,-0.1,-0.1,-0.1,0.332,0.2,-0.1,-0.1,0.04,0.189
1.643,0.545,1.68,0.105,-0.1,-0.1,1.87,0.03,-0.1,-0.1,-0.1,-0.1,-0.1,-0.1,1.588,0.821,-0.1,-0.1,1.568,0.704,0.274,0.93,-0.1,-0.1,-0.1,-0.1,0.33,0.201,-0.1,-0.1,0.039,0.189
1.662,0.538,1.68,0.105,-0.1,-0.1,1.87,0.03,-0.1,-0.1,-0.1,-0.1,-0.1,-0.1,1.598,0.816,-0.1,-0.1,1.568,0.703,0.275,0.93,-0.1,-0.1,-0.1,-0.1,0.332,0.2,-0.1,-0.1,0.039,0.19
1.675,0.532,1.681,0.105,-0.1,-0.1,1.869,0.031,-0.1,-0.1,-0.1,-0.1,-0.1,-0.1,1.606,0.81,-0.1,-0.1,1.568,0.702,0.274,0.93,-0.1,-0.1,-0.1,-0.1,0.332,0.199,-0.1,-0.1,0.039,0.19
1.695,0.527,1.681,0.106,-0.1,-0.1,1.869,0.031,-0.1,-0.1,-0.1,-0.1,-0.1,-0.1,1.617,0.804,-0.1,-0.1,1.568,0.704,0.275,0.93,-0.1,-0.1,-0.1,-0.1,0.33,0.2,-0.1,-0.1,0.041,0.189
1.71,0.521,1.682,0.105,-0.1,-0.1,1.869,0.03,-0.1,-0.1,-0.1,-0.1,-0.1,-0.1,1.628,0.798,-0.1,-0.1,1.568,0.704,0.275,0.93,-0.1,-0.1,-0.1,-0.1,0.331,0.201,-0.1,-0.1,0.04,0.19
1.725,0.519,1.68,0.104,-0.1,-0.1,1.869,0.03,-0.1,-0.1,-0.1,-0.1,-0.1,-0.1,1.635,0.791,-0.1,-0.1,1.567,0.704,0.275,0.93,-0.1,-0.1,-0.1,-0.1,0.331,0.2,-0.1,-0.1,0.041,0.19
1.742,0.51,1.681,0.104,-0.1,-0.1,1.869,0.031,-0.1,-0.1,-0.1,-0.1,-0.1,-0.1,1.647,0.785,-0.1,-0.1,1.568,0.703,0.275,0.93,-0.1,-0.1,-0.1,-0.1,0.33,0.201,-0.1,-0.1,0.041,0.19
1.758,0.506,1.681,0.104,-0.1,-0.1,1.87,0.031,-0.1,-0.1,-0.1,-0.1,-0.1,-0.1,1.656,0.778,-0.1,-0.1,1.566,0.704,0.274,0.93,-0.1,-0.1,-0.1,-0.1,0.33,0.201,-0.1,-0.1,0.041,0.19
1.775,0.5,1.681,0.104,-0.1,-0.1,1.869,0.03,-0.1,-0.1,-0.1,-0.1,-0.1,-0.1,1.666,0.772,-0.1,-0.1,1.568,0.703,0.274,0.931,-0.1,-0.1,-0.1,-0.1,0.332,0.201,-0.1,-0.1,0.04,0.189
1.788,0.494,1.68,0.105,-0.1,-0.1,1.87,0.031,-0.1,-0.1,-0.1,-0.1,-0.1,-0.1,1.675,0.764,-0.1,-0.1,1.568,0.702,0.275,0.931,-0.1,-0.1,-0.1,-0.1,0.331,0.2,-0.1,-0.1,0.04,0.19
1.808,0.489,1.68,0.104,-0.1,-0.1,1.869,0.031,-0.1,-0.1,-0.1,-0.1,-0.1,-0.1,1.684,0.759,-0.1,-0.1,1.567,0.704,0.275,0.93,-0.1,-0.1,-0.1,-0.1,0.33,0.201,-0.1,-0.1,0.041,0.189
1.821,0.485,1.681,0.105,-0.1,-0.1,1.869,0.03,-0.1,-0.1,-0.1,-0.1,-0.1,-0.1,1.692,0.753,-0.1,-0.1,1.568,0.704,0.274,0.93,-0.1,-0.1,-0.1,-0.1,0.332,0.2,-0.1,-0.1,0.041,0.189
1.834,0.478,1.681,0.105,-0.1,-0.1,1.869,0.031,-0.1,-0.1,-0.1,-0.1,-0.1,-0.1,1.702,0.747,-0.1,-0.1,1.568,0.703,0.275,0.93,-0.1,-0.1,-0.1,-0.1,0.33,0.201,-0.1,-0.1,0.04,0.189
1.846,0.474,1.681,0.105,-0.1,-0.1,1.869,0.031,-0.1,-0.1,-0.1,-0.1,-0.1,-0.1,1.712,0.741,-0.1,-0.1,1.567,0.703,0.275,0.931,-0.1,-0.1,-0.1,-0.1,0.331,0.2,-0.1,-0.1,0.041,0.19
1.858,0.468,1.681,0.104,-0.1,-0.1,1.869,0.031,-0.1,-0.1,-0.1,-0.1,-0.1,-0.1,1.722,0.734,-0.1,-0.1,1.565,0.703,0.275,0.93,-0.1,-0.1,-0.1,-0.1,0.33,0.2,-0.1,-0.1,0.041,0.19
1.881,0.459,1.681,0.105,-0.1,-0.1,1.868,0.031,-0.1,-0.1,-0.1,-0.1,-0.1,-0.1,1.731,0.727,-0.1,-0.1,1.567,0.704,0.275,0.931,-0.1,-0.1,-0.1,-0.1,0.331,0.203,-0.1,-0.1,0.04,0.19
1.894,0.46,1.68,0.105,-0.1,-0.1,1.87,0.03,-0.1,-0.1,-0.1,-0.1,-0.1,-0.1,1.74,0.722,-0.1,-0.1,1.567,0.705,0.276,0.93,-0.1,-0.1,-0.1,-0.1,0.331,0.201,-0.1,-0.1,0.041,0.19
1.899,0.452,1.68,0.105,-0.1,-0.1,1.869,0.03,-0.1,-0.1,-0.1,-0.1,-0.1,-0.1,1.748,0.716,-0.1,-0.1,1.567,0.703,0.275,0.93,-0.1,-0.1,-0.1,-0.1,0.33,0.201,-0.1,-0.1,0.041,0.19
1.899,0.448,1.681,0.104,-0.1,-0.1,1.869,0.031,-0.1,-0.1,-0.1,-0.1,-0.1,-0.1,1.757,0.71,-0.1,-0.1,1.567,0.704,0.275,0.931,-0.1,-0.1,-0.1,-0.1,0.332,0.2,-0.1,-0.1,0.041,0.19
1.876,0.444,1.681,0.105,-0.1,-0.1,1.869,0.03,-0.1,-0.1,-0.1,-0.1,-0.1,-0.1,1.768,0.703,-0.1,-0.1,1.567,0.704,0.275,0.931,-0.1,-0.1,-0.1,-0.1,0.329,0.201,-0.1,-0.1,0.04,0.189
1.868,0.438,1.68,0.104,-0.1,-0.1,1.87,0.03,-0.1,-0.1,-0.1,-0.1,-0.1,-0.1,1.776,0.697,-0.1,-0.1,1.567,0.702,0.275,0.931,-0.1,-0.1,-0.1,-0.1,0.33,0.201,-0.1,-0.1,0.041,0.19
1.88,0.434,1.681,0.104,-0.1,-0.1,1.869,0.031,-0.1,-0.1,-0.1,-0.1,-0.1,-0.1,1.783,0.691,-0.1,-0.1,1.565,0.702,0.274,0.931,-0.1,-0.1,-0.1,-0.1,0.332,0.2,-0.1,-0.1,0.041,0.191
1.871,0.429,1.681,0.103,-0.1,-0.1,1.87,0.031,-0.1,-0.1,-0.1,-0.1,-0.1,-0.1,1.793,0.685,-0.1,-0.1,1.568,0.703,0.275,0.931,-0.1,-0.1,-0.1,-0.1,0.332,0.2,-0.1,-0.1,0.041,0.191
1.861,0.426,1.681,0.104,-0.1,-0.1,1.869,0.03,-0.1,-0.1,-0.1,-0.1,-0.1,-0.1,1.8,0.68,-0.1,-0.1,1.567,0.703,0.275,0.931,-0.1,-0.1,-0.1,-0.1,0.332,0.2,-0.1,-0.1,0.04,0.19
1.845,0.422,1.682,0.105,-0.1,-0.1,1.869,0.03,-0.1,-0.1,-0.1,-0.1,-0.1,-0.1,1.807,0.674,-0.1,-0.1,1.567,0.703,0.275,0.93,-0.1,-0.1,-0.1,-0.1,0.33,0.2,-0.1,-0.1,0.04,0.19
1.844,0.417,1.681,0.104,-0.1,-0.1,1.87,0.03,-0.1,-0.1,-0.1,-0.1,-0.1,-0.1,1.819,0.669,-0.1,-0.1,1.566,0.704,0.275,0.931,-0.1,-0.1,-0.1,-0.1,0.329,0.201,-0.1,-0.1,0.04,0.189
1.83,0.414,1.681,0.106,-0.1,-0.1,1.869,0.03,-0.1,-0.1,-0.1,-0.1,-0.1,-0.1,1.825,0.664,-0.1,-0.1,1.567,0.703,0.275,0.931,-0.1,-0.1,-0.1,-0.1,0.33,0.2,-0.1,-0.1,0.04,0.19
1.813,0.41,1.681,0.105,-0.1,-0.1,1.869,0.031,-0.1,-0.1,-0.1,-0.1,-0.1,-0.1,1.831,0.658,-0.1,-0.1,1.566,0.703,0.275,0.931,-0.1,-0.1,-0.1,-0.1,0.332,0.2,-0.1,-0.1,0.039,0.19
1.818,0.404,1.681,0.106,-0.1,-0.1,1.869,0.03,-0.1,-0.1,-0.1,-0.1,-0.1,-0.1,1.842,0.653,-0.1,-0.1,1.567,0.703,0.275,0.93,-0.1,-0.1,-0.1,-0.1,0.331,0.201,-0.1,-0.1,0.039,0.19
1.793,0.402,1.681,0.106,-0.1,-0.1,1.87,0.031,-0.1,-0.1,-0.1,-0.1,-0.1,-0.1,1.85,0.648,-0.1,-0.1,1.567,0.703,0.275,0.931,-0.1,-0.1,-0.1,-0.1,0.33,0.201,-0.1,-0.1,0.04,0.191
1.794,0.396,1.681,0.105,-0.1,-0.1,1.869,0.031,-0.1,-0.1,-0.1,-0.1,-0.1,-0.1,1.857,0.641,-0.1,-0.1,1.567,0.704,0.275,0.931,-0.1,-0.1,-0.1,-0.1,0.33,0.201,-0.1,-0.1,0.04,0.19
1.779,0.395,1.682,0.105,-0.1,-0.1,1.869,0.03,-0.1,-0.1,-0.1,-0.1,-0.1,-0.1,1.863,0.636,-0.1,-0.1,1.567,0.703,0.275,0.931,-0.1,-0.1,-0.1,-0.1,0.33,0.201,-0.1,-0.1,0.04,0.19
1.785,0.389,1.68,0.105,-0.1,-0.1,1.869,0.031,-0.1,-0.1,-0.1,-0.1,-0.1,-0.1,1.875,0.63,-0.1,-0.1,1.567,0.704,0.274,0.932,-0.1,-0.1,-0.1,-0.1,0.33,0.201,-0.1,-0.1,0.041,0.191
1.774,0.385,1.681,0.105,-0.1,-0.1,1.868,0.031,-0.1,-0.1,-0.1,-0.1,-0.1,-0.1,1.881,0.624,-0.1,-0.1,1.567,0.704,0.275,0.931,-0.1,-0.1,-0.1,-0.1,0.33,0.201,-0.1,-0.1,0.041,0.19
1.752,0.382,1.681,0.105,-0.1,-0.1,1.869,0.03,-0.1,-0.1,-0.1,-0.1,-0.1,-0.1,1.889,0.62,-0.1,-0.1,1.567,0.702,0.275,0.93,-0.1,-0.1,-0.1,-0.1,0.331,0.201,-0.1,-0.1,0.041,0.191
1.745,0.378,1.68,0.105,-0.1,-0.1,1.869,0.031,-0.1,-0.1,-0.1,-0.1,-0.1,-0.1,1.896,0.614,-0.1,-0.1,1.567,0.704,0.274,0.931,-0.1,-0.1,-0.1,-0.1,0.33,0.202,-0.1,-0.1,0.039,0.191
1.745,0.373,1.68,0.105,-0.1,-0.1,1.869,0.031,-0.1,-0.1,-0.1,-0.1,-0.1,-0.1,1.904,0.607,-0.1,-0.1,1.565,0.703,0.275,0.93,-0.1,-0.1,-0.1,-0.1,0.331,0.201,-0.1,-0.1,0.04,0.19
1.729,0.37,1.68,0.106,-0.1,-0.1,1.87,0.031,-0.1,-0.1,-0.1,-0.1,-0.1,-0.1,1.908,0.602,-0.1,-0.1,1.567,0.704,0.273,0.931,-0.1,-0.1,-0.1,-0.1,0.332,0.201,-0.1,-0.1,0.039,0.189
1.728,0.366,1.68,0.104,-0.1,-0.1,1.869,0.03,-0.1,-0.1,-0.1,-0.1,-0.1,-0.1,1.915,0.598,-0.1,-0.1,1.567,0.704,0.275,0.93,-0.1,-0.1,-0.1,-0.1,0.33,0.202,-0.1,-0.1,0.041,0.191
1.723,0.36,1.681,0.104,-0.1,-0.1,1.869,0.031,-0.1,-0.1,-0.1,-0.1,-0.1,-0.1,1.919,0.591,-0.1,-0.1,1.567,0.704,0.275,0.931,-0.1,-0.1,-0.1,-0.1,0.329,0.201,-0.1,-0.1,0.039,0.19
1.713,0.359,1.681,0.103,-0.1,-0.1,1.87,0.031,-0.1,-0.1,-0.1,-0.1,-0.1,-0.1,1.914,0.588,-0.1,-0.1,1.566,0.702,0.274,0.93,-0.1,-0.1,-0.1,-0.1,0.329,0.201,-0.1,-0.1,0.04,0.19
1.707,0.354,1.68,0.105,-0.1,-0.1,1.869,0.03,-0.1,-0.1,-0.1,-0.1,-0.1,-0.1,1.909,0.584,-0.1,-0.1,1.566,0.703,0.275,0.931,-0.1,-0.1,-0.1,-0.1,0.329,0.201,-0.1,-0.1,0.041,0.19
1.696,0.351,1.681,0.103,-0.1,-0.1,1.868,0.031,-0.1,-0.1,-0.1,-0.1,-0.1,-0.1,1.907,0.582,-0.1,-0.1,1.569,0.704,0.274,0.931,-0.1,-0.1,-0.1,-0.1,0.331,0.201,-0.1,-0.1,0.041,0.19
1.687,0.347,1.681,0.103,-0.1,-0.1,1.869,0.03,-0.1,-0.1,-0.1,-0.1,-0.1,-0.1,1.903,0.577,-0.1,-0.1,1.566,0.706,0.274,0.931,-0.1,-0.1,-0.1,-0.1,0.331,0.201,-0.1,-0.1,0.041,0.191
1.686,0.344,1.681,0.105,-0.1,-0.1,1.868,0.03,-0.1,-0.1,-0.1,-0.1,-0.1,-0.1,1.901,0.574,-0.1,-0.1,1.566,0.704,0.275,0.93,-0.1,-0.1,-0.1,-0.1,0.329,0.201,-0.1,-0.1,0.041,0.19
1.679,0.341,1.681,0.105,-0.1,-0.1,1.868,0.031,-0.1,-0.1,-0.1,-0.1,-0.1,-0.1,1.893,0.569,-0.1,-0.1,1.567,0.704,0.275,0.931,-0.1,-0.1,-0.1,-0.1,0.331,0.203,-0.1,-0.1,0.041,0.191
1.663,0.338,1.68,0.105,-0.1,-0.1,1.87,0.031,-0.1,-0.1,-0.1,-0.1,-0.1,-0.1,1.89,0.565,-0.1,-0.1,1.566,0.703,0.274,0.931,-0.1,-0.1,-0.1,-0.1,0.329,0.201,-0.1,-0.1,0.041,0.191
1.67,0.33,1.68,0.105,-0.1,-0.1,1.87,0.03,-0.1,-0.1,-0.1,-0.1,-0.1,-0.1,1.884,0.562,-0.1,-0.1,1.567,0.703,0.275,0.931,-0.1,-0.1,-0.1,-0.1,0.329,0.201,-0.1,-0.1,0.041,0.19
1.655,0.332,1.681,0.105,-0.1,-0.1,1.868,0.031,-0.1,-0.1,-0.1,-0.1,-0.1,-0.1,1.884,0.558,-0.1,-0.1,1.566,0.704,0.274,0.93,-0.1,-0.1,-0.1,-0.1,0.329,0.201,-0.1,-0.1,0.041,0.191
1.651,0.326,1.68,0.105,-0.1,-0.1,1.869,0.031,-0.1,-0.1,-0.1,-0.1,-0.1,-0.1,1.879,0.556,-0.1,-0.1,1.567,0.704,0.275,0.93,-0.1,-0.1,-0.1,-0.1,0.331,0.201,-0.1,-0.1,0.042,0.19
1.648,0.323,1.68,0.105,-0.1,-0.1,1.869,0.031,-0.1,-0.1,-0.1,-0.1,-0.1,-0.1,1.876,0.551,-0.1,-0.1,1.567,0.703,0.275,0.93,-0.1,-0.1,-0.1,-0.1,0.33,0.201,-0.1,-0.1,0.041,0.191
1.636,0.322,1.68,0.105,-0.1,-0.1,1.869,0.031,-0.1,-0.1,-0.1,-0.1,-0.1,-0.1,1.873,0.547,-0.1,-0.1,1.567,0.704,0.275,0.931,-0.1,-0.1,-0.1,-0.1,0.329,0.201,-0.1,-0.1,0.04,0.19
1.631,0.318,1.68,0.105,-0.1,-0.1,1.869,0.031,-0.1,-0.1,-0.1,-0.1,-0.1,-0.1,1.868,0.542,-0.1,-0.1,1.567,0.704,0.275,0.93,-0.1,-0.1,-0.1,-0.1,0.33,0.201,-0.1,-0.1,0.04,0.19
1.623,0.312,1.68,0.106,-0.1,-0.1,1.87,0.03,-0.1,-0.1,-0.1,-0.1,-0.1,-0.1,1.863,0.54,-0.1,-0.1,1.567,0.704,0.274,0.931,-0.1,-0.1,-0.1,-0.1,0.33,0.203,-0.1,-0.1,0.041,0.191
1.618,0.312,1.68,0.105,-0.1,-0.1,1.868,0.031,-0.1,-0.1,-0.1,-0.1,-0.1,-0.1,1.863,0.537,-0.1,-0.1,1.566,0.704,0.274,0.932,-0.1,-0.1,-0.1,-0.1,0.329,0.202,-0.1,-0.1,0.041,0.191
1.612,0.307,1.68,0.105,-0.1,-0.1,1.869,0.031,-0.1,-0.1,-0.1,-0.1,-0.1,-0.1,1.859,0.534,-0.1,-0.1,1.567,0.704,0.275,0.931,-0.1,-0.1,-0.1,-0.1,0.33,0.201,-0.1,-0.1,0.04,0.19
1.605,0.303,1.68,0.106,-0.1,-0.1,1.869,0.031,-0.1,-0.1,-0.1,-0.1,-0.1,-0.1,1.852,0.529,-0.1,-0.1,1.567,0.704,0.274,0.931,-0.1,-0.1,-0.1,-0.1,0.331,0.201,-0.1,-0.1,0.041,0.19
1.599,0.3,1.68,0.105,-0.1,-0.1,1.87,0.03,-0.1,-0.1,-0.1,-0.1,-0.1,-0.1,1.852,0.527,-0.1,-0.1,1.568,0.704,0.275,0.931,-0.1,-0.1,-0.1,-0.1,0.331,0.203,-0.1,-0.1,0.041,0.19
1.593,0.296,1.681,0.105,-0.1,-0.1,1.869,0.031,-0.1,-0.1,-0.1,-0.1,-0.1,-0.1,1.845,0.524,-0.1,-0.1,1.567,0.704,0.274,0.931,-0.1,-0.1,-0.1,-0.1,0.33,0.201,-0.1,-0.1,0.041,0.191
1.585,0.297,1.681,0.105,-0.1,-0.1,1.869,0.031,-0.1,-0.1,-0.1,-0.1,-0.1,-0.1,1.844,0.519,-0.1,-0.1,1.567,0.704,0.275,0.931,-0.1,-0.1,-0.1,-0.1,0.329,0.201,-0.1,-0.1,0.041,0.19
1.583,0.291,1.679,0.105,-0.1,-0.1,1.87,0.031,-0.1,-0.1,-0.1,-0.1,-0.1,-0.1,1.838,0.516,-0.1,-0.1,1.567,0.704,0.275,0.931,-0.1,-0.1,-0.1,-0.1,0.329,0.201,-0.1,-0.1,0.041,0.191
1.579,0.289,1.679,0.105,-0.1,-0.1,1.87,0.03,-0.1,-0.1,-0.1,-0.1,-0.1,-0.1,1.837,0.514,-0.1,-0.1,1.567,0.704,0.274,0.931,-0.1,-0.1,-0.1,-0.1,0.33,0.202,-0.1,-0.1,0.041,0.191
1.569,0.287,1.68,0.105,-0.1,-0.1,1.869,0.03,-0.1,-0.1,-0.1,-0.1,-0.1,-0.1,1.836,0.511,-0.1,-0.1,1.566,0.704,0.275,0.931,-0.1,-0.1,-0.1,-0.1,0.33,0.203,-0.1,-0.1,0.04,0.19
1.563,0.284,1.681,0.105,-0.1,-0.1,1.87,0.031,-0.1,-0.1,-0.1,-0.1,-0.1,-0.1,1.831,0.507,-0.1,-0.1,1.566,0.705,0.274,0.932,-0.1,-0.1,-0.1,-0.1,0.33,0.201,-0.1,-0.1,0.04,0.19
1.555,0.284,1.681,0.105,-0.1,-0.1,1.87,0.031,-0.1,-0.1,-0.1,-0.1,-0.1,-0.1,1.83,0.503,-0.1,-0.1,1.566,0.705,0.275,0.931,-0.1,-0.1,-0.1,-0.1,0.331,0.202,-0.1,-0.1,0.039,0.19
1.551,0.279,1.68,0.105,-0.1,-0.1,1.869,0.03,-0.1,-0.1,-0.1,-0.1,-0.1,-0.1,1.826,0.501,-0.1,-0.1,1.566,0.704,0.274,0.931,-0.1,-0.1,-0.1,-0.1,0.33,0.201,-0.1,-0.1,0.04,0.19
1.549,0.276,1.681,0.105,-0.1,-0.1,1.869,0.031,-0.1,-0.1,-0.1,-0.1,-0.1,-0.1,1.821,0.498,-0.1,-0.1,1.566,0.703,0.275,0.931,-0.1,-0.1,-0.1,-0.1,0.329,0.201,-0.1,-0.1,0.04,0.19
1.539,0.273,1.68,0.106,-0.1,-0.1,1.871,0.03,-0.1,-0.1,-0.1,-0.1,-0.1,-0.1,1.821,0.495,-0.1,-0.1,1.567,0.704,0.274,0.931,-0.1,-0.1,-0.1,-0.1,0.329,0.201,-0.1,-0.1,0.041,0.191
1.533,0.273,1.68,0.105,-0.1,-0.1,1.869,0.03,-0.1,-0.1,-0.1,-0.1,-0.1,-0.1,1.819,0.492,-0.1,-0.1,1.566,0.704,0.274,0.932,-0.1,-0.1,-0.1,-0.1,0.329,0.201,-0.1,-0.1,0.041,0.19
1.527,0.271,1.68,0.106,-0.1,-0.1,1.87,0.031,-0.1,-0.1,-0.1,-0.1,-0.1,-0.1,1.814,0.49,-0.1,-0.1,1.565,0.703,0.274,0.93,-0.1,-0.1,-0.1,-0.1,0.33,0.203,-0.1,-0.1,0.041,0.189
1.525,0.265,1.68,0.106,-0.1,-0.1,1.869,0.03,-0.1,-0.1,-0.1,-0.1,-0.1,-0.1,1.81,0.487,-0.1,-0.1,1.566,0.704,0.274,0.931,-0.1,-0.1,-0.1,-0.1,0.33,0.203,-0.1,-0.1,0.04,0.189
1.517,0.264,1.68,0.105,-0.1,-0.1,1.869,0.031,-0.1,-0.1,-0.1,-0.1,-0.1,-0.1,1.807,0.486,-0.1,-0.1,1.567,0.704,0.275,0.931,-0.1,-0.1,-0.1,-0.1,0.331,0.204,-0.1,-0.1,0.041,0.19
1.514,0.261,1.68,0.105,-0.1,-0.1,1.87,0.031,-0.1,-0.1,-0.1,-0.1,-0.1,-0.1,1.806,0.483,-0.1,-0.1,1.567,0.704,0.274,0.932,-0.1,-0.1,-0.1,-0.1,0.33,0.2,-0.1,-0.1,0.041,0.19
1.506,0.26,1.681,0.105,-0.1,-0.1,1.87,0.03,-0.1,-0.1,-0.1,-0.1,-0.1,-0.1,1.804,0.48,-0.1,-0.1,1.565,0.703,0.274,0.931,-0.1,-0.1,-0.1,-0.1,0.331,0.201,-0.1,-0.1,0.042,0.19
1.503,0.258,1.68,0.106,-0.1,-0.1,1.87,0.03,-0.1,-0.1,-0.1,-0.1,-0.1,-0.1,1.8,0.478,-0.1,-0.1,1.567,0.704,0.274,0.931,-0.1,-0.1,-0.1,-0.1,0.33,0.2,-0.1,-0.1,0.042,0.19
1.497,0.258,1.68,0.105,-0.1,-0.1,1.869,0.031,-0.1,-0.1,-0.1,-0.1,-0.1,-0.1,1.799,0.475,-0.1,-0.1,1.566,0.704,0.275,0.932,-0.1,-0.1,-0.1,-0.1,0.33,0.202,-0.1,-0.1,0.041,0.19
1.49,0.256,1.681,0.105,-0.1,-0.1,1.869,0.031,-0.1,-0.1,-0.1,-0.1,-0.1,-0.1,1.796,0.472,-0.1,-0.1,1.566,0.705,0.275,0.932,-0.1,-0.1,-0.1,-0.1,0.329,0.201,-0.1,-0.1,0.04,0.19
1.489,0.251,1.68,0.106,-0.1,-0.1,1.869,0.032,-0.1,-0.1,-0.1,-0.1,-0.1,-0.1,1.792,0.471,-0.1,-0.1,1.566,0.704,0.274,0.931,-0.1,-0.1,-0.1,-0.1,0.329,0.201,-0.1,-0.1,0.041,0.19
1.483,0.25,1.682,0.104,-0.1,-0.1,1.869,0.03,-0.1,-0.1,-0.1,-0.1,-0.1,-0.1,1.791,0.468,-0.1,-0.1,1.565,0.704,0.274,0.932,-0.1,-0.1,-0.1,-0.1,0.328,0.201,-0.1,-0.1,0.04,0.191
1.478,0.248,1.68,0.105,-0.1,-0.1,1.87,0.03,-0.1,-0.1,-0.1,-0.1,-0.1,-0.1,1.789,0.466,-0.1,-0.1,1.565,0.704,0.274,0.931,-0.1,-0.1,-0.1,-0.1,0.33,0.204,-0.1,-0.1,0.041,0.191
1.471,0.246,1.68,0.106,-0.1,-0.1,1.869,0.031,-0.1,-0.1,-0.1,-0.1,-0.1,-0.1,1.786,0.464,-0.1,-0.1,1.565,0.705,0.274,0.931,-0.1,-0.1,-0.1,-0.1,0.329,0.201,-0.1,-0.1,0.041,0.19
1.467,0.245,1.68,0.105,-0.1,-0.1,1.869,0.031,-0.1,-0.1,-0.1,-0.1,-0.1,-0.1,1.786,0.461,-0.1,-0.1,1.566,0.703,0.275,0.93,-0.1,-0.1,-0.1,-0.1,0.329,0.201,-0.1,-0.1,0.041,0.19
1.462,0.242,1.68,0.105,-0.1,-0.1,1.87,0.031,-0.1,-0.1,-0.1,-0.1,-0.1,-0.1,1.782,0.458,-0.1,-0.1,1.566,0.703,0.274,0.931,-0.1,-0.1,-0.1,-0.1,0.33,0.202,-0.1,-0.1,0.041,0.191
1.457,0.24,1.681,0.104,-0.1,-0.1,1.87,0.031,-0.1,-0.1,-0.1,-0.1,-0.1,-0.1,1.78,0.457,-0.1,-0.1,1.566,0.704,0.274,0.932,-0.1,-0.1,-0.1,-0.1,0.331,0.201,-0.1,-0.1,0.042,0.19
1.454,0.237,1.68,0.105,-0.1,-0.1,1.87,0.031,-0.1,-0.1,-0.1,-0.1,-0.1,-0.1,1.778,0.456,-0.1,-0.1,1.566,0.704,0.274,0.931,-0.1,-0.1,-0.1,-0.1,0.329,0.201,-0.1,-0.1,0.04,0.191
1.449,0.237,1.68,0.105,-0.1,-0.1,1.87,0.031,-0.1,-0.1,-0.1,-0.1,-0.1,-0.1,1.777,0.452,-0.1,-0.1,1.565,0.704,0.274,0.932,-0.1,-0.1,-0.1,-0.1,0.331,0.201,-0.1,-0.1,0.039,0.19
1.446,0.234,1.68,0.106,-0.1,-0.1,1.87,0.031,-0.1,-0.1,-0.1,-0.1,-0.1,-0.1,1.775,0.451,-0.1,-0.1,1.566,0.704,0.275,0.931,-0.1,-0.1,-0.1,-0.1,0.33,0.202,-0.1,-0.1,0.041,0.19
1.441,0.233,1.68,0.105,-0.1,-0.1,1.869,0.031,-0.1,-0.1,-0.1,-0.1,-0.1,-0.1,1.773,0.45,-0.1,-0.1,1.566,0.704,0.276,0.932,-0.1,-0.1,-0.1,-0.1,0.329,0.201,-0.1,-0.1,0.042,0.19
1.436,0.233,1.68,0.105,-0.1,-0.1,1.869,0.031,-0.1,-0.1,-0.1,-0.1,-0.1,-0.1,1.772,0.448,-0.1,-0.1,1.566,0.704,0.274,0.932,-0.1,-0.1,-0.1,-0.1,0.329,0.201,-0.1,-0.1,0.04,0.19
1.434,0.23,1.68,0.105,-0.1,-0.1,1.869,0.031,-0.1,-0.1,-0.1,-0.1,-0.1,-0.1,1.771,0.446,-0.1,-0.1,1.566,0.705,0.275,0.931,-0.1,-0.1,-0.1,-0.1,0.33,0.203,-0.1,-0.1,0.041,0.19
1.43,0.227,1.68,0.105,-0.1,-0.1,1.869,0.031,-0.1,-0.1,-0.1,-0.1,-0.1,-0.1,1.769,0.445,-0.1,-0.1,1.566,0.705,0.274,0.931,-0.1,-0.1,-0.1,-0.1,0.329,0.201,-0.1,-0.1,0.04,0.19
1.427,0.225,1.68,0.105,-0.1,-0.1,1.869,0.032,-0.1,-0.1,-0.1,-0.1,-0.1,-0.1,1.768,0.443,-0.1,-0.1,1.567,0.704,0.275,0.931,-0.1,-0.1,-0.1,-0.1,0.33,0.201,-0.1,-0.1,0.04,0.19
1.423,0.222,1.68,0.104,-0.1,-0.1,1.869,0.031,-0.1,-0.1,-0.1,-0.1,-0.1,-0.1,1.769,0.441,-0.1,-0.1,1.565,0.704,0.274,0.931,-0.1,-0.1,-0.1,-0.1,0.331,0.202,-0.1,-0.1,0.039,0.189
1.42,0.223,1.681,0.105,-0.1,-0.1,1.869,0.031,-0.1,-0.1,-0.1,-0.1,-0.1,-0.1,1.765,0.44,-0.1,-0.1,1.566,0.704,0.275,0.931,-0.1,-0.1,-0.1,-0.1,0.329,0.201,-0.1,-0.1,0.04,0.19
1.414,0.222,1.68,0.105,-0.1,-0.1,1.87,0.031,-0.1,-0.1,-0.1,-0.1,-0.1,-0.1,1.766,0.439,-0.1,-0.1,1.567,0.703,0.275,0.931,-0.1,-0.1,-0.1,-0.1,0.329,0.201,-0.1,-0.1,0.041,0.19
1.412,0.219,1.68,0.105,-0.1,-0.1,1.869,0.031,-0.1,-0.1,-0.1,-0.1,-0.1,-0.1,1.764,0.438,-0.1,-0.1,1.567,0.703,0.274,0.931,-0.1,-0.1,-0.1,-0.1,0.328,0.201,-0.1,-0.1,0.041,0.19
1.408,0.217,1.68,0.105,-0.1,-0.1,1.87,0.031,-0.1,-0.1,-0.1,-0.1,-0.1,-0.1,1.764,0.437,-0.1,-0.1,1.567,0.704,0.274,0.932,-0.1,-0.1,-0.1,-0.1,0.331,0.201,-0.1,-0.1,0.041,0.191
1.404,0.217,1.681,0.106,-0.1,-0.1,1.869,0.031,-0.1,-0.1,-0.1,-0.1,-0.1,-0.1,1.762,0.436,-0.1,-0.1,1.566,0.703,0.275,0.931,-0.1,-0.1,-0.1,-0.1,0.331,0.201,-0.1,-0.1,0.04,0.19
1.399,0.215,1.681,0.106,-0.1,-0.1,1.869,0.031,-0.1,-0.1,-0.1,-0.1,-0.1,-0.1,1.762,0.434,-0.1,-0.1,1.566,0.704,0.275,0.931,-0.1,-0.1,-0.1,-0.1,0.331,0.201,-0.1,-0.1,0.041,0.191
1.397,0.212,1.68,0.106,-0.1,-0.1,1.87,0.031,-0.1,-0.1,-0.1,-0.1,-0.1,-0.1,1.761,0.433,-0.1,-0.1,1.566,0.704,0.274,0.931,-0.1,-0.1,-0.1,-0.1,0.329,0.201,-0.1,-0.1,0.041,0.19
1.393,0.212,1.68,0.106,-0.1,-0.1,1.869,0.03,-0.1,-0.1,-0.1,-0.1,-0.1,-0.1,1.759,0.431,-0.1,-0.1,1.566,0.704,0.275,0.931,-0.1,-0.1,-0.1,-0.1,0.331,0.201,-0.1,-0.1,0.041,0.19
1.39,0.208,1.681,0.105,-0.1,-0.1,1.87,0.031,-0.1,-0.1,-0.1,-0.1,-0.1,-0.1,1.758,0.43,-0.1,-0.1,1.565,0.705,0.275,0.931,-0.1,-0.1,-0.1,-0.1,0.329,0.201,-0.1,-0.1,0.04,0.19
1.388,0.208,1.68,0.105,-0.1,-0.1,1.869,0.031,-0.1,-0.1,-0.1,-0.1,-0.1,-0.1,1.757,0.429,-0.1,-0.1,1.565,0.705,0.274,0.931,-0.1,-0.1,-0.1,-0.1,0.329,0.201,-0.1,-0.1,0.041,0.19
1.385,0.208,1.68,0.106,-0.1,-0.1,1.868,0.031,-0.1,-0.1,-0.1,-0.1,-0.1,-0.1,1.757,0.428,-0.1,-0.1,1.567,0.704,0.275,0.931,-0.1,-0.1,-0.1,-0.1,0.33,0.201,-0.1,-0.1,0.04,0.191
1.383,0.205,1.681,0.104,-0.1,-0.1,1.87,0.031,-0.1,-0.1,-0.1,-0.1,-0.1,-0.1,1.757,0.427,-0.1,-0.1,1.564,0.704,0.275,0.931,-0.1,-0.1,-0.1,-0.1,0.329,0.201,-0.1,-0.1,0.04,0.19
1.381,0.204,1.681,0.105,-0.1,-0.1,1.87,0.031,-0.1,-0.1,-0.1,-0.1,-0.1,-0.1,1.755,0.427,-0.1,-0.1,1.566,0.705,0.274,0.931,-0.1,-0.1,-0.1,-0.1,0.33,0.203,-0.1,-0.1,0.04,0.19
1.376,0.202,1.68,0.105,-0.1,-0.1,1.869,0.031,-0.1,-0.1,-0.1,-0.1,-0.1,-0.1,1.755,0.425,-0.1,-0.1,1.566,0.704,0.274,0.932,-0.1,-0.1,-0.1,-0.1,0.329,0.202,-0.1,-0.1,0.04,0.189
1.374,0.202,1.679,0.105,-0.1,-0.1,1.869,0.031,-0.1,-0.1,-0.1,-0.1,-0.1,-0.1,1.756,0.425,-0.1,-0.1,1.565,0.703,0.274,0.931,-0.1,-0.1,-0.1,-0.1,0.33,0.201,-0.1,-0.1,0.042,0.191
1.373,0.201,1.679,0.105,-0.1,-0.1,1.869,0.031,-0.1,-0.1,-0.1,-0.1,-0.1,-0.1,1.755,0.424,-0.1,-0.1,1.564,0.703,0.275,0.931,-0.1,-0.1,-0.1,-0.1,0.331,0.201,-0.1,-0.1,0.04,0.189
1.367,0.196,1.679,0.105,-0.1,-0.1,1.869,0.031,-0.1,-0.1,-0.1,-0.1,-0.1,-0.1,1.753,0.423,-0.1,-0.1,1.567,0.704,0.274,0.931,-0.1,-0.1,-0.1,-0.1,0.331,0.201,-0.1,-0.1,0.04,0.189
1.365,0.197,1.679,0.105,-0.1,-0.1,1.87,0.03,-0.1,-0.1,-0.1,-0.1,-0.1,-0.1,1.753,0.423,-0.1,-0.1,1.566,0.704,0.275,0.932,-0.1,-0.1,-0.1,-0.1,0.331,0.202,-0.1,-0.1,0.04,0.19
1.367,0.196,1.68,0.105,-0.1,-0.1,1.869,0.031,-0.1,-0.1,-0.1,-0.1,-0.1,-0.1,1.754,0.422,-0.1,-0.1,1.566,0.704,0.275,0.932,-0.1,-0.1,-0.1,-0.1,0.331,0.204,-0.1,-0.1,0.039,0.189
1.361,0.196,1.68,0.105,-0.1,-0.1,1.87,0.031,-0.1,-0.1,-0.1,-0.1,-0.1,-0.1,1.753,0.422,-0.1,-0.1,1.565,0.704,0.274,0.931,-0.1,-0.1,-0.1,-0.1,0.33,0.201,-0.1,-0.1,0.041,0.19
1.359,0.195,1.68,0.105,-0.1,-0.1,1.869,0.031,-0.1,-0.1,-0.1,-0.1,-0.1,-0.1,1.753,0.421,-0.1,-0.1,1.566,0.705,0.275,0.932,-0.1,-0.1,-0.1,-0.1,0.331,0.202,-0.1,-0.1,0.041,0.189
1.359,0.192,1.681,0.105,-0.1,-0.1,1.869,0.031,-0.1,-0.1,-0.1,-0.1,-0.1,-0.1,1.752,0.42,-0.1,-0.1,1.566,0.705,0.276,0.931,-0.1,-0.1,-0.1,-0.1,0.329,0.202,-0.1,-0.1,0.04,0.19
1.354,0.192,1.681,0.105,-0.1,-0.1,1.869,0.031,-0.1,-0.1,-0.1,-0.1,-0.1,-0.1,1.752,0.42,-0.1,-0.1,1.566,0.704,0.275,0.932,-0.1,-0.1,-0.1,-0.1,0.328,0.202,-0.1,-0.1,0.04,0.189
1.353,0.191,1.68,0.106,-0.1,-0.1,1.87,0.031,-0.1,-0.1,-0.1,-0.1,-0.1,-0.1,1.751,0.42,-0.1,-0.1,1.566,0.703,0.275,0.931,-0.1,-0.1,-0.1,-0.1,0.331,0.201,-0.1,-0.1,0.041,0.19
1.352,0.191,1.68,0.105,-0.1,-0.1,1.87,0.031,-0.1,-0.1,-0.1,-0.1,-0.1,-0.1,1.752,0.419,-0.1,-0.1,1.564,0.703,0.276,0.931,-0.1,-0.1,-0.1,-0.1,0.33,0.201,-0.1,-0.1,0.041,0.19
1.349,0.19,1.681,0.105,-0.1,-0.1,1.87,0.032,-0.1,-0.1,-0.1,-0.1,-0.1,-0.1,1.751,0.42,-0.1,-0.1,1.564,0.704,0.275,0.931,-0.1,-0.1,-0.1,-0.1,0.328,0.201,-0.1,-0.1,0.042,0.19
1.346,0.188,1.68,0.106,-0.1,-0.1,1.869,0.031,-0.1,-0.1,-0.1,-0.1,-0.1,-0.1,1.752,0.419,-0.1,-0.1,1.563,0.703,0.275,0.931,-0.1,-0.1,-0.1,-0.1,0.331,0.202,-0.1,-0.1,0.041,0.191
1.346,0.189,1.68,0.106,-0.1,-0.1,1.869,0.031,-0.1,-0.1,-0.1,-0.1,-0.1,-0.1,1.75,0.419,-0.1,-0.1,1.565,0.703,0.275,0.931,-0.1,-0.1,-0.1,-0.1,0.33,0.202,-0.1,-0.1,0.041,0.19
1.343,0.187,1.68,0.106,-0.1,-0.1,1.869,0.031,-0.1,-0.1,-0.1,-0.1,-0.1,-0.1,1.752,0.419,-0.1,-0.1,1.565,0.704,0.275,0.931,-0.1,-0.1,-0.1,-0.1,0.331,0.2,-0.1,-0.1,0.039,0.19
1.34,0.184,1.68,0.105,-0.1,-0.1,1.87,0.031,-0.1,-0.1,-0.1,-0.1,-0.1,-0.1,1.752,0.419,-0.1,-0.1,1.566,0.704,0.274,0.932,-0.1,-0.1,-0.1,-0.1,0.328,0.201,-0.1,-0.1,0.039,0.19
1.339,0.185,1.681,0.105,-0.1,-0.1,1.869,0.031,-0.1,-0.1,-0.1,-0.1,-0.1,-0.1,1.752,0.42,-0.1,-0.1,1.567,0.704,0.274,0.932,-0.1,-0.1,-0.1,-0.1,0.331,0.202,-0.1,-0.1,0.041,0.19
1.339,0.183,1.68,0.105,-0.1,-0.1,1.869,0.032,-0.1,-0.1,-0.1,-0.1,-0.1,-0.1,1.751,0.421,-0.1,-0.1,1.567,0.704,0.275,0.931,-0.1,-0.1,-0.1,-0.1,0.329,0.201,-0.1,-0.1,0.04,0.19
1.334,0.185,1.68,0.105,-0.1,-0.1,1.869,0.031,-0.1,-0.1,-0.1,-0.1,-0.1,-0.1,1.751,0.42,-0.1,-0.1,1.566,0.703,0.274,0.931,-0.1,-0.1,-0.1,-0.1,0.329,0.202,-0.1,-0.1,0.04,0.19
1.334,0.182,1.681,0.104,-0.1,-0.1,1.87,0.031,-0.1,-0.1,-0.1,-0.1,-0.1,-0.1,1.751,0.42,-0.1,-0.1,1.566,0.705,0.274,0.931,-0.1,-0.1,-0.1,-0.1,0.329,0.202,-0.1,-0.1,0.04,0.191
1.334,0.183,1.68,0.104,-0.1,-0.1,1.87,0.032,-0.1,-0.1,-0.1,-0.1,-0.1,-0.1,1.753,0.42,-0.1,-0.1,1.565,0.705,0.274,0.931,-0.1,-0.1,-0.1,-0.1,0.331,0.201,-0.1,-0.1,0.041,0.19
1.332,0.182,1.681,0.105,-0.1,-0.1,1.869,0.031,-0.1,-0.1,-0.1,-0.1,-0.1,-0.1,1.752,0.421,-0.1,-0.1,1.566,0.705,0.274,0.931,-0.1,-0.1,-0.1,-0.1,0.331,0.201,-0.1,-0.1,0.04,0.19
1.333,0.18,1.679,0.106,-0.1,-0.1,1.869,0.031,-0.1,-0.1,-0.1,-0.1,-0.1,-0.1,1.752,0.42,-0.1,-0.1,1.565,0.705,0.274,0.931,-0.1,-0.1,-0.1,-0.1,0.329,0.201,-0.1,-0.1,0.039,0.191
1.332,0.181,1.68,0.105,-0.1,-0.1,1.87,0.032,-0.1,-0.1,-0.1,-0.1,-0.1,-0.1,1.752,0.42,-0.1,-0.1,1.566,0.705,0.274,0.931,-0.1,-0.1,-0.1,-0.1,0.329,0.202,-0.1,-0.1,0.04,0.191
1.329,0.182,1.68,0.106,-0.1,-0.1,1.869,0.031,-0.1,-0.1,-0.1,-0.1,-0.1,-0.1,1.753,0.42,-0.1,-0.1,1.566,0.705,0.274,0.931,-0.1,-0.1,-0.1,-0.1,0.329,0.201,-0.1,-0.1,0.04,0.191
1.328,0.18,1.68,0.106,-0.1,-0.1,1.87,0.031,-0.1,-0.1,-0.1,-0.1,-0.1,-0.1,1.752,0.42,-0.1,-0.1,1.566,0.704,0.274,0.931,-0.1,-0.1,-0.1,-0.1,0.328,0.201,-0.1,-0.1,0.039,0.19
1.327,0.179,1.68,0.106,-0.1,-0.1,1.869,0.031,-0.1,-0.1,-0.1,-0.1,-0.1,-0.1,1.752,0.42,-0.1,-0.1,1.566,0.704,0.274,0.931,-0.1,-0.1,-0.1,-0.1,0.329,0.202,-0.1,-0.1,0.042,0.19
1.327,0.178,1.681,0.105,-0.1,-0.1,1.87,0.03,-0.1,-0.1,-0.1,-0.1,-0.1,-0.1,1.752,0.42,-0.1,-0.1,1.566,0.704,0.274,0.932,-0.1,-0.1,-0.1,-0.1,0.329,0.201,-0.1,-0.1,0.04,0.19
1.326,0.177,1.681,0.105,-0.1,-0.1,1.869,0.031,-0.1,-0.1,-0.1,-0.1,-0.1,-0.1,1.752,0.42,-0.1,-0.1,1.566,0.704,0.274,0.931,-0.1,-0.1,-0.1,-0.1,0.331,0.201,-0.1,-0.1,0.039,0.19
1.325,0.176,1.681,0.104,-0.1,-0.1,1.869,0.031,-0.1,-0.1,-0.1,-0.1,-0.1,-0.1,1.751,0.421,-0.1,-0.1,1.565,0.705,0.274,0.931,-0.1,-0.1,-0.1,-0.1,0.328,0.201,-0.1,-0.1,0.041,0.191
1.324,0.176,1.68,0.105,-0.1,-0.1,1.87,0.031,-0.1,-0.1,-0.1,-0.1,-0.1,-0.1,1.752,0.421,-0.1,-0.1,1.564,0.705,0.274,0.931,-0.1,-0.1,-0.1,-0.1,0.328,0.202,-0.1,-0.1,0.039,0.189
1.325,0.178,1.68,0.106,-0.1,-0.1,1.87,0.032,-0.1,-0.1,-0.1,-0.1,-0.1,-0.1,1.751,0.42,-0.1,-0.1,1.564,0.705,0.274,0.931,-0.1,-0.1,-0.1,-0.1,0.331,0.2,-0.1,-0.1,0.039,0.189
1.325,0.177,1.68,0.105,-0.1,-0.1,1.869,0.031,-0.1,-0.1,-0.1,-0.1,-0.1,-0.1,1.751,0.42,-0.1,-0.1,1.565,0.703,0.275,0.931,-0.1,-0.1,-0.1,-0.1,0.33,0.201,-0.1,-0.1,0.04,0.191
1.324,0.177,1.68,0.106,-0.1,-0.1,1.869,0.031,-0.1,-0.1,-0.1,-0.1,-0.1,-0.1,1.75,0.421,-0.1,-0.1,1.565,0.704,0.275,0.931,-0.1,-0.1,-0.1,-0.1,0.329,0.201,-0.1,-0.1,0.039,0.191
1.326,0.176,1.679,0.106,-0.1,-0.1,1.87,0.031,-0.1,-0.1,-0.1,-0.1,-0.1,-0.1,1.751,0.421,-0.1,-0.1,1.566,0.705,0.274,0.931,-0.1,-0.1,-0.1,-0.1,0.329,0.201,-0.1,-0.1,0.041,0.19
1.324,0.177,1.682,0.105,-0.1,-0.1,1.869,0.031,-0.1,-0.1,-0.1,-0.1,-0.1,-0.1,1.752,0.42,-0.1,-0.1,1.566,0.704,0.274,0.93,-0.1,-0.1,-0.1,-0.1,0.331,0.201,-0.1,-0.1,0.041,0.19
1.324,0.174,1.68,0.105,-0.1,-0.1,1.87,0.031,-0.1,-0.1,-0.1,-0.1,-0.1,-0.1,1.751,0.421,-0.1,-0.1,1.566,0.704,0.275,0.932,-0.1,-0.1,-0.1,-0.1,0.33,0.202,-0.1,-0.1,0.04,0.192
1.325,0.175,1.68,0.105,-0.1,-0.1,1.869,0.031,-0.1,-0.1,-0.1,-0.1,-0.1,-0.1,1.751,0.42,-0.1,-0.1,1.565,0.704,0.275,0.931,-0.1,-0.1,-0.1,-0.1,0.33,0.201,-0.1,-0.1,0.04,0.191
1.326,0.175,1.681,0.105,-0.1,-0.1,1.87,0.031,-0.1,-0.1,-0.1,-0.1,-0.1,-0.1,1.752,0.42,-0.1,-0.1,1.566,0.704,0.275,0.931,-0.1,-0.1,-0.1,-0.1,0.328,0.202,-0.1,-0.1,0.038,0.19
1.328,0.173,1.68,0.106,-0.1,-0.1,1.869,0.032,-0.1,-0.1,-0.1,-0.1,-0.1,-0.1,1.752,0.42,-0.1,-0.1,1.568,0.705,0.273,0.932,-0.1,-0.1,-0.1,-0.1,0.329,0.201,-0.1,-0.1,0.039,0.19
1.324,0.173,1.68,0.106,-0.1,-0.1,1.87,0.031,-0.1,-0.1,-0.1,-0.1,-0.1,-0.1,1.752,0.42,-0.1,-0.1,1.566,0.704,0.274,0.931,-0.1,-0.1,-0.1,-0.1,0.328,0.202,-0.1,-0.1,0.039,0.19
1.326,0.174,1.679,0.106,-0.1,-0.1,1.87,0.031,-0.1,-0.1,-0.1,-0.1,-0.1,-0.1,1.751,0.421,-0.1,-0.1,1.565,0.705,0.275,0.932,-0.1,-0.1,-0.1,-0.1,0.331,0.202,-0.1,-0.1,0.039,0.19
1.326,0.175,1.68,0.106,-0.1,-0.1,1.869,0.032,-0.1,-0.1,-0.1,-0.1,-0.1,-0.1,1.751,0.421,-0.1,-0.1,1.563,0.705,0.275,0.931,-0.1,-0.1,-0.1,-0.1,0.331,0.201,-0.1,-0.1,0.04,0.19
