0.97,0.882,0.106,0.863,0.576,0.703,-0.1,-0.1,-0.1,-0.1,-0.1,-0.1,-0.1,-0.1,-0.1,-0.1,-0.1,-0.1,0.289,0.852,-0.1,-0.1,1.402,0.057,0.033,0.846,-0.1,-0.1,-0.1,-0.1,-0.1,-0.1
0.996,0.826,0.106,0.861,0.576,0.703,-0.1,-0.1,-0.1,-0.1,-0.1,-0.1,-0.1,-0.1,-0.1,-0.1,-0.1,-0.1,0.288,0.853,-0.1,-0.1,1.402,0.057,0.033,0.847,-0.1,-0.1,-0.1,-0.1,-0.1,-0.1
1.022,0.768,0.106,0.862,0.576,0.703,-0.1,-0.1,-0.1,-0.1,-0.1,-0.1,-0.1,-0.1,-0.1,-0.1,-0.1,-0.1,0.289,0.853,-0.1,-0.1,1.402,0.057,0.034,0.845,-0.1,-0.1,-0.1,-0.1,-0.1,-0.1
1.05,0.711,0.106,0.863,0.576,0.703,-0.1,-0.1,-0.1,-0.1,-0.1,-0.1,-0.1,-0.1,-0.1,-0.1,-0.1,-0.1,0.288,0.853,-0.1,-0.1,1.401,0.057,0.033,0.846,-0.1,-0.1,-0.1,-0.1,-0.1,-0.1
1.073,0.658,0.105,0.862,0.575,0.703,-0.1,-0.1,-0.1,-0.1,-0.1,-0.1,-0.1,-0.1,-0.1,-0.1,-0.1,-0.1,0.29,0.853,-0.1,-0.1,1.402,0.057,0.033,0.846,-0.1,-0.1,-0.1,-0.1,-0.1,-0.1
1.096,0.609,0.106,0.862,0.577,0.704,-0.1,-0.1,-0.1,-0.1,-0.1,-0.1,-0.1,-0.1,-0.1,-0.1,-0.1,-0.1,0.289,0.852,-0.1,-0.1,1.401,0.057,0.034,0.846,-0.1,-0.1,-0.1,-0.1,-0.1,-0.1
1.121,0.56,0.106,0.862,0.577,0.702,-0.1,-0.1,-0.1,-0.1,-0.1,-0.1,-0.1,-0.1,-0.1,-0.1,-0.1,-0.1,0.289,0.852,-0.1,-0.1,1.401,0.057,0.033,0.846,-0.1,-0.1,-0.1,-0.1,-0.1,-0.1
1.143,0.512,0.105,0.862,0.576,0.703,-0.1,-0.1,-0.1,-0.1,-0.1,-0.1,-0.1,-0.1,-0.1,-0.1,-0.1,-0.1,0.289,0.853,-0.1,-0.1,1.401,0.057,0.034,0.847,-0.1,-0.1,-0.1,-0.1,-0.1,-0.1
1.165,0.466,0.106,0.862,0.575,0.703,-0.1,-0.1,-0.1,-0.1,-0.1,-0.1,-0.1,-0.1,-0.1,-0.1,-0.1,-0.1,0.289,0.853,-0.1,-0.1,1.401,0.057,0.034,0.845,-0.1,-0.1,-0.1,-0.1,-0.1,-0.1
1.182,0.422,0.106,0.862,0.575,0.704,-0.1,-0.1,-0.1,-0.1,-0.1,-0.1,-0.1,-0.1,-0.1,-0.1,-0.1,-0.1,0.288,0.853,-0.1,-0.1,1.401,0.058,0.034,0.845,-0.1,-0.1,-0.1,-0.1,-0.1,-0.1
1.205,0.378,0.105,0.862,0.576,0.703,-0.1,-0.1,-0.1,-0.1,-0.1,-0.1,-0.1,-0.1,-0.1,-0.1,-0.1,-0.1,0.289,0.852,-0.1,-0.1,1.402,0.057,0.033,0.846,-0.1,-0.1,-0.1,-0.1,-0.1,-0.1
1.225,0.333,0.106,0.862,0.576,0.704,-0.1,-0.1,-0.1,-0.1,-0.1,-0.1,-0.1,-0.1,-0.1,-0.1,-0.1,-0.1,0.289,0.853,-0.1,-0.1,1.402,0.058,0.034,0.845,-0.1,-0.1,-0.1,-0.1,-0.1,-0.1
1.246,0.287,0.105,0.863,0.576,0.703,-0.1,-0.1,-0.1,-0.1,-0.1,-0.1,-0.1,-0.1,-0.1,-0.1,-0.1,-0.1,0.288,0.853,-0.1,-0.1,1.401,0.058,0.034,0.845,-0.1,-0.1,-0.1,-0.1,-0.1,-0.1
1.266,0.245,0.105,0.863,0.577,0.704,-0.1,-0.1,-0.1,-0.1,-0.1,-0.1,-0.1,-0.1,-0.1,-0.1,-0.1,-0.1,0.289,0.852,-0.1,-0.1,1.401,0.058,0.034,0.846,-0.1,-0.1,-0.1,-0.1,-0.1,-0.1
1.288,0.2,0.105,0.863,0.576,0.703,-0.1,-0.1,-0.1,-0.1,-0.1,-0.1,-0.1,-0.1,-0.1,-0.1,-0.1,-0.1,0.288,0.852,-0.1,-0.1,1.401,0.058,0.034,0.847,-0.1,-0.1,-0.1,-0.1,-0.1,-0.1
1.307,0.155,0.105,0.863,0.575,0.703,-0.1,-0.1,-0.1,-0.1,-0.1,-0.1,-0.1,-0.1,-0.1,-0.1,-0.1,-0.1,0.288,0.853,-0.1,-0.1,1.401,0.058,0.034,0.846,-0.1,-0.1,-0.1,-0.1,-0.1,-0.1
1.331,0.107,0.104,0.862,0.576,0.704,-0.1,-0.1,-0.1,-0.1,-0.1,-0.1,-0.1,-0.1,-0.1,-0.1,-0.1,-0.1,0.288,0.853,-0.1,-0.1,1.401,0.058,0.033,0.847,-0.1,-0.1,-0.1,-0.1,-0.1,-0.1
1.347,0.064,0.105,0.863,0.576,0.702,-0.1,-0.1,-0.1,-0.1,-0.1,-0.1,-0.1,-0.1,-0.1,-0.1,-0.1,-0.1,0.289,0.853,-0.1,-0.1,1.406,0.056,0.033,0.846,-0.1,-0.1,-0.1,-0.1,-0.1,-0.1
1.338,0.036,0.105,0.862,0.577,0.703,-0.1,-0.1,-0.1,-0.1,-0.1,-0.1,-0.1,-0.1,-0.1,-0.1,-0.1,-0.1,0.288,0.853,-0.1,-0.1,1.431,0.046,0.033,0.847,-0.1,-0.1,-0.1,-0.1,-0.1,-0.1
1.334,0.063,0.104,0.863,0.576,0.703,-0.1,-0.1,-0.1,-0.1,-0.1,-0.1,-0.1,-0.1,-0.1,-0.1,-0.1,-0.1,0.287,0.854,-0.1,-0.1,1.456,0.036,0.033,0.847,-0.1,-0.1,-0.1,-0.1,-0.1,-0.1
1.327,0.094,0.105,0.862,0.576,0.702,-0.1,-0.1,-0.1,-0.1,-0.1,-0.1,-0.1,-0.1,-0.1,-0.1,-0.1,-0.1,0.287,0.853,-0.1,-0.1,1.479,0.04,0.033,0.847,-0.1,-0.1,-0.1,-0.1,-0.1,-0.1
1.324,0.117,0.105,0.862,0.576,0.702,-0.1,-0.1,-0.1,-0.1,-0.1,-0.1,-0.1,-0.1,-0.1,-0.1,-0.1,-0.1,0.288,0.853,-0.1,-0.1,1.501,0.046,0.034,0.846,-0.1,-0.1,-0.1,-0.1,-0.1,-0.1
1.319,0.142,0.105,0.863,0.576,0.702,-0.1,-0.1,-0.1,-0.1,-0.1,-0.1,-0.1,-0.1,-0.1,-0.1,-0.1,-0.1,0.289,0.853,-0.1,-0.1,1.516,0.049,0.034,0.846,-0.1,-0.1,-0.1,-0.1,-0.1,-0.1
1.318,0.162,0.105,0.862,0.575,0.703,-0.1,-0.1,-0.1,-0.1,-0.1,-0.1,-0.1,-0.1,-0.1,-0.1,-0.1,-0.1,0.288,0.852,-0.1,-0.1,1.533,0.056,0.034,0.847,-0.1,-0.1,-0.1,-0.1,-0.1,-0.1
1.312,0.183,0.105,0.862,0.576,0.703,-0.1,-0.1,-0.1,-0.1,-0.1,-0.1,-0.1,-0.1,-0.1,-0.1,-0.1,-0.1,0.288,0.853,-0.1,-0.1,1.549,0.058,0.033,0.846,-0.1,-0.1,-0.1,-0.1,-0.1,-0.1
1.313,0.204,0.106,0.864,0.576,0.704,-0.1,-0.1,-0.1,-0.1,-0.1,-0.1,-0.1,-0.1,-0.1,-0.1,-0.1,-0.1,0.289,0.852,-0.1,-0.1,1.561,0.064,0.033,0.847,-0.1,-0.1,-0.1,-0.1,-0.1,-0.1
1.31,0.224,0.106,0.862,0.576,0.704,-0.1,-0.1,-0.1,-0.1,-0.1,-0.1,-0.1,-0.1,-0.1,-0.1,-0.1,-0.1,0.288,0.853,-0.1,-0.1,1.58,0.068,0.033,0.847,-0.1,-0.1,-0.1,-0.1,-0.1,-0.1
1.309,0.242,0.105,0.862,0.577,0.703,-0.1,-0.1,-0.1,-0.1,-0.1,-0.1,-0.1,-0.1,-0.1,-0.1,-0.1,-0.1,0.288,0.853,-0.1,-0.1,1.596,0.072,0.033,0.846,-0.1,-0.1,-0.1,-0.1,-0.1,-0.1
1.308,0.263,0.105,0.862,0.577,0.703,-0.1,-0.1,-0.1,-0.1,-0.1,-0.1,-0.1,-0.1,-0.1,-0.1,-0.1,-0.1,0.288,0.853,-0.1,-0.1,1.612,0.075,0.034,0.846,-0.1,-0.1,-0.1,-0.1,-0.1,-0.1
1.303,0.281,0.106,0.862,0.576,0.704,-0.1,-0.1,-0.1,-0.1,-0.1,-0.1,-0.1,-0.1,-0.1,-0.1,-0.1,-0.1,0.288,0.852,-0.1,-0.1,1.625,0.077,0.034,0.846,-0.1,-0.1,-0.1,-0.1,-0.1,-0.1
1.3,0.3,0.106,0.862,0.576,0.703,-0.1,-0.1,-0.1,-0.1,-0.1,-0.1,-0.1,-0.1,-0.1,-0.1,-0.1,-0.1,0.289,0.854,-0.1,-0.1,1.643,0.083,0.034,0.846,-0.1,-0.1,-0.1,-0.1,-0.1,-0.1
1.301,0.319,0.105,0.862,0.575,0.703,-0.1,-0.1,-0.1,-0.1,-0.1,-0.1,-0.1,-0.1,-0.1,-0.1,-0.1,-0.1,0.288,0.853,-0.1,-0.1,1.661,0.087,0.033,0.846,-0.1,-0.1,-0.1,-0.1,-0.1,-0.1
1.296,0.339,0.106,0.862,0.577,0.702,-0.1,-0.1,-0.1,-0.1,-0.1,-0.1,-0.1,-0.1,-0.1,-0.1,-0.1,-0.1,0.29,0.852,-0.1,-0.1,1.676,0.091,0.033,0.847,-0.1,-0.1,-0.1,-0.1,-0.1,-0.1
1.296,0.359,0.106,0.862,0.576,0.704,-0.1,-0.1,-0.1,-0.1,-0.1,-0.1,-0.1,-0.1,-0.1,-0.1,-0.1,-0.1,0.29,0.852,-0.1,-0.1,1.69,0.098,0.033,0.847,-0.1,-0.1,-0.1,-0.1,-0.1,-0.1
1.296,0.376,0.105,0.862,0.576,0.702,-0.1,-0.1,-0.1,-0.1,-0.1,-0.1,-0.1,-0.1,-0.1,-0.1,-0.1,-0.1,0.289,0.851,-0.1,-0.1,1.708,0.1,0.033,0.847,-0.1,-0.1,-0.1,-0.1,-0.1,-0.1
1.293,0.394,0.106,0.862,0.576,0.702,-0.1,-0.1,-0.1,-0.1,-0.1,-0.1,-0.1,-0.1,-0.1,-0.1,-0.1,-0.1,0.289,0.852,-0.1,-0.1,1.726,0.103,0.034,0.845,-0.1,-0.1,-0.1,-0.1,-0.1,-0.1
1.292,0.413,0.106,0.862,0.575,0.703,-0.1,-0.1,-0.1,-0.1,-0.1,-0.1,-0.1,-0.1,-0.1,-0.1,-0.1,-0.1,0.287,0.853,-0.1,-0.1,1.739,0.108,0.034,0.846,-0.1,-0.1,-0.1,-0.1,-0.1,-0.1
1.288,0.432,0.106,0.862,0.576,0.704,-0.1,-0.1,-0.1,-0.1,-0.1,-0.1,-0.1,-0.1,-0.1,-0.1,-0.1,-0.1,0.286,0.853,-0.1,-0.1,1.755,0.112,0.034,0.846,-0.1,-0.1,-0.1,-0.1,-0.1,-0.1
1.286,0.45,0.106,0.862,0.577,0.703,-0.1,-0.1,-0.1,-0.1,-0.1,-0.1,-0.1,-0.1,-0.1,-0.1,-0.1,-0.1,0.288,0.853,-0.1,-0.1,1.77,0.117,0.033,0.847,-0.1,-0.1,-0.1,-0.1,-0.1,-0.1
1.283,0.466,0.107,0.862,0.578,0.703,-0.1,-0.1,-0.1,-0.1,-0.1,-0.1,-0.1,-0.1,-0.1,-0.1,-0.1,-0.1,0.29,0.852,-0.1,-0.1,1.779,0.119,0.034,0.845,-0.1,-0.1,-0.1,-0.1,-0.1,-0.1
1.284,0.484,0.106,0.863,0.577,0.703,-0.1,-0.1,-0.1,-0.1,-0.1,-0.1,-0.1,-0.1,-0.1,-0.1,-0.1,-0.1,0.289,0.852,-0.1,-0.1,1.8,0.12,0.033,0.846,-0.1,-0.1,-0.1,-0.1,-0.1,-0.1
1.282,0.503,0.106,0.863,0.577,0.703,-0.1,-0.1,-0.1,-0.1,-0.1,-0.1,-0.1,-0.1,-0.1,-0.1,-0.1,-0.1,0.289,0.852,-0.1,-0.1,1.812,0.125,0.033,0.847,-0.1,-0.1,-0.1,-0.1,-0.1,-0.1
1.278,0.522,0.107,0.862,0.575,0.704,-0.1,-0.1,-0.1,-0.1,-0.1,-0.1,-0.1,-0.1,-0.1,-0.1,-0.1,-0.1,0.29,0.852,-0.1,-0.1,1.83,0.129,0.034,0.847,-0.1,-0.1,-0.1,-0.1,-0.1,-0.1
1.277,0.539,0.106,0.862,0.576,0.702,-0.1,-0.1,-0.1,-0.1,-0.1,-0.1,-0.1,-0.1,-0.1,-0.1,-0.1,-0.1,0.29,0.852,-0.1,-0.1,1.844,0.133,0.034,0.846,-0.1,-0.1,-0.1,-0.1,-0.1,-0.1
1.276,0.556,0.104,0.862,0.575,0.703,-0.1,-0.1,-0.1,-0.1,-0.1,-0.1,-0.1,-0.1,-0.1,-0.1,-0.1,-0.1,0.289,0.852,-0.1,-0.1,1.859,0.137,0.033,0.847,-0.1,-0.1,-0.1,-0.1,-0.1,-0.1
1.272,0.576,0.106,0.862,0.577,0.704,-0.1,-0.1,-0.1,-0.1,-0.1,-0.1,-0.1,-0.1,-0.1,-0.1,-0.1,-0.1,0.289,0.853,-0.1,-0.1,1.871,0.143,0.034,0.846,-0.1,-0.1,-0.1,-0.1,-0.1,-0.1
1.27,0.593,0.106,0.863,0.576,0.702,-0.1,-0.1,-0.1,-0.1,-0.1,-0.1,-0.1,-0.1,-0.1,-0.1,-0.1,-0.1,0.289,0.854,-0.1,-0.1,1.886,0.145,0.033,0.847,-0.1,-0.1,-0.1,-0.1,-0.1,-0.1
1.271,0.609,0.106,0.863,0.577,0.702,-0.1,-0.1,-0.1,-0.1,-0.1,-0.1,-0.1,-0.1,-0.1,-0.1,-0.1,-0.1,0.289,0.853,-0.1,-0.1,1.902,0.154,0.033,0.846,-0.1,-0.1,-0.1,-0.1,-0.1,-0.1
1.266,0.626,0.106,0.862,0.577,0.702,-0.1,-0.1,-0.1,-0.1,-0.1,-0.1,-0.1,-0.1,-0.1,-0.1,-0.1,-0.1,0.289,0.854,-0.1,-0.1,1.91,0.153,0.034,0.845,-0.1,-0.1,-0.1,-0.1,-0.1,-0.1
1.266,0.642,0.106,0.862,0.576,0.705,-0.1,-0.1,-0.1,-0.1,-0.1,-0.1,-0.1,-0.1,-0.1,-0.1,-0.1,-0.1,0.287,0.853,-0.1,-0.1,1.927,0.154,0.034,0.846,-0.1,-0.1,-0.1,-0.1,-0.1,-0.1
1.262,0.659,0.105,0.863,0.577,0.703,-0.1,-0.1,-0.1,-0.1,-0.1,-0.1,-0.1,-0.1,-0.1,-0.1,-0.1,-0.1,0.289,0.853,-0.1,-0.1,1.918,0.161,0.034,0.846,-0.1,-0.1,-0.1,-0.1,-0.1,-0.1
1.261,0.678,0.107,0.862,0.575,0.703,-0.1,-0.1,-0.1,-0.1,-0.1,-0.1,-0.1,-0.1,-0.1,-0.1,-0.1,-0.1,0.29,0.852,-0.1,-0.1,1.91,0.166,0.033,0.847,-0.1,-0.1,-0.1,-0.1,-0.1,-0.1
1.259,0.695,0.106,0.862,0.577,0.702,-0.1,-0.1,-0.1,-0.1,-0.1,-0.1,-0.1,-0.1,-0.1,-0.1,-0.1,-0.1,0.29,0.852,-0.1,-0.1,1.92,0.162,0.033,0.847,-0.1,-0.1,-0.1,-0.1,-0.1,-0.1
1.258,0.71,0.106,0.863,0.578,0.703,-0.1,-0.1,-0.1,-0.1,-0.1,-0.1,-0.1,-0.1,-0.1,-0.1,-0.1,-0.1,0.289,0.852,-0.1,-0.1,1.91,0.165,0.033,0.847,-0.1,-0.1,-0.1,-0.1,-0.1,-0.1
1.255,0.728,0.105,0.862,0.576,0.702,-0.1,-0.1,-0.1,-0.1,-0.1,-0.1,-0.1,-0.1,-0.1,-0.1,-0.1,-0.1,0.288,0.853,-0.1,-0.1,1.899,0.168,0.032,0.847,-0.1,-0.1,-0.1,-0.1,-0.1,-0.1
1.252,0.742,0.104,0.862,0.576,0.703,-0.1,-0.1,-0.1,-0.1,-0.1,-0.1,-0.1,-0.1,-0.1,-0.1,-0.1,-0.1,0.288,0.854,-0.1,-0.1,1.899,0.169,0.033,0.847,-0.1,-0.1,-0.1,-0.1,-0.1,-0.1
1.249,0.762,0.104,0.862,0.575,0.705,-0.1,-0.1,-0.1,-0.1,-0.1,-0.1,-0.1,-0.1,-0.1,-0.1,-0.1,-0.1,0.288,0.854,-0.1,-0.1,1.886,0.172,0.033,0.847,-0.1,-0.1,-0.1,-0.1,-0.1,-0.1
1.25,0.778,0.106,0.862,0.576,0.702,-0.1,-0.1,-0.1,-0.1,-0.1,-0.1,-0.1,-0.1,-0.1,-0.1,-0.1,-0.1,0.288,0.853,-0.1,-0.1,1.876,0.178,0.033,0.847,-0.1,-0.1,-0.1,-0.1,-0.1,-0.1
1.248,0.793,0.106,0.862,0.576,0.702,-0.1,-0.1,-0.1,-0.1,-0.1,-0.1,-0.1,-0.1,-0.1,-0.1,-0.1,-0.1,0.287,0.853,-0.1,-0.1,1.872,0.176,0.033,0.847,-0.1,-0.1,-0.1,-0.1,-0.1,-0.1
1.247,0.809,0.107,0.862,0.576,0.704,-0.1,-0.1,-0.1,-0.1,-0.1,-0.1,-0.1,-0.1,-0.1,-0.1,-0.1,-0.1,0.289,0.852,-0.1,-0.1,1.858,0.179,0.034,0.847,-0.1,-0.1,-0.1,-0.1,-0.1,-0.1
1.243,0.824,0.106,0.862,0.577,0.704,-0.1,-0.1,-0.1,-0.1,-0.1,-0.1,-0.1,-0.1,-0.1,-0.1,-0.1,-0.1,0.289,0.853,-0.1,-0.1,1.849,0.182,0.033,0.847,-0.1,-0.1,-0.1,-0.1,-0.1,-0.1
1.24,0.842,0.106,0.862,0.576,0.705,-0.1,-0.1,-0.1,-0.1,-0.1,-0.1,-0.1,-0.1,-0.1,-0.1,-0.1,-0.1,0.287,0.853,-0.1,-0.1,1.833,0.185,0.033,0.848,-0.1,-0.1,-0.1,-0.1,-0.1,-0.1
1.238,0.856,0.107,0.862,0.577,0.703,-0.1,-0.1,-0.1,-0.1,-0.1,-0.1,-0.1,-0.1,-0.1,-0.1,-0.1,-0.1,0.288,0.852,-0.1,-0.1,1.839,0.184,0.032,0.847,-0.1,-0.1,-0.1,-0.1,-0.1,-0.1
1.236,0.872,0.106,0.862,0.577,0.703,-0.1,-0.1,-0.1,-0.1,-0.1,-0.1,-0.1,-0.1,-0.1,-0.1,-0.1,-0.1,0.288,0.853,-0.1,-0.1,1.828,0.186,0.033,0.847,-0.1,-0.1,-0.1,-0.1,-0.1,-0.1
1.234,0.886,0.106,0.862,0.577,0.703,-0.1,-0.1,-0.1,-0.1,-0.1,-0.1,-0.1,-0.1,-0.1,-0.1,-0.1,-0.1,0.289,0.852,-0.1,-0.1,1.818,0.188,0.033,0.847,-0.1,-0.1,-0.1,-0.1,-0.1,-0.1
1.233,0.903,0.107,0.862,0.576,0.703,-0.1,-0.1,-0.1,-0.1,-0.1,-0.1,-0.1,-0.1,-0.1,-0.1,-0.1,-0.1,0.288,0.853,-0.1,-0.1,1.812,0.188,0.033,0.848,-0.1,-0.1,-0.1,-0.1,-0.1,-0.1
1.23,0.919,0.106,0.863,0.576,0.702,-0.1,-0.1,-0.1,-0.1,-0.1,-0.1,-0.1,-0.1,-0.1,-0.1,-0.1,-0.1,0.289,0.853,-0.1,-0.1,1.809,0.19,0.033,0.847,-0.1,-0.1,-0.1,-0.1,-0.1,-0.1
1.23,0.935,0.106,0.862,0.576,0.701,-0.1,-0.1,-0.1,-0.1,-0.1,-0.1,-0.1,-0.1,-0.1,-0.1,-0.1,-0.1,0.288,0.853,-0.1,-0.1,1.8,0.193,0.033,0.847,-0.1,-0.1,-0.1,-0.1,-0.1,-0.1
1.228,0.948,0.105,0.863,0.577,0.703,-0.1,-0.1,-0.1,-0.1,-0.1,-0.1,-0.1,-0.1,-0.1,-0.1,-0.1,-0.1,0.289,0.853,-0.1,-0.1,1.789,0.192,0.033,0.847,-0.1,-0.1,-0.1,-0.1,-0.1,-0.1
1.227,0.938,0.105,0.862,0.576,0.704,-0.1,-0.1,-0.1,-0.1,-0.1,-0.1,-0.1,-0.1,-0.1,-0.1,-0.1,-0.1,0.289,0.853,-0.1,-0.1,1.784,0.195,0.033,0.847,-0.1,-0.1,-0.1,-0.1,-0.1,-0.1
1.227,0.929,0.106,0.862,0.576,0.704,-0.1,-0.1,-0.1,-0.1,-0.1,-0.1,-0.1,-0.1,-0.1,-0.1,-0.1,-0.1,0.288,0.853,-0.1,-0.1,1.777,0.198,0.033,0.847,-0.1,-0.1,-0.1,-0.1,-0.1,-0.1
1.224,0.919,0.106,0.862,0.575,0.704,-0.1,-0.1,-0.1,-0.1,-0.1,-0.1,-0.1,-0.1,-0.1,-0.1,-0.1,-0.1,0.287,0.853,-0.1,-0.1,1.765,0.2,0.033,0.847,-0.1,-0.1,-0.1,-0.1,-0.1,-0.1
1.221,0.913,0.105,0.862,0.576,0.704,-0.1,-0.1,-0.1,-0.1,-0.1,-0.1,-0.1,-0.1,-0.1,-0.1,-0.1,-0.1,0.287,0.853,-0.1,-0.1,1.757,0.202,0.032,0.847,-0.1,-0.1,-0.1,-0.1,-0.1,-0.1
1.222,0.903,0.106,0.862,0.576,0.703,-0.1,-0.1,-0.1,-0.1,-0.1,-0.1,-0.1,-0.1,-0.1,-0.1,-0.1,-0.1,0.29,0.853,-0.1,-0.1,1.754,0.201,0.033,0.847,-0.1,-0.1,-0.1,-0.1,-0.1,-0.1
1.221,0.893,0.105,0.862,0.576,0.704,-0.1,-0.1,-0.1,-0.1,-0.1,-0.1,-0.1,-0.1,-0.1,-0.1,-0.1,-0.1,0.287,0.854,-0.1,-0.1,1.749,0.202,0.033,0.847,-0.1,-0.1,-0.1,-0.1,-0.1,-0.1
1.22,0.885,0.105,0.862,0.575,0.703,-0.1,-0.1,-0.1,-0.1,-0.1,-0.1,-0.1,-0.1,-0.1,-0.1,-0.1,-0.1,0.288,0.853,-0.1,-0.1,1.745,0.205,0.033,0.847,-0.1,-0.1,-0.1,-0.1,-0.1,-0.1
1.219,0.876,0.106,0.862,0.576,0.703,-0.1,-0.1,-0.1,-0.1,-0.1,-0.1,-0.1,-0.1,-0.1,-0.1,-0.1,-0.1,0.289,0.853,-0.1,-0.1,1.737,0.207,0.033,0.847,-0.1,-0.1,-0.1,-0.1,-0.1,-0.1
1.217,0.868,0.106,0.862,0.575,0.705,-0.1,-0.1,-0.1,-0.1,-0.1,-0.1,-0.1,-0.1,-0.1,-0.1,-0.1,-0.1,0.287,0.853,-0.1,-0.1,1.727,0.206,0.034,0.847,-0.1,-0.1,-0.1,-0.1,-0.1,-0.1
1.218,0.861,0.105,0.862,0.576,0.703,-0.1,-0.1,-0.1,-0.1,-0.1,-0.1,-0.1,-0.1,-0.1,-0.1,-0.1,-0.1,0.288,0.854,-0.1,-0.1,1.722,0.209,0.033,0.848,-0.1,-0.1,-0.1,-0.1,-0.1,-0.1
1.217,0.85,0.105,0.862,0.576,0.702,-0.1,-0.1,-0.1,-0.1,-0.1,-0.1,-0.1,-0.1,-0.1,-0.1,-0.1,-0.1,0.288,0.854,-0.1,-0.1,1.717,0.207,0.033,0.847,-0.1,-0.1,-0.1,-0.1,-0.1,-0.1
1.216,0.843,0.105,0.862,0.575,0.703,-0.1,-0.1,-0.1,-0.1,-0.1,-0.1,-0.1,-0.1,-0.1,-0.1,-0.1,-0.1,0.288,0.854,-0.1,-0.1,1.705,0.212,0.034,0.847,-0.1,-0.1,-0.1,-0.1,-0.1,-0.1
1.213,0.835,0.106,0.862,0.577,0.703,-0.1,-0.1,-0.1,-0.1,-0.1,-0.1,-0.1,-0.1,-0.1,-0.1,-0.1,-0.1,0.288,0.854,-0.1,-0.1,1.702,0.213,0.034,0.846,-0.1,-0.1,-0.1,-0.1,-0.1,-0.1
1.214,0.826,0.106,0.862,0.578,0.703,-0.1,-0.1,-0.1,-0.1,-0.1,-0.1,-0.1,-0.1,-0.1,-0.1,-0.1,-0.1,0.288,0.855,-0.1,-0.1,1.694,0.213,0.033,0.847,-0.1,-0.1,-0.1,-0.1,-0.1,-0.1
1.211,0.819,0.106,0.862,0.575,0.704,-0.1,-0.1,-0.1,-0.1,-0.1,-0.1,-0.1,-0.1,-0.1,-0.1,-0.1,-0.1,0.288,0.854,-0.1,-0.1,1.691,0.216,0.033,0.847,-0.1,-0.1,-0.1,-0.1,-0.1,-0.1
1.21,0.812,0.106,0.862,0.577,0.703,-0.1,-0.1,-0.1,-0.1,-0.1,-0.1,-0.1,-0.1,-0.1,-0.1,-0.1,-0.1,0.288,0.854,-0.1,-0.1,1.681,0.215,0.033,0.847,-0.1,-0.1,-0.1,-0.1,-0.1,-0.1
1.211,0.804,0.105,0.863,0.576,0.703,-0.1,-0.1,-0.1,-0.1,-0.1,-0.1,-0.1,-0.1,-0.1,-0.1,-0.1,-0.1,0.287,0.853,-0.1,-0.1,1.673,0.218,0.032,0.848,-0.1,-0.1,-0.1,-0.1,-0.1,-0.1
1.21,0.796,0.106,0.862,0.576,0.702,-0.1,-0.1,-0.1,-0.1,-0.1,-0.1,-0.1,-0.1,-0.1,-0.1,-0.1,-0.1,0.289,0.852,-0.1,-0.1,1.674,0.216,0.033,0.847,-0.1,-0.1,-0.1,-0.1,-0.1,-0.1
1.209,0.787,0.106,0.863,0.575,0.705,-0.1,-0.1,-0.1,-0.1,-0.1,-0.1,-0.1,-0.1,-0.1,-0.1,-0.1,-0.1,0.288,0.853,-0.1,-0.1,1.669,0.216,0.033,0.847,-0.1,-0.1,-0.1,-0.1,-0.1,-0.1
1.208,0.781,0.107,0.862,0.576,0.703,-0.1,-0.1,-0.1,-0.1,-0.1,-0.1,-0.1,-0.1,-0.1,-0.1,-0.1,-0.1,0.287,0.852,-0.1,-0.1,1.658,0.219,0.033,0.847,-0.1,-0.1,-0.1,-0.1,-0.1,-0.1
1.206,0.771,0.105,0.863,0.576,0.703,-0.1,-0.1,-0.1,-0.1,-0.1,-0.1,-0.1,-0.1,-0.1,-0.1,-0.1,-0.1,0.288,0.853,-0.1,-0.1,1.655,0.218,0.033,0.847,-0.1,-0.1,-0.1,-0.1,-0.1,-0.1
1.204,0.763,0.106,0.863,0.576,0.704,-0.1,-0.1,-0.1,-0.1,-0.1,-0.1,-0.1,-0.1,-0.1,-0.1,-0.1,-0.1,0.287,0.852,-0.1,-0.1,1.65,0.221,0.033,0.846,-0.1,-0.1,-0.1,-0.1,-0.1,-0.1
1.205,0.757,0.105,0.863,0.576,0.703,-0.1,-0.1,-0.1,-0.1,-0.1,-0.1,-0.1,-0.1,-0.1,-0.1,-0.1,-0.1,0.287,0.853,-0.1,-0.1,1.642,0.221,0.034,0.846,-0.1,-0.1,-0.1,-0.1,-0.1,-0.1
1.205,0.749,0.106,0.863,0.577,0.702,-0.1,-0.1,-0.1,-0.1,-0.1,-0.1,-0.1,-0.1,-0.1,-0.1,-0.1,-0.1,0.289,0.853,-0.1,-0.1,1.64,0.22,0.035,0.846,-0.1,-0.1,-0.1,-0.1,-0.1,-0.1
1.202,0.743,0.104,0.863,0.576,0.703,-0.1,-0.1,-0.1,-0.1,-0.1,-0.1,-0.1,-0.1,-0.1,-0.1,-0.1,-0.1,0.288,0.853,-0.1,-0.1,1.635,0.221,0.034,0.846,-0.1,-0.1,-0.1,-0.1,-0.1,-0.1
1.202,0.736,0.105,0.863,0.575,0.703,-0.1,-0.1,-0.1,-0.1,-0.1,-0.1,-0.1,-0.1,-0.1,-0.1,-0.1,-0.1,0.289,0.854,-0.1,-0.1,1.625,0.225,0.034,0.846,-0.1,-0.1,-0.1,-0.1,-0.1,-0.1
1.202,0.729,0.105,0.864,0.577,0.702,-0.1,-0.1,-0.1,-0.1,-0.1,-0.1,-0.1,-0.1,-0.1,-0.1,-0.1,-0.1,0.289,0.853,-0.1,-0.1,1.619,0.225,0.033,0.848,-0.1,-0.1,-0.1,-0.1,-0.1,-0.1
1.202,0.721,0.106,0.863,0.577,0.702,-0.1,-0.1,-0.1,-0.1,-0.1,-0.1,-0.1,-0.1,-0.1,-0.1,-0.1,-0.1,0.29,0.852,-0.1,-0.1,1.614,0.222,0.033,0.848,-0.1,-0.1,-0.1,-0.1,-0.1,-0.1
1.201,0.715,0.104,0.862,0.576,0.704,-0.1,-0.1,-0.1,-0.1,-0.1,-0.1,-0.1,-0.1,-0.1,-0.1,-0.1,-0.1,0.288,0.854,-0.1,-0.1,1.606,0.228,0.034,0.847,-0.1,-0.1,-0.1,-0.1,-0.1,-0.1
1.198,0.707,0.105,0.862,0.577,0.702,-0.1,-0.1,-0.1,-0.1,-0.1,-0.1,-0.1,-0.1,-0.1,-0.1,-0.1,-0.1,0.289,0.853,-0.1,-0.1,1.6,0.228,0.034,0.846,-0.1,-0.1,-0.1,-0.1,-0.1,-0.1
1.197,0.701,0.105,0.863,0.577,0.701,-0.1,-0.1,-0.1,-0.1,-0.1,-0.1,-0.1,-0.1,-0.1,-0.1,-0.1,-0.1,0.29,0.853,-0.1,-0.1,1.595,0.228,0.034,0.847,-0.1,-0.1,-0.1,-0.1,-0.1,-0.1
1.198,0.694,0.104,0.862,0.576,0.704,-0.1,-0.1,-0.1,-0.1,-0.1,-0.1,-0.1,-0.1,-0.1,-0.1,-0.1,-0.1,0.288,0.853,-0.1,-0.1,1.59,0.228,0.033,0.847,-0.1,-0.1,-0.1,-0.1,-0.1,-0.1
1.198,0.686,0.104,0.864,0.576,0.701,-0.1,-0.1,-0.1,-0.1,-0.1,-0.1,-0.1,-0.1,-0.1,-0.1,-0.1,-0.1,0.289,0.852,-0.1,-0.1,1.586,0.229,0.033,0.847,-0.1,-0.1,-0.1,-0.1,-0.1,-0.1
1.197,0.678,0.104,0.863,0.577,0.703,-0.1,-0.1,-0.1,-0.1,-0.1,-0.1,-0.1,-0.1,-0.1,-0.1,-0.1,-0.1,0.29,0.852,-0.1,-0.1,1.582,0.23,0.033,0.848,-0.1,-0.1,-0.1,-0.1,-0.1,-0.1
1.196,0.673,0.104,0.863,0.576,0.703,-0.1,-0.1,-0.1,-0.1,-0.1,-0.1,-0.1,-0.1,-0.1,-0.1,-0.1,-0.1,0.289,0.853,-0.1,-0.1,1.579,0.229,0.033,0.847,-0.1,-0.1,-0.1,-0.1,-0.1,-0.1
1.194,0.666,0.104,0.863,0.578,0.703,-0.1,-0.1,-0.1,-0.1,-0.1,-0.1,-0.1,-0.1,-0.1,-0.1,-0.1,-0.1,0.289,0.853,-0.1,-0.1,1.576,0.23,0.033,0.847,-0.1,-0.1,-0.1,-0.1,-0.1,-0.1
1.194,0.658,0.105,0.862,0.577,0.703,-0.1,-0.1,-0.1,-0.1,-0.1,-0.1,-0.1,-0.1,-0.1,-0.1,-0.1,-0.1,0.289,0.854,-0.1,-0.1,1.57,0.23,0.033,0.848,-0.1,-0.1,-0.1,-0.1,-0.1,-0.1
1.193,0.653,0.105,0.862,0.578,0.703,-0.1,-0.1,-0.1,-0.1,-0.1,-0.1,-0.1,-0.1,-0.1,-0.1,-0.1,-0.1,0.289,0.854,-0.1,-0.1,1.567,0.231,0.033,0.847,-0.1,-0.1,-0.1,-0.1,-0.1,-0.1
1.192,0.647,0.105,0.863,0.577,0.702,-0.1,-0.1,-0.1,-0.1,-0.1,-0.1,-0.1,-0.1,-0.1,-0.1,-0.1,-0.1,0.288,0.853,-0.1,-0.1,1.563,0.232,0.033,0.847,-0.1,-0.1,-0.1,-0.1,-0.1,-0.1
1.193,0.64,0.104,0.863,0.576,0.703,-0.1,-0.1,-0.1,-0.1,-0.1,-0.1,-0.1,-0.1,-0.1,-0.1,-0.1,-0.1,0.289,0.853,-0.1,-0.1,1.559,0.231,0.033,0.848,-0.1,-0.1,-0.1,-0.1,-0.1,-0.1
1.192,0.634,0.106,0.863,0.576,0.703,-0.1,-0.1,-0.1,-0.1,-0.1,-0.1,-0.1,-0.1,-0.1,-0.1,-0.1,-0.1,0.286,0.853,-0.1,-0.1,1.554,0.232,0.033,0.846,-0.1,-0.1,-0.1,-0.1,-0.1,-0.1
1.191,0.627,0.104,0.863,0.577,0.703,-0.1,-0.1,-0.1,-0.1,-0.1,-0.1,-0.1,-0.1,-0.1,-0.1,-0.1,-0.1,0.287,0.853,-0.1,-0.1,1.547,0.233,0.033,0.848,-0.1,-0.1,-0.1,-0.1,-0.1,-0.1
1.191,0.623,0.103,0.863,0.575,0.702,-0.1,-0.1,-0.1,-0.1,-0.1,-0.1,-0.1,-0.1,-0.1,-0.1,-0.1,-0.1,0.289,0.854,-0.1,-0.1,1.548,0.233,0.032,0.848,-0.1,-0.1,-0.1,-0.1,-0.1,-0.1
1.19,0.615,0.105,0.863,0.577,0.703,-0.1,-0.1,-0.1,-0.1,-0.1,-0.1,-0.1,-0.1,-0.1,-0.1,-0.1,-0.1,0.289,0.853,-0.1,-0.1,1.539,0.234,0.033,0.848,-0.1,-0.1,-0.1,-0.1,-0.1,-0.1
1.189,0.61,0.105,0.864,0.577,0.704,-0.1,-0.1,-0.1,-0.1,-0.1,-0.1,-0.1,-0.1,-0.1,-0.1,-0.1,-0.1,0.29,0.853,-0.1,-0.1,1.534,0.233,0.033,0.848,-0.1,-0.1,-0.1,-0.1,-0.1,-0.1
1.186,0.603,0.106,0.863,0.576,0.7,-0.1,-0.1,-0.1,-0.1,-0.1,-0.1,-0.1,-0.1,-0.1,-0.1,-0.1,-0.1,0.29,0.852,-0.1,-0.1,1.53,0.233,0.033,0.848,-0.1,-0.1,-0.1,-0.1,-0.1,-0.1
1.187,0.599,0.105,0.864,0.574,0.703,-0.1,-0.1,-0.1,-0.1,-0.1,-0.1,-0.1,-0.1,-0.1,-0.1,-0.1,-0.1,0.288,0.854,-0.1,-0.1,1.528,0.235,0.033,0.848,-0.1,-0.1,-0.1,-0.1,-0.1,-0.1
1.184,0.593,0.104,0.863,0.577,0.703,-0.1,-0.1,-0.1,-0.1,-0.1,-0.1,-0.1,-0.1,-0.1,-0.1,-0.1,-0.1,0.29,0.853,-0.1,-0.1,1.525,0.236,0.033,0.847,-0.1,-0.1,-0.1,-0.1,-0.1,-0.1
1.187,0.586,0.104,0.863,0.575,0.703,-0.1,-0.1,-0.1,-0.1,-0.1,-0.1,-0.1,-0.1,-0.1,-0.1,-0.1,-0.1,0.289,0.853,-0.1,-0.1,1.522,0.236,0.033,0.847,-0.1,-0.1,-0.1,-0.1,-0.1,-0.1
1.185,0.581,0.104,0.863,0.575,0.704,-0.1,-0.1,-0.1,-0.1,-0.1,-0.1,-0.1,-0.1,-0.1,-0.1,-0.1,-0.1,0.289,0.853,-0.1,-0.1,1.516,0.236,0.035,0.846,-0.1,-0.1,-0.1,-0.1,-0.1,-0.1
1.182,0.575,0.104,0.864,0.576,0.704,-0.1,-0.1,-0.1,-0.1,-0.1,-0.1,-0.1,-0.1,-0.1,-0.1,-0.1,-0.1,0.29,0.853,-0.1,-0.1,1.51,0.236,0.033,0.848,-0.1,-0.1,-0.1,-0.1,-0.1,-0.1
1.183,0.569,0.104,0.864,0.575,0.704,-0.1,-0.1,-0.1,-0.1,-0.1,-0.1,-0.1,-0.1,-0.1,-0.1,-0.1,-0.1,0.288,0.853,-0.1,-0.1,1.507,0.236,0.033,0.847,-0.1,-0.1,-0.1,-0.1,-0.1,-0.1
1.181,0.565,0.104,0.863,0.576,0.703,-0.1,-0.1,-0.1,-0.1,-0.1,-0.1,-0.1,-0.1,-0.1,-0.1,-0.1,-0.1,0.288,0.853,-0.1,-0.1,1.508,0.236,0.033,0.847,-0.1,-0.1,-0.1,-0.1,-0.1,-0.1
1.183,0.559,0.105,0.863,0.575,0.703,-0.1,-0.1,-0.1,-0.1,-0.1,-0.1,-0.1,-0.1,-0.1,-0.1,-0.1,-0.1,0.289,0.853,-0.1,-0.1,1.502,0.238,0.033,0.847,-0.1,-0.1,-0.1,-0.1,-0.1,-0.1
1.179,0.553,0.104,0.863,0.575,0.703,-0.1,-0.1,-0.1,-0.1,-0.1,-0.1,-0.1,-0.1,-0.1,-0.1,-0.1,-0.1,0.289,0.853,-0.1,-0.1,1.5,0.237,0.033,0.847,-0.1,-0.1,-0.1,-0.1,-0.1,-0.1
1.181,0.547,0.105,0.863,0.576,0.704,-0.1,-0.1,-0.1,-0.1,-0.1,-0.1,-0.1,-0.1,-0.1,-0.1,-0.1,-0.1,0.289,0.853,-0.1,-0.1,1.499,0.237,0.033,0.848,-0.1,-0.1,-0.1,-0.1,-0.1,-0.1
1.18,0.543,0.104,0.863,0.576,0.703,-0.1,-0.1,-0.1,-0.1,-0.1,-0.1,-0.1,-0.1,-0.1,-0.1,-0.1,-0.1,0.288,0.853,-0.1,-0.1,1.498,0.238,0.034,0.847,-0.1,-0.1,-0.1,-0.1,-0.1,-0.1
1.179,0.539,0.104,0.863,0.575,0.704,-0.1,-0.1,-0.1,-0.1,-0.1,-0.1,-0.1,-0.1,-0.1,-0.1,-0.1,-0.1,0.29,0.852,-0.1,-0.1,1.492,0.238,0.034,0.846,-0.1,-0.1,-0.1,-0.1,-0.1,-0.1
1.179,0.533,0.105,0.863,0.575,0.703,-0.1,-0.1,-0.1,-0.1,-0.1,-0.1,-0.1,-0.1,-0.1,-0.1,-0.1,-0.1,0.289,0.853,-0.1,-0.1,1.487,0.239,0.033,0.847,-0.1,-0.1,-0.1,-0.1,-0.1,-0.1
1.179,0.527,0.104,0.863,0.576,0.702,-0.1,-0.1,-0.1,-0.1,-0.1,-0.1,-0.1,-0.1,-0.1,-0.1,-0.1,-0.1,0.289,0.852,-0.1,-0.1,1.487,0.239,0.034,0.846,-0.1,-0.1,-0.1,-0.1,-0.1,-0.1
1.179,0.523,0.104,0.863,0.576,0.704,-0.1,-0.1,-0.1,-0.1,-0.1,-0.1,-0.1,-0.1,-0.1,-0.1,-0.1,-0.1,0.289,0.853,-0.1,-0.1,1.486,0.237,0.034,0.846,-0.1,-0.1,-0.1,-0.1,-0.1,-0.1
1.177,0.517,0.105,0.863,0.575,0.704,-0.1,-0.1,-0.1,-0.1,-0.1,-0.1,-0.1,-0.1,-0.1,-0.1,-0.1,-0.1,0.288,0.853,-0.1,-0.1,1.481,0.239,0.034,0.845,-0.1,-0.1,-0.1,-0.1,-0.1,-0.1
1.177,0.513,0.104,0.862,0.576,0.704,-0.1,-0.1,-0.1,-0.1,-0.1,-0.1,-0.1,-0.1,-0.1,-0.1,-0.1,-0.1,0.289,0.853,-0.1,-0.1,1.479,0.239,0.034,0.846,-0.1,-0.1,-0.1,-0.1,-0.1,-0.1
1.173,0.508,0.104,0.863,0.577,0.703,-0.1,-0.1,-0.1,-0.1,-0.1,-0.1,-0.1,-0.1,-0.1,-0.1,-0.1,-0.1,0.289,0.853,-0.1,-0.1,1.477,0.237,0.034,0.846,-0.1,-0.1,-0.1,-0.1,-0.1,-0.1
1.174,0.503,0.104,0.863,0.576,0.704,-0.1,-0.1,-0.1,-0.1,-0.1,-0.1,-0.1,-0.1,-0.1,-0.1,-0.1,-0.1,0.288,0.853,-0.1,-0.1,1.474,0.238,0.035,0.846,-0.1,-0.1,-0.1,-0.1,-0.1,-0.1
1.175,0.499,0.103,0.863,0.577,0.704,-0.1,-0.1,-0.1,-0.1,-0.1,-0.1,-0.1,-0.1,-0.1,-0.1,-0.1,-0.1,0.288,0.853,-0.1,-0.1,1.472,0.238,0.033,0.847,-0.1,-0.1,-0.1,-0.1,-0.1,-0.1
1.174,0.494,0.105,0.862,0.576,0.704,-0.1,-0.1,-0.1,-0.1,-0.1,-0.1,-0.1,-0.1,-0.1,-0.1,-0.1,-0.1,0.287,0.853,-0.1,-0.1,1.471,0.238,0.034,0.846,-0.1,-0.1,-0.1,-0.1,-0.1,-0.1
1.174,0.489,0.105,0.864,0.574,0.704,-0.1,-0.1,-0.1,-0.1,-0.1,-0.1,-0.1,-0.1,-0.1,-0.1,-0.1,-0.1,0.288,0.853,-0.1,-0.1,1.467,0.238,0.034,0.847,-0.1,-0.1,-0.1,-0.1,-0.1,-0.1
1.172,0.486,0.105,0.863,0.576,0.704,-0.1,-0.1,-0.1,-0.1,-0.1,-0.1,-0.1,-0.1,-0.1,-0.1,-0.1,-0.1,0.287,0.853,-0.1,-0.1,1.466,0.237,0.035,0.846,-0.1,-0.1,-0.1,-0.1,-0.1,-0.1
1.171,0.486,0.104,0.863,0.576,0.705,-0.1,-0.1,-0.1,-0.1,-0.1,-0.1,-0.1,-0.1,-0.1,-0.1,-0.1,-0.1,0.287,0.853,-0.1,-0.1,1.467,0.237,0.033,0.847,-0.1,-0.1,-0.1,-0.1,-0.1,-0.1
1.171,0.483,0.105,0.864,0.574,0.704,-0.1,-0.1,-0.1,-0.1,-0.1,-0.1,-0.1,-0.1,-0.1,-0.1,-0.1,-0.1,0.288,0.854,-0.1,-0.1,1.464,0.24,0.033,0.848,-0.1,-0.1,-0.1,-0.1,-0.1,-0.1
1.171,0.473,0.105,0.863,0.575,0.704,-0.1,-0.1,-0.1,-0.1,-0.1,-0.1,-0.1,-0.1,-0.1,-0.1,-0.1,-0.1,0.288,0.853,-0.1,-0.1,1.462,0.238,0.034,0.846,-0.1,-0.1,-0.1,-0.1,-0.1,-0.1
1.17,0.469,0.104,0.863,0.577,0.7,-0.1,-0.1,-0.1,-0.1,-0.1,-0.1,-0.1,-0.1,-0.1,-0.1,-0.1,-0.1,0.288,0.854,-0.1,-0.1,1.458,0.239,0.035,0.846,-0.1,-0.1,-0.1,-0.1,-0.1,-0.1
1.17,0.464,0.104,0.864,0.576,0.702,-0.1,-0.1,-0.1,-0.1,-0.1,-0.1,-0.1,-0.1,-0.1,-0.1,-0.1,-0.1,0.289,0.853,-0.1,-0.1,1.455,0.239,0.034,0.846,-0.1,-0.1,-0.1,-0.1,-0.1,-0.1
1.17,0.46,0.105,0.863,0.576,0.704,-0.1,-0.1,-0.1,-0.1,-0.1,-0.1,-0.1,-0.1,-0.1,-0.1,-0.1,-0.1,0.288,0.854,-0.1,-0.1,1.454,0.238,0.034,0.846,-0.1,-0.1,-0.1,-0.1,-0.1,-0.1
1.165,0.457,0.105,0.863,0.576,0.703,-0.1,-0.1,-0.1,-0.1,-0.1,-0.1,-0.1,-0.1,-0.1,-0.1,-0.1,-0.1,0.288,0.854,-0.1,-0.1,1.453,0.238,0.034,0.847,-0.1,-0.1,-0.1,-0.1,-0.1,-0.1
1.167,0.452,0.104,0.863,0.577,0.704,-0.1,-0.1,-0.1,-0.1,-0.1,-0.1,-0.1,-0.1,-0.1,-0.1,-0.1,-0.1,0.289,0.853,-0.1,-0.1,1.453,0.237,0.034,0.847,-0.1,-0.1,-0.1,-0.1,-0.1,-0.1
1.165,0.45,0.105,0.863,0.575,0.705,-0.1,-0.1,-0.1,-0.1,-0.1,-0.1,-0.1,-0.1,-0.1,-0.1,-0.1,-0.1,0.287,0.853,-0.1,-0.1,1.451,0.238,0.034,0.847,-0.1,-0.1,-0.1,-0.1,-0.1,-0.1
1.167,0.447,0.105,0.863,0.575,0.703,-0.1,-0.1,-0.1,-0.1,-0.1,-0.1,-0.1,-0.1,-0.1,-0.1,-0.1,-0.1,0.287,0.853,-0.1,-0.1,1.449,0.238,0.034,0.847,-0.1,-0.1,-0.1,-0.1,-0.1,-0.1
1.164,0.444,0.106,0.863,0.575,0.702,-0.1,-0.1,-0.1,-0.1,-0.1,-0.1,-0.1,-0.1,-0.1,-0.1,-0.1,-0.1,0.288,0.855,-0.1,-0.1,1.448,0.237,0.034,0.847,-0.1,-0.1,-0.1,-0.1,-0.1,-0.1
1.165,0.437,0.106,0.863,0.576,0.705,-0.1,-0.1,-0.1,-0.1,-0.1,-0.1,-0.1,-0.1,-0.1,-0.1,-0.1,-0.1,0.29,0.853,-0.1,-0.1,1.446,0.238,0.034,0.848,-0.1,-0.1,-0.1,-0.1,-0.1,-0.1
1.165,0.434,0.105,0.863,0.576,0.703,-0.1,-0.1,-0.1,-0.1,-0.1,-0.1,-0.1,-0.1,-0.1,-0.1,-0.1,-0.1,0.288,0.853,-0.1,-0.1,1.445,0.238,0.034,0.847,-0.1,-0.1,-0.1,-0.1,-0.1,-0.1
1.165,0.43,0.105,0.863,0.575,0.703,-0.1,-0.1,-0.1,-0.1,-0.1,-0.1,-0.1,-0.1,-0.1,-0.1,-0.1,-0.1,0.287,0.853,-0.1,-0.1,1.445,0.238,0.034,0.846,-0.1,-0.1,-0.1,-0.1,-0.1,-0.1
1.163,0.427,0.104,0.863,0.576,0.703,-0.1,-0.1,-0.1,-0.1,-0.1,-0.1,-0.1,-0.1,-0.1,-0.1,-0.1,-0.1,0.288,0.853,-0.1,-0.1,1.444,0.237,0.034,0.847,-0.1,-0.1,-0.1,-0.1,-0.1,-0.1
1.164,0.425,0.105,0.864,0.577,0.704,-0.1,-0.1,-0.1,-0.1,-0.1,-0.1,-0.1,-0.1,-0.1,-0.1,-0.1,-0.1,0.288,0.854,-0.1,-0.1,1.443,0.237,0.034,0.847,-0.1,-0.1,-0.1,-0.1,-0.1,-0.1
1.163,0.42,0.105,0.863,0.577,0.704,-0.1,-0.1,-0.1,-0.1,-0.1,-0.1,-0.1,-0.1,-0.1,-0.1,-0.1,-0.1,0.288,0.853,-0.1,-0.1,1.442,0.237,0.034,0.847,-0.1,-0.1,-0.1,-0.1,-0.1,-0.1
1.161,0.419,0.105,0.863,0.576,0.703,-0.1,-0.1,-0.1,-0.1,-0.1,-0.1,-0.1,-0.1,-0.1,-0.1,-0.1,-0.1,0.288,0.852,-0.1,-0.1,1.441,0.238,0.034,0.847,-0.1,-0.1,-0.1,-0.1,-0.1,-0.1
1.16,0.415,0.104,0.862,0.575,0.704,-0.1,-0.1,-0.1,-0.1,-0.1,-0.1,-0.1,-0.1,-0.1,-0.1,-0.1,-0.1,0.287,0.853,-0.1,-0.1,1.441,0.238,0.034,0.847,-0.1,-0.1,-0.1,-0.1,-0.1,-0.1
1.161,0.412,0.104,0.863,0.576,0.704,-0.1,-0.1,-0.1,-0.1,-0.1,-0.1,-0.1,-0.1,-0.1,-0.1,-0.1,-0.1,0.288,0.853,-0.1,-0.1,1.44,0.238,0.034,0.847,-0.1,-0.1,-0.1,-0.1,-0.1,-0.1
1.159,0.409,0.104,0.862,0.576,0.704,-0.1,-0.1,-0.1,-0.1,-0.1,-0.1,-0.1,-0.1,-0.1,-0.1,-0.1,-0.1,0.289,0.853,-0.1,-0.1,1.439,0.237,0.035,0.846,-0.1,-0.1,-0.1,-0.1,-0.1,-0.1
1.159,0.408,0.105,0.864,0.576,0.705,-0.1,-0.1,-0.1,-0.1,-0.1,-0.1,-0.1,-0.1,-0.1,-0.1,-0.1,-0.1,0.289,0.854,-0.1,-0.1,1.438,0.238,0.034,0.847,-0.1,-0.1,-0.1,-0.1,-0.1,-0.1
1.159,0.403,0.105,0.863,0.574,0.704,-0.1,-0.1,-0.1,-0.1,-0.1,-0.1,-0.1,-0.1,-0.1,-0.1,-0.1,-0.1,0.288,0.854,-0.1,-0.1,1.439,0.238,0.034,0.847,-0.1,-0.1,-0.1,-0.1,-0.1,-0.1
1.159,0.4,0.105,0.864,0.577,0.703,-0.1,-0.1,-0.1,-0.1,-0.1,-0.1,-0.1,-0.1,-0.1,-0.1,-0.1,-0.1,0.287,0.854,-0.1,-0.1,1.437,0.238,0.034,0.847,-0.1,-0.1,-0.1,-0.1,-0.1,-0.1
1.159,0.397,0.104,0.864,0.577,0.703,-0.1,-0.1,-0.1,-0.1,-0.1,-0.1,-0.1,-0.1,-0.1,-0.1,-0.1,-0.1,0.287,0.854,-0.1,-0.1,1.438,0.238,0.034,0.846,-0.1,-0.1,-0.1,-0.1,-0.1,-0.1
1.159,0.396,0.105,0.864,0.575,0.704,-0.1,-0.1,-0.1,-0.1,-0.1,-0.1,-0.1,-0.1,-0.1,-0.1,-0.1,-0.1,0.289,0.854,-0.1,-0.1,1.438,0.238,0.034,0.847,-0.1,-0.1,-0.1,-0.1,-0.1,-0.1
1.156,0.394,0.104,0.863,0.576,0.705,-0.1,-0.1,-0.1,-0.1,-0.1,-0.1,-0.1,-0.1,-0.1,-0.1,-0.1,-0.1,0.287,0.853,-0.1,-0.1,1.439,0.238,0.034,0.847,-0.1,-0.1,-0.1,-0.1,-0.1,-0.1
1.156,0.391,0.105,0.864,0.574,0.704,-0.1,-0.1,-0.1,-0.1,-0.1,-0.1,-0.1,-0.1,-0.1,-0.1,-0.1,-0.1,0.288,0.854,-0.1,-0.1,1.436,0.237,0.034,0.847,-0.1,-0.1,-0.1,-0.1,-0.1,-0.1
1.157,0.388,0.104,0.864,0.575,0.704,-0.1,-0.1,-0.1,-0.1,-0.1,-0.1,-0.1,-0.1,-0.1,-0.1,-0.1,-0.1,0.289,0.853,-0.1,-0.1,1.437,0.238,0.034,0.847,-0.1,-0.1,-0.1,-0.1,-0.1,-0.1
1.154,0.388,0.105,0.863,0.575,0.704,-0.1,-0.1,-0.1,-0.1,-0.1,-0.1,-0.1,-0.1,-0.1,-0.1,-0.1,-0.1,0.289,0.853,-0.1,-0.1,1.438,0.237,0.034,0.847,-0.1,-0.1,-0.1,-0.1,-0.1,-0.1
1.156,0.383,0.105,0.864,0.574,0.703,-0.1,-0.1,-0.1,-0.1,-0.1,-0.1,-0.1,-0.1,-0.1,-0.1,-0.1,-0.1,0.29,0.853,-0.1,-0.1,1.437,0.238,0.034,0.847,-0.1,-0.1,-0.1,-0.1,-0.1,-0.1
1.155,0.382,0.103,0.863,0.576,0.704,-0.1,-0.1,-0.1,-0.1,-0.1,-0.1,-0.1,-0.1,-0.1,-0.1,-0.1,-0.1,0.29,0.852,-0.1,-0.1,1.438,0.237,0.034,0.847,-0.1,-0.1,-0.1,-0.1,-0.1,-0.1
1.153,0.381,0.104,0.863,0.576,0.704,-0.1,-0.1,-0.1,-0.1,-0.1,-0.1,-0.1,-0.1,-0.1,-0.1,-0.1,-0.1,0.289,0.852,-0.1,-0.1,1.438,0.238,0.034,0.847,-0.1,-0.1,-0.1,-0.1,-0.1,-0.1
1.154,0.379,0.105,0.863,0.576,0.704,-0.1,-0.1,-0.1,-0.1,-0.1,-0.1,-0.1,-0.1,-0.1,-0.1,-0.1,-0.1,0.289,0.853,-0.1,-0.1,1.438,0.238,0.033,0.847,-0.1,-0.1,-0.1,-0.1,-0.1,-0.1
1.153,0.377,0.105,0.864,0.576,0.703,-0.1,-0.1,-0.1,-0.1,-0.1,-0.1,-0.1,-0.1,-0.1,-0.1,-0.1,-0.1,0.288,0.853,-0.1,-0.1,1.438,0.237,0.034,0.848,-0.1,-0.1,-0.1,-0.1,-0.1,-0.1
1.153,0.373,0.105,0.863,0.576,0.702,-0.1,-0.1,-0.1,-0.1,-0.1,-0.1,-0.1,-0.1,-0.1,-0.1,-0.1,-0.1,0.288,0.853,-0.1,-0.1,1.438,0.238,0.034,0.848,-0.1,-0.1,-0.1,-0.1,-0.1,-0.1
1.153,0.373,0.105,0.864,0.577,0.702,-0.1,-0.1,-0.1,-0.1,-0.1,-0.1,-0.1,-0.1,-0.1,-0.1,-0.1,-0.1,0.288,0.852,-0.1,-0.1,1.437,0.238,0.035,0.847,-0.1,-0.1,-0.1,-0.1,-0.1,-0.1
1.153,0.369,0.104,0.864,0.576,0.703,-0.1,-0.1,-0.1,-0.1,-0.1,-0.1,-0.1,-0.1,-0.1,-0.1,-0.1,-0.1,0.289,0.853,-0.1,-0.1,1.437,0.238,0.034,0.847,-0.1,-0.1,-0.1,-0.1,-0.1,-0.1
1.153,0.369,0.105,0.863,0.576,0.704,-0.1,-0.1,-0.1,-0.1,-0.1,-0.1,-0.1,-0.1,-0.1,-0.1,-0.1,-0.1,0.289,0.853,-0.1,-0.1,1.438,0.238,0.035,0.847,-0.1,-0.1,-0.1,-0.1,-0.1,-0.1
1.15,0.367,0.104,0.864,0.577,0.703,-0.1,-0.1,-0.1,-0.1,-0.1,-0.1,-0.1,-0.1,-0.1,-0.1,-0.1,-0.1,0.289,0.853,-0.1,-0.1,1.439,0.237,0.034,0.847,-0.1,-0.1,-0.1,-0.1,-0.1,-0.1
1.152,0.366,0.104,0.864,0.577,0.703,-0.1,-0.1,-0.1,-0.1,-0.1,-0.1,-0.1,-0.1,-0.1,-0.1,-0.1,-0.1,0.289,0.853,-0.1,-0.1,1.438,0.238,0.034,0.847,-0.1,-0.1,-0.1,-0.1,-0.1,-0.1
1.152,0.363,0.104,0.863,0.576,0.704,-0.1,-0.1,-0.1,-0.1,-0.1,-0.1,-0.1,-0.1,-0.1,-0.1,-0.1,-0.1,0.288,0.854,-0.1,-0.1,1.438,0.237,0.034,0.848,-0.1,-0.1,-0.1,-0.1,-0.1,-0.1
1.15,0.363,0.104,0.863,0.575,0.704,-0.1,-0.1,-0.1,-0.1,-0.1,-0.1,-0.1,-0.1,-0.1,-0.1,-0.1,-0.1,0.288,0.853,-0.1,-0.1,1.437,0.237,0.033,0.848,-0.1,-0.1,-0.1,-0.1,-0.1,-0.1
1.15,0.362,0.104,0.863,0.576,0.704,-0.1,-0.1,-0.1,-0.1,-0.1,-0.1,-0.1,-0.1,-0.1,-0.1,-0.1,-0.1,0.288,0.853,-0.1,-0.1,1.436,0.238,0.034,0.847,-0.1,-0.1,-0.1,-0.1,-0.1,-0.1
1.151,0.36,0.105,0.864,0.576,0.704,-0.1,-0.1,-0.1,-0.1,-0.1,-0.1,-0.1,-0.1,-0.1,-0.1,-0.1,-0.1,0.288,0.852,-0.1,-0.1,1.438,0.238,0.035,0.846,-0.1,-0.1,-0.1,-0.1,-0.1,-0.1
1.148,0.359,0.105,0.864,0.577,0.703,-0.1,-0.1,-0.1,-0.1,-0.1,-0.1,-0.1,-0.1,-0.1,-0.1,-0.1,-0.1,0.287,0.853,-0.1,-0.1,1.438,0.238,0.035,0.847,-0.1,-0.1,-0.1,-0.1,-0.1,-0.1
1.15,0.358,0.104,0.863,0.575,0.704,-0.1,-0.1,-0.1,-0.1,-0.1,-0.1,-0.1,-0.1,-0.1,-0.1,-0.1,-0.1,0.288,0.855,-0.1,-0.1,1.438,0.237,0.034,0.847,-0.1,-0.1,-0.1,-0.1,-0.1,-0.1
1.15,0.357,0.104,0.863,0.575,0.704,-0.1,-0.1,-0.1,-0.1,-0.1,-0.1,-0.1,-0.1,-0.1,-0.1,-0.1,-0.1,0.288,0.854,-0.1,-0.1,1.438,0.238,0.035,0.847,-0.1,-0.1,-0.1,-0.1,-0.1,-0.1
1.149,0.356,0.105,0.864,0.575,0.703,-0.1,-0.1,-0.1,-0.1,-0.1,-0.1,-0.1,-0.1,-0.1,-0.1,-0.1,-0.1,0.288,0.853,-0.1,-0.1,1.437,0.238,0.034,0.847,-0.1,-0.1,-0.1,-0.1,-0.1,-0.1
1.15,0.355,0.104,0.863,0.573,0.704,-0.1,-0.1,-0.1,-0.1,-0.1,-0.1,-0.1,-0.1,-0.1,-0.1,-0.1,-0.1,0.287,0.853,-0.1,-0.1,1.437,0.238,0.035,0.847,-0.1,-0.1,-0.1,-0.1,-0.1,-0.1
