1.053,0.199,1.605,0.173,1.435,0.428,1.659,0.461,1.867,0.863,-0.1,-0.1,-0.1,-0.1,1.158,0.785,1.687,0.384,1.791,0.286,1.31,0.835,-0.1,-0.1,0.995,0.65,1.625,0.905,0.104,0.484,-0.1,-0.1
1.146,0.289,1.605,0.173,1.435,0.428,1.659,0.461,1.868,0.862,-0.1,-0.1,-0.1,-0.1,1.159,0.785,1.689,0.382,1.792,0.286,1.309,0.835,-0.1,-0.1,0.994,0.648,1.624,0.907,0.106,0.484,-0.1,-0.1
1.195,0.329,1.607,0.172,1.435,0.428,1.66,0.46,1.866,0.862,-0.1,-0.1,-0.1,-0.1,1.158,0.787,1.689,0.383,1.79,0.286,1.308,0.835,-0.1,-0.1,0.993,0.648,1.624,0.906,0.106,0.484,-0.1,-0.1
1.244,0.372,1.606,0.173,1.435,0.429,1.659,0.461,1.868,0.862,-0.1,-0.1,-0.1,-0.1,1.158,0.786,1.688,0.382,1.792,0.286,1.309,0.835,-0.1,-0.1,0.994,0.649,1.623,0.905,0.106,0.484,-0.1,-0.1
1.294,0.412,1.607,0.172,1.437,0.429,1.659,0.461,1.866,0.861,-0.1,-0.1,-0.1,-0.1,1.158,0.785,1.689,0.382,1.791,0.287,1.309,0.835,-0.1,-0.1,0.994,0.649,1.624,0.907,0.105,0.484,-0.1,-0.1
1.342,0.451,1.607,0.171,1.435,0.428,1.66,0.46,1.867,0.861,-0.1,-0.1,-0.1,-0.1,1.158,0.786,1.69,0.383,1.791,0.286,1.309,0.836,-0.1,-0.1,0.994,0.649,1.625,0.906,0.105,0.485,-0.1,-0.1
1.386,0.49,1.61,0.171,1.435,0.429,1.659,0.461,1.867,0.86,-0.1,-0.1,-0.1,-0.1,1.159,0.785,1.689,0.382,1.792,0.286,1.309,0.835,-0.1,-0.1,0.994,0.649,1.624,0.907,0.106,0.484,-0.1,-0.1
1.437,0.531,1.609,0.171,1.435,0.429,1.66,0.461,1.866,0.861,-0.1,-0.1,-0.1,-0.1,1.158,0.786,1.69,0.382,1.79,0.286,1.308,0.835,-0.1,-0.1,0.995,0.65,1.625,0.905,0.104,0.484,-0.1,-0.1
1.482,0.569,1.607,0.172,1.436,0.429,1.66,0.46,1.868,0.862,-0.1,-0.1,-0.1,-0.1,1.159,0.786,1.689,0.382,1.792,0.286,1.308,0.835,-0.1,-0.1,0.994,0.649,1.625,0.905,0.105,0.484,-0.1,-0.1
1.529,0.609,1.608,0.171,1.435,0.43,1.659,0.461,1.868,0.862,-0.1,-0.1,-0.1,-0.1,1.159,0.786,1.687,0.383,1.791,0.286,1.309,0.835,-0.1,-0.1,0.994,0.65,1.624,0.906,0.105,0.485,-0.1,-0.1
1.576,0.646,1.607,0.172,1.435,0.428,1.659,0.461,1.867,0.863,-0.1,-0.1,-0.1,-0.1,1.158,0.786,1.69,0.383,1.79,0.286,1.308,0.835,-0.1,-0.1,0.994,0.649,1.625,0.905,0.104,0.484,-0.1,-0.1
1.624,0.687,1.607,0.172,1.435,0.429,1.66,0.46,1.867,0.863,-0.1,-0.1,-0.1,-0.1,1.158,0.786,1.689,0.382,1.789,0.286,1.309,0.836,-0.1,-0.1,0.995,0.648,1.626,0.906,0.104,0.484,-0.1,-0.1
1.671,0.726,1.607,0.172,1.435,0.428,1.659,0.461,1.867,0.862,-0.1,-0.1,-0.1,-0.1,1.158,0.786,1.69,0.383,1.791,0.287,1.308,0.836,-0.1,-0.1,0.995,0.649,1.625,0.906,0.106,0.485,-0.1,-0.1
1.714,0.763,1.606,0.171,1.435,0.428,1.659,0.461,1.867,0.862,-0.1,-0.1,-0.1,-0.1,1.159,0.786,1.691,0.383,1.791,0.287,1.309,0.835,-0.1,-0.1,0.994,0.649,1.625,0.905,0.106,0.484,-0.1,-0.1
1.763,0.805,1.607,0.171,1.435,0.428,1.659,0.461,1.87,0.862,-0.1,-0.1,-0.1,-0.1,1.159,0.785,1.69,0.383,1.792,0.287,1.309,0.835,-0.1,-0.1,0.994,0.648,1.625,0.906,0.105,0.484,-0.1,-0.1
1.813,0.844,1.607,0.171,1.436,0.428,1.659,0.46,1.869,0.861,-0.1,-0.1,-0.1,-0.1,1.158,0.786,1.689,0.382,1.791,0.286,1.308,0.835,-0.1,-0.1,0.994,0.649,1.626,0.906,0.105,0.484,-0.1,-0.1
1.818,0.872,1.607,0.172,1.436,0.428,1.659,0.461,1.904,0.871,-0.1,-0.1,-0.1,-0.1,1.158,0.786,1.691,0.383,1.791,0.286,1.307,0.835,-0.1,-0.1,0.994,0.648,1.624,0.905,0.106,0.484,-0.1,-0.1
1.819,0.901,1.611,0.172,1.435,0.429,1.659,0.461,1.934,0.889,-0.1,-0.1,-0.1,-0.1,1.158,0.786,1.69,0.383,1.79,0.287,1.309,0.836,-0.1,-0.1,0.994,0.65,1.624,0.905,0.106,0.484,-0.1,-0.1
1.82,0.927,1.606,0.172,1.435,0.428,1.66,0.46,1.92,0.92,-0.1,-0.1,-0.1,-0.1,1.158,0.787,1.688,0.383,1.792,0.286,1.309,0.835,-0.1,-0.1,0.994,0.649,1.624,0.906,0.106,0.484,-0.1,-0.1
1.823,0.913,1.607,0.172,1.435,0.429,1.66,0.461,1.909,0.946,-0.1,-0.1,-0.1,-0.1,1.159,0.785,1.69,0.383,1.791,0.286,1.309,0.835,-0.1,-0.1,0.995,0.649,1.625,0.905,0.106,0.485,-0.1,-0.1
1.831,0.89,1.608,0.172,1.435,0.428,1.659,0.46,1.917,0.93,-0.1,-0.1,-0.1,-0.1,1.159,0.785,1.689,0.382,1.792,0.286,1.308,0.835,-0.1,-0.1,0.995,0.648,1.624,0.906,0.105,0.483,-0.1,-0.1
1.836,0.872,1.607,0.172,1.436,0.429,1.66,0.461,1.929,0.914,-0.1,-0.1,-0.1,-0.1,1.158,0.785,1.69,0.382,1.792,0.286,1.309,0.835,-0.1,-0.1,0.994,0.65,1.623,0.904,0.106,0.485,-0.1,-0.1
1.849,0.854,1.607,0.172,1.434,0.429,1.659,0.461,1.937,0.9,-0.1,-0.1,-0.1,-0.1,1.158,0.786,1.691,0.383,1.791,0.287,1.308,0.834,-0.1,-0.1,0.995,0.649,1.625,0.906,0.106,0.484,-0.1,-0.1
1.858,0.839,1.608,0.171,1.435,0.43,1.659,0.461,1.936,0.89,-0.1,-0.1,-0.1,-0.1,1.159,0.786,1.69,0.382,1.79,0.286,1.308,0.835,-0.1,-0.1,0.995,0.649,1.624,0.905,0.105,0.485,-0.1,-0.1
1.867,0.822,1.608,0.172,1.435,0.429,1.659,0.46,1.933,0.899,-0.1,-0.1,-0.1,-0.1,1.159,0.785,1.688,0.382,1.791,0.287,1.307,0.835,-0.1,-0.1,0.994,0.648,1.625,0.905,0.106,0.484,-0.1,-0.1
1.882,0.81,1.609,0.171,1.436,0.428,1.659,0.461,1.925,0.902,-0.1,-0.1,-0.1,-0.1,1.158,0.786,1.69,0.382,1.79,0.287,1.309,0.836,-0.1,-0.1,0.995,0.648,1.624,0.906,0.105,0.484,-0.1,-0.1
1.888,0.794,1.609,0.171,1.435,0.428,1.659,0.462,1.919,0.908,-0.1,-0.1,-0.1,-0.1,1.158,0.786,1.691,0.383,1.79,0.286,1.307,0.835,-0.1,-0.1,0.995,0.649,1.624,0.905,0.106,0.484,-0.1,-0.1
1.901,0.78,1.609,0.171,1.435,0.429,1.659,0.46,1.914,0.912,-0.1,-0.1,-0.1,-0.1,1.158,0.784,1.689,0.382,1.79,0.287,1.309,0.835,-0.1,-0.1,0.993,0.65,1.624,0.905,0.106,0.485,-0.1,-0.1
1.909,0.767,1.607,0.172,1.436,0.429,1.66,0.461,1.906,0.916,-0.1,-0.1,-0.1,-0.1,1.159,0.787,1.689,0.382,1.791,0.287,1.309,0.836,-0.1,-0.1,0.995,0.65,1.625,0.906,0.106,0.485,-0.1,-0.1
1.907,0.748,1.606,0.172,1.436,0.429,1.659,0.46,1.899,0.919,-0.1,-0.1,-0.1,-0.1,1.159,0.786,1.689,0.382,1.792,0.286,1.309,0.836,-0.1,-0.1,0.995,0.65,1.623,0.905,0.106,0.485,-0.1,-0.1
1.923,0.736,1.605,0.172,1.436,0.429,1.659,0.461,1.892,0.924,-0.1,-0.1,-0.1,-0.1,1.159,0.785,1.689,0.382,1.792,0.286,1.309,0.835,-0.1,-0.1,0.994,0.649,1.624,0.905,0.104,0.484,-0.1,-0.1
1.935,0.725,1.606,0.173,1.435,0.428,1.659,0.461,1.885,0.927,-0.1,-0.1,-0.1,-0.1,1.159,0.785,1.689,0.382,1.79,0.286,1.309,0.835,-0.1,-0.1,0.994,0.649,1.624,0.905,0.105,0.484,-0.1,-0.1
1.927,0.712,1.606,0.173,1.436,0.429,1.659,0.461,1.878,0.929,-0.1,-0.1,-0.1,-0.1,1.159,0.785,1.689,0.382,1.79,0.287,1.309,0.836,-0.1,-0.1,0.995,0.649,1.625,0.906,0.107,0.484,-0.1,-0.1
1.91,0.696,1.608,0.172,1.435,0.429,1.658,0.461,1.876,0.927,-0.1,-0.1,-0.1,-0.1,1.159,0.785,1.691,0.382,1.791,0.286,1.309,0.837,-0.1,-0.1,0.995,0.649,1.623,0.905,0.106,0.485,-0.1,-0.1
1.916,0.685,1.606,0.172,1.436,0.429,1.66,0.461,1.872,0.923,-0.1,-0.1,-0.1,-0.1,1.158,0.785,1.69,0.382,1.79,0.287,1.309,0.836,-0.1,-0.1,0.995,0.649,1.624,0.905,0.106,0.485,-0.1,-0.1
1.914,0.676,1.607,0.173,1.436,0.428,1.659,0.461,1.866,0.921,-0.1,-0.1,-0.1,-0.1,1.159,0.785,1.688,0.382,1.791,0.286,1.309,0.835,-0.1,-0.1,0.995,0.649,1.624,0.906,0.106,0.485,-0.1,-0.1
1.911,0.665,1.606,0.172,1.437,0.428,1.66,0.46,1.864,0.917,-0.1,-0.1,-0.1,-0.1,1.159,0.785,1.69,0.383,1.791,0.286,1.309,0.835,-0.1,-0.1,0.995,0.65,1.625,0.906,0.106,0.484,-0.1,-0.1
1.903,0.654,1.606,0.173,1.435,0.428,1.66,0.461,1.86,0.916,-0.1,-0.1,-0.1,-0.1,1.158,0.785,1.691,0.383,1.791,0.286,1.308,0.835,-0.1,-0.1,0.995,0.649,1.623,0.905,0.106,0.484,-0.1,-0.1
1.895,0.642,1.607,0.172,1.437,0.429,1.659,0.461,1.856,0.915,-0.1,-0.1,-0.1,-0.1,1.159,0.786,1.69,0.383,1.791,0.287,1.309,0.836,-0.1,-0.1,0.995,0.649,1.624,0.905,0.106,0.484,-0.1,-0.1
1.892,0.63,1.608,0.171,1.436,0.429,1.659,0.461,1.851,0.91,-0.1,-0.1,-0.1,-0.1,1.159,0.785,1.69,0.383,1.791,0.286,1.309,0.835,-0.1,-0.1,0.995,0.651,1.623,0.905,0.106,0.485,-0.1,-0.1
1.881,0.617,1.606,0.172,1.436,0.428,1.659,0.461,1.845,0.907,-0.1,-0.1,-0.1,-0.1,1.158,0.785,1.69,0.382,1.79,0.287,1.309,0.836,-0.1,-0.1,0.995,0.649,1.623,0.906,0.106,0.485,-0.1,-0.1
1.878,0.607,1.607,0.173,1.436,0.428,1.659,0.46,1.845,0.906,-0.1,-0.1,-0.1,-0.1,1.159,0.786,1.689,0.382,1.791,0.286,1.309,0.835,-0.1,-0.1,0.995,0.649,1.624,0.906,0.106,0.484,-0.1,-0.1
1.873,0.595,1.608,0.173,1.435,0.429,1.659,0.46,1.841,0.904,-0.1,-0.1,-0.1,-0.1,1.159,0.786,1.689,0.383,1.791,0.286,1.309,0.835,-0.1,-0.1,0.995,0.65,1.625,0.906,0.106,0.485,-0.1,-0.1
1.868,0.584,1.609,0.171,1.435,0.429,1.66,0.461,1.837,0.902,-0.1,-0.1,-0.1,-0.1,1.159,0.785,1.69,0.382,1.79,0.286,1.307,0.835,-0.1,-0.1,0.995,0.649,1.625,0.907,0.106,0.485,-0.1,-0.1
1.859,0.573,1.61,0.172,1.434,0.428,1.658,0.461,1.835,0.898,-0.1,-0.1,-0.1,-0.1,1.159,0.786,1.69,0.382,1.792,0.287,1.309,0.835,-0.1,-0.1,0.994,0.649,1.624,0.906,0.108,0.485,-0.1,-0.1
1.849,0.561,1.608,0.173,1.435,0.428,1.659,0.461,1.832,0.897,-0.1,-0.1,-0.1,-0.1,1.159,0.785,1.69,0.383,1.79,0.287,1.309,0.835,-0.1,-0.1,0.995,0.648,1.624,0.907,0.106,0.485,-0.1,-0.1
1.836,0.548,1.607,0.172,1.436,0.429,1.659,0.461,1.824,0.894,-0.1,-0.1,-0.1,-0.1,1.158,0.786,1.69,0.383,1.79,0.287,1.309,0.835,-0.1,-0.1,0.994,0.65,1.624,0.906,0.105,0.485,-0.1,-0.1
1.838,0.537,1.608,0.171,1.436,0.43,1.66,0.461,1.827,0.893,-0.1,-0.1,-0.1,-0.1,1.159,0.787,1.688,0.381,1.791,0.286,1.309,0.836,-0.1,-0.1,0.995,0.65,1.624,0.906,0.107,0.485,-0.1,-0.1
1.833,0.528,1.607,0.172,1.437,0.429,1.659,0.461,1.822,0.889,-0.1,-0.1,-0.1,-0.1,1.158,0.786,1.691,0.382,1.791,0.286,1.309,0.836,-0.1,-0.1,0.995,0.65,1.624,0.906,0.105,0.484,-0.1,-0.1
1.832,0.519,1.606,0.173,1.436,0.429,1.659,0.461,1.816,0.889,-0.1,-0.1,-0.1,-0.1,1.158,0.785,1.689,0.382,1.79,0.287,1.309,0.836,-0.1,-0.1,0.994,0.649,1.624,0.905,0.106,0.484,-0.1,-0.1
1.824,0.509,1.61,0.172,1.434,0.428,1.658,0.461,1.815,0.883,-0.1,-0.1,-0.1,-0.1,1.158,0.786,1.691,0.383,1.792,0.286,1.309,0.835,-0.1,-0.1,0.994,0.65,1.624,0.905,0.105,0.484,-0.1,-0.1
1.818,0.497,1.608,0.173,1.435,0.429,1.66,0.461,1.81,0.884,-0.1,-0.1,-0.1,-0.1,1.158,0.786,1.69,0.383,1.792,0.286,1.309,0.836,-0.1,-0.1,0.995,0.649,1.624,0.907,0.105,0.485,-0.1,-0.1
1.811,0.487,1.608,0.171,1.435,0.428,1.659,0.461,1.805,0.881,-0.1,-0.1,-0.1,-0.1,1.159,0.786,1.69,0.383,1.789,0.287,1.309,0.835,-0.1,-0.1,0.996,0.65,1.625,0.906,0.106,0.484,-0.1,-0.1
1.807,0.477,1.609,0.171,1.436,0.428,1.66,0.461,1.804,0.877,-0.1,-0.1,-0.1,-0.1,1.158,0.786,1.689,0.382,1.791,0.286,1.309,0.835,-0.1,-0.1,0.995,0.649,1.625,0.906,0.106,0.485,-0.1,-0.1
1.797,0.466,1.609,0.171,1.437,0.429,1.659,0.461,1.801,0.876,-0.1,-0.1,-0.1,-0.1,1.158,0.785,1.69,0.383,1.792,0.286,1.308,0.835,-0.1,-0.1,0.995,0.649,1.625,0.906,0.106,0.485,-0.1,-0.1
1.794,0.456,1.608,0.171,1.434,0.428,1.659,0.461,1.798,0.875,-0.1,-0.1,-0.1,-0.1,1.159,0.786,1.69,0.383,1.791,0.287,1.309,0.835,-0.1,-0.1,0.995,0.648,1.624,0.905,0.106,0.484,-0.1,-0.1
1.792,0.447,1.606,0.173,1.436,0.428,1.66,0.461,1.796,0.873,-0.1,-0.1,-0.1,-0.1,1.159,0.787,1.689,0.382,1.79,0.287,1.31,0.835,-0.1,-0.1,0.995,0.649,1.625,0.906,0.105,0.484,-0.1,-0.1
1.787,0.435,1.607,0.172,1.435,0.43,1.659,0.461,1.795,0.874,-0.1,-0.1,-0.1,-0.1,1.159,0.784,1.69,0.383,1.791,0.286,1.309,0.836,-0.1,-0.1,0.995,0.65,1.624,0.906,0.106,0.485,-0.1,-0.1
1.781,0.427,1.608,0.174,1.435,0.43,1.66,0.46,1.789,0.869,-0.1,-0.1,-0.1,-0.1,1.158,0.784,1.689,0.383,1.792,0.286,1.31,0.836,-0.1,-0.1,0.995,0.649,1.624,0.906,0.107,0.485,-0.1,-0.1
1.777,0.417,1.608,0.171,1.435,0.429,1.66,0.461,1.788,0.868,-0.1,-0.1,-0.1,-0.1,1.159,0.785,1.688,0.383,1.79,0.287,1.309,0.836,-0.1,-0.1,0.995,0.65,1.624,0.906,0.107,0.484,-0.1,-0.1
1.772,0.407,1.61,0.171,1.433,0.429,1.66,0.461,1.789,0.869,-0.1,-0.1,-0.1,-0.1,1.159,0.786,1.688,0.384,1.79,0.287,1.309,0.835,-0.1,-0.1,0.996,0.65,1.624,0.906,0.107,0.485,-0.1,-0.1
1.764,0.398,1.608,0.172,1.435,0.428,1.659,0.461,1.782,0.864,-0.1,-0.1,-0.1,-0.1,1.159,0.785,1.689,0.383,1.792,0.286,1.309,0.835,-0.1,-0.1,0.994,0.65,1.625,0.906,0.107,0.485,-0.1,-0.1
1.757,0.387,1.606,0.172,1.436,0.431,1.66,0.462,1.783,0.866,-0.1,-0.1,-0.1,-0.1,1.159,0.785,1.689,0.383,1.792,0.287,1.309,0.836,-0.1,-0.1,0.995,0.649,1.624,0.906,0.107,0.484,-0.1,-0.1
1.753,0.376,1.607,0.173,1.435,0.428,1.659,0.461,1.778,0.862,-0.1,-0.1,-0.1,-0.1,1.158,0.786,1.689,0.382,1.792,0.287,1.309,0.836,-0.1,-0.1,0.995,0.65,1.624,0.906,0.105,0.484,-0.1,-0.1
1.75,0.367,1.607,0.171,1.436,0.429,1.66,0.461,1.781,0.863,-0.1,-0.1,-0.1,-0.1,1.159,0.787,1.686,0.384,1.79,0.286,1.31,0.835,-0.1,-0.1,0.994,0.649,1.625,0.906,0.106,0.485,-0.1,-0.1
1.748,0.357,1.608,0.172,1.436,0.428,1.659,0.46,1.775,0.86,-0.1,-0.1,-0.1,-0.1,1.158,0.787,1.686,0.381,1.792,0.287,1.309,0.835,-0.1,-0.1,0.996,0.649,1.624,0.905,0.106,0.485,-0.1,-0.1
1.743,0.35,1.61,0.171,1.435,0.427,1.659,0.461,1.774,0.857,-0.1,-0.1,-0.1,-0.1,1.159,0.786,1.684,0.383,1.792,0.286,1.309,0.835,-0.1,-0.1,0.995,0.649,1.624,0.907,0.104,0.484,-0.1,-0.1
1.735,0.34,1.609,0.171,1.437,0.427,1.66,0.461,1.774,0.86,-0.1,-0.1,-0.1,-0.1,1.159,0.786,1.683,0.382,1.79,0.287,1.309,0.835,-0.1,-0.1,0.995,0.649,1.625,0.906,0.106,0.485,-0.1,-0.1
1.739,0.33,1.607,0.172,1.435,0.429,1.66,0.461,1.772,0.857,-0.1,-0.1,-0.1,-0.1,1.159,0.786,1.68,0.383,1.79,0.287,1.309,0.835,-0.1,-0.1,0.995,0.65,1.625,0.906,0.107,0.485,-0.1,-0.1
1.73,0.322,1.607,0.172,1.436,0.429,1.659,0.461,1.77,0.857,-0.1,-0.1,-0.1,-0.1,1.159,0.785,1.678,0.383,1.79,0.287,1.309,0.836,-0.1,-0.1,0.995,0.65,1.625,0.905,0.107,0.485,-0.1,-0.1
1.731,0.312,1.607,0.171,1.435,0.428,1.66,0.461,1.768,0.854,-0.1,-0.1,-0.1,-0.1,1.158,0.786,1.679,0.381,1.792,0.287,1.308,0.835,-0.1,-0.1,0.996,0.65,1.624,0.904,0.106,0.484,-0.1,-0.1
1.724,0.306,1.608,0.171,1.435,0.428,1.659,0.461,1.764,0.857,-0.1,-0.1,-0.1,-0.1,1.159,0.786,1.677,0.384,1.79,0.286,1.309,0.835,-0.1,-0.1,0.995,0.649,1.624,0.906,0.106,0.485,-0.1,-0.1
1.722,0.294,1.61,0.172,1.435,0.428,1.659,0.461,1.763,0.856,-0.1,-0.1,-0.1,-0.1,1.158,0.786,1.675,0.384,1.79,0.286,1.309,0.835,-0.1,-0.1,0.995,0.649,1.624,0.905,0.106,0.485,-0.1,-0.1
1.719,0.285,1.607,0.172,1.435,0.429,1.659,0.461,1.763,0.853,-0.1,-0.1,-0.1,-0.1,1.159,0.786,1.675,0.384,1.792,0.287,1.309,0.836,-0.1,-0.1,0.996,0.65,1.625,0.906,0.107,0.485,-0.1,-0.1
1.72,0.276,1.606,0.173,1.437,0.429,1.66,0.461,1.761,0.851,-0.1,-0.1,-0.1,-0.1,1.159,0.785,1.674,0.385,1.791,0.287,1.309,0.836,-0.1,-0.1,0.995,0.65,1.625,0.905,0.106,0.484,-0.1,-0.1
1.715,0.27,1.609,0.171,1.435,0.429,1.66,0.461,1.761,0.852,-0.1,-0.1,-0.1,-0.1,1.158,0.786,1.673,0.384,1.791,0.287,1.309,0.836,-0.1,-0.1,0.995,0.65,1.625,0.906,0.107,0.485,-0.1,-0.1
1.714,0.26,1.606,0.173,1.436,0.429,1.659,0.461,1.76,0.851,-0.1,-0.1,-0.1,-0.1,1.158,0.786,1.673,0.385,1.792,0.286,1.309,0.835,-0.1,-0.1,0.994,0.649,1.625,0.905,0.107,0.485,-0.1,-0.1
1.707,0.256,1.607,0.173,1.435,0.43,1.66,0.461,1.758,0.85,-0.1,-0.1,-0.1,-0.1,1.159,0.785,1.672,0.385,1.793,0.286,1.308,0.835,-0.1,-0.1,0.995,0.65,1.624,0.905,0.106,0.485,-0.1,-0.1
1.704,0.244,1.606,0.172,1.436,0.43,1.659,0.462,1.758,0.848,-0.1,-0.1,-0.1,-0.1,1.159,0.786,1.67,0.387,1.793,0.286,1.31,0.836,-0.1,-0.1,0.996,0.65,1.625,0.905,0.106,0.485,-0.1,-0.1
1.697,0.235,1.605,0.173,1.435,0.429,1.66,0.461,1.756,0.848,-0.1,-0.1,-0.1,-0.1,1.159,0.785,1.67,0.387,1.79,0.286,1.309,0.836,-0.1,-0.1,0.996,0.649,1.624,0.906,0.107,0.485,-0.1,-0.1
1.697,0.228,1.606,0.173,1.436,0.429,1.659,0.461,1.755,0.846,-0.1,-0.1,-0.1,-0.1,1.159,0.785,1.67,0.387,1.792,0.286,1.31,0.838,-0.1,-0.1,0.996,0.649,1.624,0.907,0.107,0.485,-0.1,-0.1
1.698,0.218,1.606,0.173,1.435,0.429,1.66,0.461,1.753,0.847,-0.1,-0.1,-0.1,-0.1,1.159,0.786,1.67,0.389,1.793,0.286,1.308,0.835,-0.1,-0.1,0.995,0.651,1.625,0.906,0.107,0.485,-0.1,-0.1
1.69,0.211,1.607,0.173,1.435,0.429,1.66,0.461,1.751,0.844,-0.1,-0.1,-0.1,-0.1,1.158,0.786,1.67,0.389,1.79,0.288,1.309,0.835,-0.1,-0.1,0.995,0.649,1.624,0.906,0.107,0.484,-0.1,-0.1
1.683,0.205,1.607,0.172,1.436,0.428,1.66,0.46,1.75,0.846,-0.1,-0.1,-0.1,-0.1,1.159,0.785,1.669,0.387,1.791,0.286,1.308,0.835,-0.1,-0.1,0.995,0.65,1.624,0.906,0.107,0.485,-0.1,-0.1
1.683,0.195,1.607,0.173,1.435,0.429,1.66,0.461,1.75,0.846,-0.1,-0.1,-0.1,-0.1,1.159,0.787,1.669,0.39,1.792,0.286,1.309,0.836,-0.1,-0.1,0.995,0.65,1.624,0.905,0.107,0.485,-0.1,-0.1
1.674,0.191,1.606,0.174,1.435,0.429,1.66,0.461,1.747,0.842,-0.1,-0.1,-0.1,-0.1,1.159,0.787,1.667,0.39,1.791,0.287,1.309,0.836,-0.1,-0.1,0.996,0.649,1.624,0.906,0.105,0.485,-0.1,-0.1
1.679,0.18,1.608,0.172,1.436,0.428,1.66,0.46,1.752,0.846,-0.1,-0.1,-0.1,-0.1,1.159,0.786,1.669,0.39,1.79,0.286,1.309,0.836,-0.1,-0.1,0.995,0.65,1.624,0.906,0.106,0.484,-0.1,-0.1
1.676,0.173,1.607,0.172,1.435,0.428,1.659,0.461,1.747,0.844,-0.1,-0.1,-0.1,-0.1,1.159,0.786,1.67,0.39,1.792,0.287,1.309,0.836,-0.1,-0.1,0.995,0.65,1.624,0.906,0.107,0.485,-0.1,-0.1
1.678,0.164,1.609,0.172,1.435,0.429,1.659,0.461,1.748,0.84,-0.1,-0.1,-0.1,-0.1,1.159,0.785,1.668,0.39,1.792,0.286,1.308,0.836,-0.1,-0.1,0.995,0.649,1.623,0.907,0.106,0.485,-0.1,-0.1
1.672,0.157,1.608,0.172,1.435,0.429,1.659,0.461,1.748,0.842,-0.1,-0.1,-0.1,-0.1,1.158,0.785,1.668,0.391,1.792,0.286,1.309,0.837,-0.1,-0.1,0.995,0.65,1.624,0.906,0.106,0.485,-0.1,-0.1
1.673,0.149,1.609,0.171,1.436,0.429,1.659,0.461,1.748,0.842,-0.1,-0.1,-0.1,-0.1,1.159,0.785,1.667,0.39,1.792,0.286,1.308,0.835,-0.1,-0.1,0.995,0.649,1.624,0.906,0.106,0.485,-0.1,-0.1
1.665,0.145,1.611,0.169,1.435,0.429,1.659,0.461,1.747,0.842,-0.1,-0.1,-0.1,-0.1,1.158,0.786,1.669,0.389,1.792,0.286,1.308,0.835,-0.1,-0.1,0.995,0.65,1.625,0.907,0.106,0.485,-0.1,-0.1
1.663,0.137,1.609,0.17,1.434,0.428,1.66,0.461,1.748,0.841,-0.1,-0.1,-0.1,-0.1,1.158,0.787,1.669,0.39,1.793,0.286,1.307,0.835,-0.1,-0.1,0.994,0.65,1.626,0.906,0.106,0.484,-0.1,-0.1
1.663,0.128,1.61,0.171,1.435,0.428,1.659,0.461,1.744,0.842,-0.1,-0.1,-0.1,-0.1,1.159,0.786,1.668,0.389,1.792,0.287,1.309,0.835,-0.1,-0.1,0.995,0.65,1.625,0.906,0.106,0.485,-0.1,-0.1
1.657,0.126,1.607,0.172,1.436,0.428,1.659,0.461,1.746,0.841,-0.1,-0.1,-0.1,-0.1,1.159,0.785,1.668,0.39,1.792,0.287,1.308,0.835,-0.1,-0.1,0.995,0.65,1.624,0.906,0.106,0.485,-0.1,-0.1
1.656,0.114,1.609,0.169,1.436,0.428,1.659,0.461,1.745,0.841,-0.1,-0.1,-0.1,-0.1,1.159,0.787,1.668,0.39,1.793,0.286,1.309,0.836,-0.1,-0.1,0.995,0.65,1.625,0.905,0.107,0.485,-0.1,-0.1
1.652,0.106,1.607,0.171,1.436,0.428,1.659,0.461,1.745,0.84,-0.1,-0.1,-0.1,-0.1,1.159,0.787,1.668,0.39,1.792,0.286,1.309,0.835,-0.1,-0.1,0.996,0.649,1.624,0.905,0.107,0.485,-0.1,-0.1
1.65,0.102,1.607,0.17,1.435,0.43,1.659,0.461,1.747,0.841,-0.1,-0.1,-0.1,-0.1,1.159,0.785,1.668,0.39,1.792,0.286,1.308,0.836,-0.1,-0.1,0.995,0.65,1.624,0.905,0.108,0.485,-0.1,-0.1
1.646,0.097,1.607,0.172,1.435,0.429,1.66,0.461,1.747,0.841,-0.1,-0.1,-0.1,-0.1,1.159,0.785,1.668,0.391,1.792,0.286,1.309,0.836,-0.1,-0.1,0.995,0.649,1.624,0.906,0.107,0.485,-0.1,-0.1
1.649,0.088,1.611,0.172,1.435,0.429,1.659,0.461,1.747,0.841,-0.1,-0.1,-0.1,-0.1,1.159,0.786,1.668,0.39,1.792,0.286,1.308,0.835,-0.1,-0.1,0.996,0.65,1.625,0.907,0.107,0.484,-0.1,-0.1
1.641,0.084,1.608,0.172,1.436,0.427,1.66,0.461,1.747,0.842,-0.1,-0.1,-0.1,-0.1,1.159,0.785,1.669,0.39,1.791,0.287,1.308,0.836,-0.1,-0.1,0.995,0.649,1.623,0.906,0.107,0.485,-0.1,-0.1
1.64,0.076,1.609,0.171,1.436,0.428,1.659,0.461,1.746,0.841,-0.1,-0.1,-0.1,-0.1,1.159,0.786,1.668,0.39,1.791,0.287,1.308,0.837,-0.1,-0.1,0.996,0.65,1.625,0.906,0.107,0.485,-0.1,-0.1
1.634,0.074,1.61,0.171,1.433,0.429,1.659,0.46,1.746,0.84,-0.1,-0.1,-0.1,-0.1,1.159,0.786,1.669,0.391,1.792,0.286,1.309,0.836,-0.1,-0.1,0.996,0.649,1.625,0.906,0.107,0.485,-0.1,-0.1
1.639,0.065,1.61,0.171,1.436,0.429,1.659,0.46,1.746,0.84,-0.1,-0.1,-0.1,-0.1,1.158,0.786,1.668,0.389,1.792,0.286,1.309,0.836,-0.1,-0.1,0.996,0.65,1.624,0.906,0.107,0.485,-0.1,-0.1
1.637,0.057,1.607,0.173,1.436,0.429,1.659,0.461,1.747,0.841,-0.1,-0.1,-0.1,-0.1,1.159,0.785,1.669,0.39,1.792,0.286,1.309,0.836,-0.1,-0.1,0.996,0.65,1.624,0.905,0.106,0.486,-0.1,-0.1
1.635,0.049,1.609,0.172,1.435,0.429,1.659,0.461,1.747,0.841,-0.1,-0.1,-0.1,-0.1,1.158,0.786,1.668,0.391,1.791,0.287,1.309,0.837,-0.1,-0.1,0.996,0.65,1.625,0.907,0.106,0.485,-0.1,-0.1
1.628,0.049,1.607,0.172,1.436,0.429,1.659,0.461,1.747,0.841,-0.1,-0.1,-0.1,-0.1,1.159,0.787,1.669,0.39,1.792,0.287,1.309,0.837,-0.1,-0.1,0.996,0.649,1.625,0.905,0.106,0.485,-0.1,-0.1
1.631,0.039,1.609,0.171,1.436,0.429,1.659,0.461,1.747,0.841,-0.1,-0.1,-0.1,-0.1,1.159,0.786,1.67,0.39,1.792,0.287,1.309,0.836,-0.1,-0.1,0.995,0.649,1.625,0.905,0.106,0.485,-0.1,-0.1
1.625,0.036,1.607,0.172,1.435,0.429,1.66,0.461,1.746,0.841,-0.1,-0.1,-0.1,-0.1,1.16,0.787,1.669,0.39,1.792,0.286,1.309,0.836,-0.1,-0.1,0.996,0.65,1.624,0.906,0.106,0.485,-0.1,-0.1
1.619,0.032,1.606,0.171,1.436,0.429,1.66,0.461,1.747,0.841,-0.1,-0.1,-0.1,-0.1,1.158,0.785,1.669,0.39,1.792,0.286,1.308,0.834,-0.1,-0.1,0.996,0.649,1.625,0.905,0.106,0.485,-0.1,-0.1
1.619,0.025,1.611,0.171,1.437,0.429,1.659,0.461,1.746,0.841,-0.1,-0.1,-0.1,-0.1,1.158,0.786,1.669,0.39,1.791,0.286,1.31,0.836,-0.1,-0.1,0.995,0.65,1.624,0.906,0.107,0.486,-0.1,-0.1
1.614,0.023,1.608,0.17,1.436,0.428,1.66,0.461,1.746,0.841,-0.1,-0.1,-0.1,-0.1,1.159,0.786,1.67,0.391,1.792,0.287,1.31,0.836,-0.1,-0.1,0.996,0.65,1.625,0.907,0.106,0.485,-0.1,-0.1
1.616,0.031,1.608,0.171,1.436,0.429,1.66,0.461,1.745,0.842,-0.1,-0.1,-0.1,-0.1,1.159,0.786,1.668,0.39,1.793,0.286,1.309,0.836,-0.1,-0.1,0.996,0.65,1.624,0.905,0.106,0.486,-0.1,-0.1
1.613,0.03,1.61,0.172,1.436,0.431,1.66,0.461,1.746,0.843,-0.1,-0.1,-0.1,-0.1,1.159,0.786,1.668,0.391,1.793,0.286,1.309,0.837,-0.1,-0.1,0.995,0.649,1.624,0.907,0.106,0.485,-0.1,-0.1
1.617,0.031,1.608,0.171,1.437,0.429,1.659,0.462,1.746,0.843,-0.1,-0.1,-0.1,-0.1,1.159,0.786,1.668,0.39,1.792,0.286,1.309,0.837,-0.1,-0.1,0.996,0.65,1.624,0.907,0.107,0.485,-0.1,-0.1
1.611,0.038,1.608,0.171,1.435,0.427,1.659,0.461,1.746,0.842,-0.1,-0.1,-0.1,-0.1,1.159,0.788,1.67,0.389,1.792,0.287,1.308,0.836,-0.1,-0.1,0.996,0.651,1.624,0.906,0.107,0.485,-0.1,-0.1
1.611,0.04,1.611,0.171,1.435,0.429,1.659,0.461,1.747,0.843,-0.1,-0.1,-0.1,-0.1,1.159,0.786,1.669,0.389,1.791,0.287,1.309,0.837,-0.1,-0.1,0.995,0.65,1.625,0.905,0.108,0.486,-0.1,-0.1
1.609,0.042,1.61,0.171,1.436,0.429,1.66,0.461,1.747,0.843,-0.1,-0.1,-0.1,-0.1,1.16,0.787,1.67,0.391,1.792,0.287,1.309,0.836,-0.1,-0.1,0.996,0.651,1.624,0.907,0.108,0.485,-0.1,-0.1
1.605,0.044,1.607,0.172,1.434,0.429,1.659,0.462,1.744,0.843,-0.1,-0.1,-0.1,-0.1,1.159,0.786,1.669,0.39,1.792,0.287,1.308,0.836,-0.1,-0.1,0.995,0.65,1.624,0.905,0.106,0.486,-0.1,-0.1
1.607,0.049,1.609,0.172,1.435,0.427,1.659,0.461,1.748,0.843,-0.1,-0.1,-0.1,-0.1,1.159,0.785,1.668,0.39,1.792,0.287,1.309,0.836,-0.1,-0.1,0.996,0.65,1.625,0.905,0.107,0.485,-0.1,-0.1
1.61,0.048,1.61,0.172,1.436,0.429,1.66,0.461,1.748,0.842,-0.1,-0.1,-0.1,-0.1,1.159,0.785,1.67,0.39,1.793,0.286,1.308,0.835,-0.1,-0.1,0.996,0.649,1.624,0.905,0.108,0.485,-0.1,-0.1
1.602,0.056,1.608,0.172,1.436,0.429,1.659,0.462,1.745,0.843,-0.1,-0.1,-0.1,-0.1,1.159,0.786,1.669,0.39,1.793,0.286,1.31,0.836,-0.1,-0.1,0.995,0.649,1.624,0.905,0.107,0.485,-0.1,-0.1
1.604,0.057,1.607,0.171,1.436,0.429,1.659,0.461,1.745,0.843,-0.1,-0.1,-0.1,-0.1,1.159,0.786,1.668,0.39,1.792,0.286,1.309,0.835,-0.1,-0.1,0.997,0.649,1.624,0.905,0.105,0.485,-0.1,-0.1
1.607,0.057,1.607,0.172,1.435,0.429,1.659,0.461,1.746,0.841,-0.1,-0.1,-0.1,-0.1,1.159,0.785,1.668,0.39,1.791,0.287,1.31,0.836,-0.1,-0.1,0.996,0.65,1.624,0.906,0.107,0.485,-0.1,-0.1
1.606,0.057,1.608,0.171,1.436,0.429,1.659,0.461,1.745,0.842,-0.1,-0.1,-0.1,-0.1,1.159,0.786,1.669,0.391,1.793,0.286,1.309,0.836,-0.1,-0.1,0.996,0.649,1.625,0.905,0.104,0.485,-0.1,-0.1
1.601,0.062,1.609,0.171,1.435,0.428,1.659,0.461,1.745,0.843,-0.1,-0.1,-0.1,-0.1,1.159,0.787,1.67,0.39,1.792,0.286,1.308,0.836,-0.1,-0.1,0.996,0.65,1.623,0.905,0.106,0.486,-0.1,-0.1
1.602,0.067,1.609,0.171,1.436,0.429,1.66,0.462,1.746,0.842,-0.1,-0.1,-0.1,-0.1,1.159,0.786,1.669,0.39,1.793,0.287,1.308,0.835,-0.1,-0.1,0.996,0.65,1.623,0.906,0.106,0.485,-0.1,-0.1
1.599,0.067,1.609,0.171,1.435,0.428,1.66,0.461,1.747,0.842,-0.1,-0.1,-0.1,-0.1,1.159,0.786,1.668,0.391,1.791,0.287,1.308,0.835,-0.1,-0.1,0.996,0.65,1.624,0.905,0.106,0.485,-0.1,-0.1
1.6,0.07,1.608,0.171,1.434,0.427,1.659,0.461,1.746,0.842,-0.1,-0.1,-0.1,-0.1,1.16,0.786,1.671,0.39,1.791,0.287,1.309,0.836,-0.1,-0.1,0.996,0.649,1.625,0.906,0.106,0.486,-0.1,-0.1
1.598,0.073,1.608,0.171,1.436,0.429,1.66,0.461,1.745,0.843,-0.1,-0.1,-0.1,-0.1,1.159,0.785,1.668,0.39,1.793,0.286,1.308,0.835,-0.1,-0.1,0.995,0.65,1.625,0.906,0.106,0.485,-0.1,-0.1
1.597,0.074,1.607,0.172,1.436,0.429,1.659,0.461,1.747,0.842,-0.1,-0.1,-0.1,-0.1,1.159,0.786,1.669,0.39,1.792,0.287,1.309,0.835,-0.1,-0.1,0.996,0.649,1.624,0.906,0.107,0.486,-0.1,-0.1
1.596,0.08,1.609,0.172,1.436,0.429,1.66,0.461,1.747,0.842,-0.1,-0.1,-0.1,-0.1,1.159,0.786,1.669,0.39,1.791,0.286,1.309,0.835,-0.1,-0.1,0.995,0.649,1.624,0.906,0.106,0.485,-0.1,-0.1
1.594,0.08,1.607,0.172,1.436,0.429,1.659,0.461,1.746,0.843,-0.1,-0.1,-0.1,-0.1,1.158,0.786,1.67,0.391,1.792,0.286,1.309,0.835,-0.1,-0.1,0.995,0.651,1.624,0.905,0.106,0.486,-0.1,-0.1
1.591,0.083,1.607,0.172,1.436,0.429,1.659,0.462,1.746,0.841,-0.1,-0.1,-0.1,-0.1,1.159,0.786,1.669,0.39,1.792,0.287,1.309,0.836,-0.1,-0.1,0.995,0.65,1.624,0.907,0.108,0.485,-0.1,-0.1
1.591,0.082,1.607,0.172,1.436,0.429,1.659,0.461,1.747,0.843,-0.1,-0.1,-0.1,-0.1,1.159,0.785,1.668,0.391,1.791,0.287,1.309,0.836,-0.1,-0.1,0.995,0.65,1.624,0.906,0.106,0.486,-0.1,-0.1
1.597,0.082,1.607,0.172,1.436,0.427,1.659,0.461,1.744,0.842,-0.1,-0.1,-0.1,-0.1,1.158,0.785,1.669,0.391,1.791,0.287,1.31,0.835,-0.1,-0.1,0.996,0.65,1.623,0.905,0.106,0.486,-0.1,-0.1
1.592,0.086,1.608,0.172,1.437,0.428,1.659,0.462,1.745,0.842,-0.1,-0.1,-0.1,-0.1,1.158,0.785,1.669,0.391,1.793,0.287,1.309,0.837,-0.1,-0.1,0.995,0.65,1.625,0.906,0.106,0.485,-0.1,-0.1
1.591,0.09,1.607,0.172,1.437,0.427,1.66,0.461,1.748,0.842,-0.1,-0.1,-0.1,-0.1,1.159,0.785,1.668,0.39,1.792,0.286,1.309,0.836,-0.1,-0.1,0.996,0.651,1.624,0.906,0.106,0.485,-0.1,-0.1
1.59,0.091,1.607,0.172,1.437,0.428,1.659,0.461,1.748,0.842,-0.1,-0.1,-0.1,-0.1,1.158,0.785,1.669,0.39,1.792,0.287,1.309,0.836,-0.1,-0.1,0.996,0.65,1.625,0.906,0.106,0.486,-0.1,-0.1
1.59,0.092,1.609,0.172,1.437,0.428,1.659,0.463,1.748,0.843,-0.1,-0.1,-0.1,-0.1,1.158,0.786,1.67,0.39,1.791,0.286,1.31,0.836,-0.1,-0.1,0.996,0.651,1.624,0.906,0.106,0.486,-0.1,-0.1
1.589,0.091,1.608,0.171,1.437,0.428,1.66,0.462,1.748,0.843,-0.1,-0.1,-0.1,-0.1,1.158,0.785,1.669,0.391,1.791,0.286,1.309,0.837,-0.1,-0.1,0.996,0.649,1.624,0.906,0.106,0.486,-0.1,-0.1
1.588,0.096,1.606,0.172,1.436,0.43,1.66,0.462,1.747,0.841,-0.1,-0.1,-0.1,-0.1,1.158,0.785,1.669,0.391,1.793,0.286,1.309,0.836,-0.1,-0.1,0.995,0.65,1.624,0.906,0.106,0.485,-0.1,-0.1
1.59,0.095,1.607,0.173,1.436,0.429,1.659,0.46,1.748,0.843,-0.1,-0.1,-0.1,-0.1,1.158,0.785,1.669,0.39,1.792,0.287,1.309,0.836,-0.1,-0.1,0.995,0.65,1.625,0.906,0.107,0.485,-0.1,-0.1
