1.838,0.55,0.063,0.674,1.758,0.042,1.91,0.406,-0.1,-0.1,-0.1,-0.1,-0.1,-0.1,-0.1,-0.1,-0.1,-0.1,1.484,0.626,1.69,0.066,-0.1,-0.1,-0.1,-0.1,1.819,0.318,1.901,0.778,1.909,0.248
1.785,0.563,0.063,0.673,1.758,0.042,1.909,0.405,-0.1,-0.1,-0.1,-0.1,-0.1,-0.1,-0.1,-0.1,-0.1,-0.1,1.484,0.626,1.69,0.066,-0.1,-0.1,-0.1,-0.1,1.818,0.319,1.902,0.778,1.909,0.247
1.734,0.576,0.063,0.674,1.759,0.043,1.908,0.406,-0.1,-0.1,-0.1,-0.1,-0.1,-0.1,-0.1,-0.1,-0.1,-0.1,1.483,0.626,1.69,0.066,-0.1,-0.1,-0.1,-0.1,1.82,0.318,1.9,0.779,1.909,0.247
1.694,0.585,0.063,0.674,1.759,0.041,1.91,0.405,-0.1,-0.1,-0.1,-0.1,-0.1,-0.1,-0.1,-0.1,-0.1,-0.1,1.483,0.626,1.689,0.066,-0.1,-0.1,-0.1,-0.1,1.819,0.318,1.9,0.779,1.909,0.248
1.645,0.6,0.063,0.674,1.76,0.042,1.91,0.405,-0.1,-0.1,-0.1,-0.1,-0.1,-0.1,-0.1,-0.1,-0.1,-0.1,1.483,0.627,1.69,0.068,-0.1,-0.1,-0.1,-0.1,1.818,0.318,1.901,0.779,1.909,0.248
1.604,0.611,0.062,0.673,1.759,0.043,1.91,0.405,-0.1,-0.1,-0.1,-0.1,-0.1,-0.1,-0.1,-0.1,-0.1,-0.1,1.482,0.626,1.69,0.067,-0.1,-0.1,-0.1,-0.1,1.82,0.318,1.901,0.778,1.909,0.248
1.537,0.634,0.062,0.674,1.759,0.043,1.91,0.405,-0.1,-0.1,-0.1,-0.1,-0.1,-0.1,-0.1,-0.1,-0.1,-0.1,1.466,0.626,1.691,0.066,-0.1,-0.1,-0.1,-0.1,1.819,0.319,1.9,0.777,1.909,0.247
1.54,0.633,0.062,0.674,1.758,0.042,1.91,0.405,-0.1,-0.1,-0.1,-0.1,-0.1,-0.1,-0.1,-0.1,-0.1,-0.1,1.463,0.626,1.691,0.066,-0.1,-0.1,-0.1,-0.1,1.819,0.319,1.9,0.777,1.908,0.248
1.534,0.645,0.062,0.674,1.757,0.042,1.91,0.405,-0.1,-0.1,-0.1,-0.1,-0.1,-0.1,-0.1,-0.1,-0.1,-0.1,1.427,0.627,1.691,0.065,-0.1,-0.1,-0.1,-0.1,1.82,0.318,1.9,0.778,1.908,0.248
1.533,0.656,0.061,0.674,1.757,0.043,1.91,0.406,-0.1,-0.1,-0.1,-0.1,-0.1,-0.1,-0.1,-0.1,-0.1,-0.1,1.39,0.625,1.691,0.066,-0.1,-0.1,-0.1,-0.1,1.82,0.319,1.9,0.777,1.908,0.248
1.524,0.67,0.063,0.674,1.758,0.043,1.91,0.406,-0.1,-0.1,-0.1,-0.1,-0.1,-0.1,-0.1,-0.1,-0.1,-0.1,1.354,0.626,1.69,0.065,-0.1,-0.1,-0.1,-0.1,1.82,0.318,1.901,0.778,1.908,0.248
1.515,0.681,0.061,0.674,1.757,0.042,1.91,0.405,-0.1,-0.1,-0.1,-0.1,-0.1,-0.1,-0.1,-0.1,-0.1,-0.1,1.324,0.625,1.691,0.066,-0.1,-0.1,-0.1,-0.1,1.819,0.318,1.9,0.777,1.909,0.248
1.502,0.692,0.062,0.674,1.757,0.042,1.91,0.406,-0.1,-0.1,-0.1,-0.1,-0.1,-0.1,-0.1,-0.1,-0.1,-0.1,1.294,0.625,1.691,0.066,-0.1,-0.1,-0.1,-0.1,1.82,0.318,1.9,0.778,1.908,0.248
1.494,0.703,0.062,0.674,1.758,0.043,1.909,0.405,-0.1,-0.1,-0.1,-0.1,-0.1,-0.1,-0.1,-0.1,-0.1,-0.1,1.268,0.626,1.691,0.066,-0.1,-0.1,-0.1,-0.1,1.818,0.319,1.9,0.778,1.908,0.248
1.484,0.714,0.062,0.675,1.759,0.044,1.909,0.405,-0.1,-0.1,-0.1,-0.1,-0.1,-0.1,-0.1,-0.1,-0.1,-0.1,1.241,0.626,1.691,0.066,-0.1,-0.1,-0.1,-0.1,1.821,0.319,1.9,0.778,1.909,0.248
1.473,0.724,0.062,0.674,1.759,0.045,1.91,0.405,-0.1,-0.1,-0.1,-0.1,-0.1,-0.1,-0.1,-0.1,-0.1,-0.1,1.214,0.626,1.69,0.066,-0.1,-0.1,-0.1,-0.1,1.818,0.318,1.9,0.778,1.909,0.248
1.462,0.736,0.062,0.674,1.758,0.045,1.911,0.405,-0.1,-0.1,-0.1,-0.1,-0.1,-0.1,-0.1,-0.1,-0.1,-0.1,1.189,0.625,1.691,0.066,-0.1,-0.1,-0.1,-0.1,1.819,0.318,1.901,0.779,1.908,0.248
1.454,0.748,0.062,0.675,1.758,0.046,1.91,0.405,-0.1,-0.1,-0.1,-0.1,-0.1,-0.1,-0.1,-0.1,-0.1,-0.1,1.159,0.626,1.69,0.066,-0.1,-0.1,-0.1,-0.1,1.82,0.318,1.9,0.778,1.908,0.248
1.442,0.758,0.063,0.675,1.758,0.046,1.911,0.405,-0.1,-0.1,-0.1,-0.1,-0.1,-0.1,-0.1,-0.1,-0.1,-0.1,1.137,0.626,1.69,0.067,-0.1,-0.1,-0.1,-0.1,1.821,0.319,1.9,0.778,1.909,0.248
1.431,0.768,0.061,0.675,1.758,0.046,1.91,0.404,-0.1,-0.1,-0.1,-0.1,-0.1,-0.1,-0.1,-0.1,-0.1,-0.1,1.108,0.626,1.69,0.065,-0.1,-0.1,-0.1,-0.1,1.818,0.318,1.901,0.779,1.908,0.248
1.424,0.781,0.063,0.674,1.758,0.047,1.911,0.403,-0.1,-0.1,-0.1,-0.1,-0.1,-0.1,-0.1,-0.1,-0.1,-0.1,1.085,0.627,1.691,0.065,-0.1,-0.1,-0.1,-0.1,1.821,0.319,1.899,0.779,1.909,0.248
1.414,0.792,0.061,0.675,1.759,0.046,1.909,0.403,-0.1,-0.1,-0.1,-0.1,-0.1,-0.1,-0.1,-0.1,-0.1,-0.1,1.059,0.627,1.69,0.065,-0.1,-0.1,-0.1,-0.1,1.822,0.318,1.901,0.777,1.908,0.248
1.404,0.801,0.063,0.675,1.758,0.046,1.91,0.401,-0.1,-0.1,-0.1,-0.1,-0.1,-0.1,-0.1,-0.1,-0.1,-0.1,1.03,0.628,1.691,0.066,-0.1,-0.1,-0.1,-0.1,1.821,0.318,1.9,0.778,1.908,0.248
1.395,0.812,0.063,0.674,1.757,0.046,1.91,0.401,-0.1,-0.1,-0.1,-0.1,-0.1,-0.1,-0.1,-0.1,-0.1,-0.1,1.007,0.624,1.691,0.067,-0.1,-0.1,-0.1,-0.1,1.821,0.319,1.901,0.778,1.908,0.248
1.385,0.822,0.063,0.674,1.758,0.047,1.91,0.401,-0.1,-0.1,-0.1,-0.1,-0.1,-0.1,-0.1,-0.1,-0.1,-0.1,0.98,0.626,1.691,0.066,-0.1,-0.1,-0.1,-0.1,1.819,0.319,1.9,0.778,1.909,0.248
1.374,0.831,0.062,0.674,1.758,0.046,1.91,0.403,-0.1,-0.1,-0.1,-0.1,-0.1,-0.1,-0.1,-0.1,-0.1,-0.1,0.955,0.627,1.691,0.065,-0.1,-0.1,-0.1,-0.1,1.82,0.319,1.901,0.778,1.909,0.247
1.365,0.842,0.062,0.674,1.757,0.044,1.909,0.403,-0.1,-0.1,-0.1,-0.1,-0.1,-0.1,-0.1,-0.1,-0.1,-0.1,0.931,0.627,1.691,0.066,-0.1,-0.1,-0.1,-0.1,1.821,0.319,1.901,0.778,1.908,0.249
1.356,0.853,0.063,0.674,1.756,0.045,1.908,0.405,-0.1,-0.1,-0.1,-0.1,-0.1,-0.1,-0.1,-0.1,-0.1,-0.1,0.904,0.628,1.691,0.065,-0.1,-0.1,-0.1,-0.1,1.818,0.32,1.901,0.778,1.908,0.248
1.348,0.863,0.063,0.674,1.758,0.046,1.909,0.405,-0.1,-0.1,-0.1,-0.1,-0.1,-0.1,-0.1,-0.1,-0.1,-0.1,0.878,0.627,1.691,0.067,-0.1,-0.1,-0.1,-0.1,1.822,0.32,1.901,0.778,1.909,0.248
1.337,0.873,0.062,0.674,1.758,0.045,1.906,0.405,-0.1,-0.1,-0.1,-0.1,-0.1,-0.1,-0.1,-0.1,-0.1,-0.1,0.849,0.628,1.691,0.066,-0.1,-0.1,-0.1,-0.1,1.82,0.32,1.9,0.778,1.909,0.248
1.329,0.884,0.062,0.674,1.756,0.044,1.909,0.405,-0.1,-0.1,-0.1,-0.1,-0.1,-0.1,-0.1,-0.1,-0.1,-0.1,0.827,0.627,1.691,0.065,-0.1,-0.1,-0.1,-0.1,1.82,0.318,1.9,0.778,1.909,0.248
1.319,0.893,0.062,0.675,1.757,0.045,1.91,0.406,-0.1,-0.1,-0.1,-0.1,-0.1,-0.1,-0.1,-0.1,-0.1,-0.1,0.802,0.628,1.691,0.065,-0.1,-0.1,-0.1,-0.1,1.821,0.319,1.903,0.779,1.909,0.248
1.311,0.904,0.062,0.674,1.759,0.045,1.91,0.405,-0.1,-0.1,-0.1,-0.1,-0.1,-0.1,-0.1,-0.1,-0.1,-0.1,0.778,0.626,1.691,0.066,-0.1,-0.1,-0.1,-0.1,1.82,0.318,1.9,0.778,1.909,0.249
1.301,0.914,0.062,0.674,1.758,0.044,1.911,0.406,-0.1,-0.1,-0.1,-0.1,-0.1,-0.1,-0.1,-0.1,-0.1,-0.1,0.753,0.628,1.69,0.066,-0.1,-0.1,-0.1,-0.1,1.82,0.319,1.901,0.778,1.909,0.248
1.291,0.923,0.063,0.674,1.758,0.045,1.909,0.405,-0.1,-0.1,-0.1,-0.1,-0.1,-0.1,-0.1,-0.1,-0.1,-0.1,0.726,0.627,1.691,0.066,-0.1,-0.1,-0.1,-0.1,1.819,0.317,1.9,0.777,1.909,0.248
1.283,0.934,0.062,0.675,1.757,0.044,1.91,0.405,-0.1,-0.1,-0.1,-0.1,-0.1,-0.1,-0.1,-0.1,-0.1,-0.1,0.702,0.628,1.691,0.066,-0.1,-0.1,-0.1,-0.1,1.82,0.318,1.902,0.778,1.908,0.248
1.273,0.942,0.062,0.674,1.757,0.043,1.91,0.405,-0.1,-0.1,-0.1,-0.1,-0.1,-0.1,-0.1,-0.1,-0.1,-0.1,0.678,0.627,1.691,0.066,-0.1,-0.1,-0.1,-0.1,1.82,0.319,1.901,0.779,1.909,0.248
1.263,0.947,0.063,0.674,1.756,0.045,1.909,0.406,-0.1,-0.1,-0.1,-0.1,-0.1,-0.1,-0.1,-0.1,-0.1,-0.1,0.652,0.627,1.691,0.066,-0.1,-0.1,-0.1,-0.1,1.821,0.318,1.902,0.779,1.908,0.248
1.26,0.94,0.063,0.674,1.757,0.044,1.91,0.406,-0.1,-0.1,-0.1,-0.1,-0.1,-0.1,-0.1,-0.1,-0.1,-0.1,0.628,0.628,1.691,0.066,-0.1,-0.1,-0.1,-0.1,1.818,0.32,1.901,0.779,1.908,0.248
1.254,0.936,0.062,0.674,1.757,0.045,1.909,0.404,-0.1,-0.1,-0.1,-0.1,-0.1,-0.1,-0.1,-0.1,-0.1,-0.1,0.603,0.628,1.691,0.066,-0.1,-0.1,-0.1,-0.1,1.819,0.319,1.901,0.779,1.908,0.248
1.25,0.932,0.061,0.674,1.758,0.044,1.909,0.405,-0.1,-0.1,-0.1,-0.1,-0.1,-0.1,-0.1,-0.1,-0.1,-0.1,0.58,0.627,1.691,0.066,-0.1,-0.1,-0.1,-0.1,1.82,0.319,1.902,0.778,1.908,0.248
1.245,0.928,0.063,0.674,1.758,0.044,1.911,0.406,-0.1,-0.1,-0.1,-0.1,-0.1,-0.1,-0.1,-0.1,-0.1,-0.1,0.552,0.63,1.69,0.066,-0.1,-0.1,-0.1,-0.1,1.819,0.319,1.902,0.779,1.908,0.248
1.238,0.922,0.063,0.675,1.757,0.043,1.909,0.405,-0.1,-0.1,-0.1,-0.1,-0.1,-0.1,-0.1,-0.1,-0.1,-0.1,0.531,0.628,1.691,0.065,-0.1,-0.1,-0.1,-0.1,1.82,0.318,1.901,0.777,1.908,0.248
1.234,0.919,0.062,0.674,1.757,0.044,1.909,0.405,-0.1,-0.1,-0.1,-0.1,-0.1,-0.1,-0.1,-0.1,-0.1,-0.1,0.505,0.628,1.691,0.065,-0.1,-0.1,-0.1,-0.1,1.819,0.318,1.901,0.778,1.908,0.248
1.228,0.915,0.063,0.674,1.756,0.045,1.91,0.404,-0.1,-0.1,-0.1,-0.1,-0.1,-0.1,-0.1,-0.1,-0.1,-0.1,0.481,0.629,1.691,0.066,-0.1,-0.1,-0.1,-0.1,1.819,0.318,1.901,0.777,1.908,0.248
1.224,0.908,0.063,0.674,1.757,0.047,1.909,0.406,-0.1,-0.1,-0.1,-0.1,-0.1,-0.1,-0.1,-0.1,-0.1,-0.1,0.461,0.628,1.691,0.066,-0.1,-0.1,-0.1,-0.1,1.819,0.318,1.902,0.778,1.908,0.248
1.22,0.904,0.063,0.674,1.757,0.046,1.91,0.405,-0.1,-0.1,-0.1,-0.1,-0.1,-0.1,-0.1,-0.1,-0.1,-0.1,0.432,0.629,1.691,0.065,-0.1,-0.1,-0.1,-0.1,1.819,0.318,1.902,0.778,1.908,0.248
1.215,0.899,0.062,0.674,1.758,0.045,1.909,0.404,-0.1,-0.1,-0.1,-0.1,-0.1,-0.1,-0.1,-0.1,-0.1,-0.1,0.409,0.629,1.692,0.065,-0.1,-0.1,-0.1,-0.1,1.82,0.318,1.9,0.778,1.908,0.248
1.209,0.894,0.062,0.674,1.756,0.045,1.91,0.405,-0.1,-0.1,-0.1,-0.1,-0.1,-0.1,-0.1,-0.1,-0.1,-0.1,0.387,0.63,1.691,0.066,-0.1,-0.1,-0.1,-0.1,1.819,0.318,1.9,0.778,1.908,0.248
1.204,0.89,0.063,0.674,1.758,0.045,1.908,0.404,-0.1,-0.1,-0.1,-0.1,-0.1,-0.1,-0.1,-0.1,-0.1,-0.1,0.361,0.631,1.69,0.066,-0.1,-0.1,-0.1,-0.1,1.819,0.319,1.9,0.778,1.908,0.247
1.199,0.883,0.062,0.674,1.756,0.047,1.91,0.405,-0.1,-0.1,-0.1,-0.1,-0.1,-0.1,-0.1,-0.1,-0.1,-0.1,0.333,0.634,1.691,0.066,-0.1,-0.1,-0.1,-0.1,1.82,0.318,1.9,0.778,1.908,0.248
1.195,0.882,0.062,0.674,1.758,0.045,1.91,0.403,-0.1,-0.1,-0.1,-0.1,-0.1,-0.1,-0.1,-0.1,-0.1,-0.1,0.314,0.63,1.69,0.066,-0.1,-0.1,-0.1,-0.1,1.82,0.318,1.9,0.778,1.908,0.248
1.19,0.876,0.063,0.674,1.759,0.045,1.911,0.406,-0.1,-0.1,-0.1,-0.1,-0.1,-0.1,-0.1,-0.1,-0.1,-0.1,0.292,0.629,1.691,0.066,-0.1,-0.1,-0.1,-0.1,1.82,0.318,1.9,0.778,1.908,0.249
1.185,0.872,0.062,0.675,1.756,0.044,1.909,0.403,-0.1,-0.1,-0.1,-0.1,-0.1,-0.1,-0.1,-0.1,-0.1,-0.1,0.27,0.629,1.691,0.065,-0.1,-0.1,-0.1,-0.1,1.819,0.318,1.901,0.778,1.908,0.248
1.18,0.867,0.064,0.674,1.757,0.043,1.912,0.404,-0.1,-0.1,-0.1,-0.1,-0.1,-0.1,-0.1,-0.1,-0.1,-0.1,0.244,0.63,1.691,0.065,-0.1,-0.1,-0.1,-0.1,1.82,0.318,1.899,0.779,1.908,0.248
1.176,0.864,0.063,0.674,1.757,0.043,1.91,0.404,-0.1,-0.1,-0.1,-0.1,-0.1,-0.1,-0.1,-0.1,-0.1,-0.1,0.219,0.635,1.691,0.065,-0.1,-0.1,-0.1,-0.1,1.821,0.318,1.9,0.778,1.908,0.248
1.171,0.859,0.062,0.674,1.756,0.045,1.91,0.403,-0.1,-0.1,-0.1,-0.1,-0.1,-0.1,-0.1,-0.1,-0.1,-0.1,0.201,0.632,1.691,0.066,-0.1,-0.1,-0.1,-0.1,1.821,0.317,1.9,0.778,1.908,0.249
1.166,0.855,0.063,0.674,1.755,0.044,1.909,0.404,-0.1,-0.1,-0.1,-0.1,-0.1,-0.1,-0.1,-0.1,-0.1,-0.1,0.172,0.635,1.691,0.066,-0.1,-0.1,-0.1,-0.1,1.819,0.317,1.901,0.778,1.908,0.248
1.162,0.85,0.063,0.674,1.756,0.045,1.908,0.407,-0.1,-0.1,-0.1,-0.1,-0.1,-0.1,-0.1,-0.1,-0.1,-0.1,0.142,0.638,1.691,0.066,-0.1,-0.1,-0.1,-0.1,1.82,0.318,1.9,0.778,1.908,0.248
1.156,0.845,0.063,0.675,1.756,0.042,1.909,0.404,-0.1,-0.1,-0.1,-0.1,-0.1,-0.1,-0.1,-0.1,-0.1,-0.1,0.133,0.632,1.69,0.066,-0.1,-0.1,-0.1,-0.1,1.82,0.317,1.9,0.779,1.909,0.248
1.152,0.843,0.053,0.681,1.757,0.044,1.91,0.404,-0.1,-0.1,-0.1,-0.1,-0.1,-0.1,-0.1,-0.1,-0.1,-0.1,0.114,0.627,1.691,0.065,-0.1,-0.1,-0.1,-0.1,1.82,0.319,1.901,0.778,1.908,0.248
1.149,0.84,0.038,0.689,1.756,0.043,1.91,0.404,-0.1,-0.1,-0.1,-0.1,-0.1,-0.1,-0.1,-0.1,-0.1,-0.1,0.103,0.619,1.691,0.065,-0.1,-0.1,-0.1,-0.1,1.82,0.318,1.902,0.778,1.909,0.248
1.144,0.835,0.027,0.694,1.755,0.046,1.909,0.404,-0.1,-0.1,-0.1,-0.1,-0.1,-0.1,-0.1,-0.1,-0.1,-0.1,0.096,0.61,1.691,0.065,-0.1,-0.1,-0.1,-0.1,1.82,0.317,1.9,0.779,1.909,0.247
1.14,0.831,0.024,0.7,1.756,0.043,1.91,0.404,-0.1,-0.1,-0.1,-0.1,-0.1,-0.1,-0.1,-0.1,-0.1,-0.1,0.072,0.608,1.69,0.065,-0.1,-0.1,-0.1,-0.1,1.82,0.317,1.902,0.779,1.908,0.247
1.136,0.829,0.032,0.704,1.757,0.044,1.909,0.405,-0.1,-0.1,-0.1,-0.1,-0.1,-0.1,-0.1,-0.1,-0.1,-0.1,0.074,0.597,1.69,0.066,-0.1,-0.1,-0.1,-0.1,1.817,0.318,1.903,0.779,1.908,0.248
1.13,0.824,0.038,0.71,1.757,0.046,1.911,0.406,-0.1,-0.1,-0.1,-0.1,-0.1,-0.1,-0.1,-0.1,-0.1,-0.1,0.051,0.59,1.692,0.065,-0.1,-0.1,-0.1,-0.1,1.82,0.317,1.901,0.779,1.908,0.248
1.127,0.822,0.042,0.715,1.755,0.045,1.91,0.406,-0.1,-0.1,-0.1,-0.1,-0.1,-0.1,-0.1,-0.1,-0.1,-0.1,0.048,0.582,1.691,0.066,-0.1,-0.1,-0.1,-0.1,1.818,0.318,1.902,0.778,1.908,0.248
1.123,0.818,0.049,0.717,1.758,0.045,1.911,0.405,-0.1,-0.1,-0.1,-0.1,-0.1,-0.1,-0.1,-0.1,-0.1,-0.1,0.039,0.575,1.691,0.066,-0.1,-0.1,-0.1,-0.1,1.82,0.318,1.902,0.779,1.908,0.248
1.119,0.813,0.053,0.719,1.759,0.044,1.908,0.405,-0.1,-0.1,-0.1,-0.1,-0.1,-0.1,-0.1,-0.1,-0.1,-0.1,0.044,0.569,1.691,0.066,-0.1,-0.1,-0.1,-0.1,1.819,0.319,1.903,0.779,1.909,0.248
1.115,0.811,0.059,0.723,1.759,0.043,1.908,0.405,-0.1,-0.1,-0.1,-0.1,-0.1,-0.1,-0.1,-0.1,-0.1,-0.1,0.038,0.565,1.691,0.065,-0.1,-0.1,-0.1,-0.1,1.819,0.318,1.901,0.777,1.908,0.248
1.11,0.808,0.063,0.727,1.759,0.043,1.908,0.405,-0.1,-0.1,-0.1,-0.1,-0.1,-0.1,-0.1,-0.1,-0.1,-0.1,0.059,0.56,1.691,0.065,-0.1,-0.1,-0.1,-0.1,1.819,0.319,1.901,0.778,1.908,0.248
1.108,0.803,0.067,0.73,1.759,0.043,1.911,0.405,-0.1,-0.1,-0.1,-0.1,-0.1,-0.1,-0.1,-0.1,-0.1,-0.1,0.063,0.553,1.691,0.065,-0.1,-0.1,-0.1,-0.1,1.819,0.319,1.901,0.777,1.908,0.248
1.104,0.8,0.072,0.733,1.756,0.042,1.91,0.406,-0.1,-0.1,-0.1,-0.1,-0.1,-0.1,-0.1,-0.1,-0.1,-0.1,0.065,0.548,1.691,0.065,-0.1,-0.1,-0.1,-0.1,1.82,0.318,1.9,0.777,1.909,0.248
1.1,0.796,0.078,0.737,1.758,0.045,1.911,0.406,-0.1,-0.1,-0.1,-0.1,-0.1,-0.1,-0.1,-0.1,-0.1,-0.1,0.07,0.544,1.692,0.065,-0.1,-0.1,-0.1,-0.1,1.82,0.318,1.9,0.777,1.908,0.248
1.098,0.793,0.081,0.74,1.759,0.043,1.911,0.406,-0.1,-0.1,-0.1,-0.1,-0.1,-0.1,-0.1,-0.1,-0.1,-0.1,0.068,0.54,1.692,0.065,-0.1,-0.1,-0.1,-0.1,1.819,0.318,1.9,0.777,1.909,0.248
1.093,0.791,0.086,0.744,1.755,0.044,1.91,0.403,-0.1,-0.1,-0.1,-0.1,-0.1,-0.1,-0.1,-0.1,-0.1,-0.1,0.083,0.533,1.691,0.065,-0.1,-0.1,-0.1,-0.1,1.819,0.319,1.901,0.778,1.908,0.248
1.09,0.787,0.089,0.746,1.757,0.043,1.91,0.403,-0.1,-0.1,-0.1,-0.1,-0.1,-0.1,-0.1,-0.1,-0.1,-0.1,0.083,0.531,1.692,0.065,-0.1,-0.1,-0.1,-0.1,1.82,0.318,1.901,0.777,1.908,0.247
1.085,0.784,0.094,0.75,1.756,0.043,1.908,0.404,-0.1,-0.1,-0.1,-0.1,-0.1,-0.1,-0.1,-0.1,-0.1,-0.1,0.091,0.525,1.691,0.066,-0.1,-0.1,-0.1,-0.1,1.819,0.318,1.901,0.778,1.908,0.247
1.084,0.781,0.097,0.753,1.756,0.042,1.909,0.404,-0.1,-0.1,-0.1,-0.1,-0.1,-0.1,-0.1,-0.1,-0.1,-0.1,0.098,0.521,1.692,0.066,-0.1,-0.1,-0.1,-0.1,1.819,0.319,1.902,0.778,1.908,0.247
1.08,0.778,0.102,0.758,1.758,0.043,1.909,0.404,-0.1,-0.1,-0.1,-0.1,-0.1,-0.1,-0.1,-0.1,-0.1,-0.1,0.105,0.514,1.691,0.066,-0.1,-0.1,-0.1,-0.1,1.819,0.319,1.901,0.778,1.909,0.248
1.076,0.774,0.107,0.761,1.756,0.046,1.911,0.406,-0.1,-0.1,-0.1,-0.1,-0.1,-0.1,-0.1,-0.1,-0.1,-0.1,0.115,0.509,1.691,0.066,-0.1,-0.1,-0.1,-0.1,1.82,0.318,1.902,0.778,1.908,0.247
1.072,0.772,0.114,0.764,1.755,0.044,1.91,0.406,-0.1,-0.1,-0.1,-0.1,-0.1,-0.1,-0.1,-0.1,-0.1,-0.1,0.115,0.504,1.691,0.066,-0.1,-0.1,-0.1,-0.1,1.82,0.319,1.901,0.778,1.908,0.248
1.07,0.769,0.118,0.767,1.759,0.044,1.909,0.404,-0.1,-0.1,-0.1,-0.1,-0.1,-0.1,-0.1,-0.1,-0.1,-0.1,0.118,0.501,1.691,0.066,-0.1,-0.1,-0.1,-0.1,1.819,0.318,1.9,0.777,1.908,0.248
1.067,0.766,0.121,0.769,1.756,0.043,1.91,0.404,-0.1,-0.1,-0.1,-0.1,-0.1,-0.1,-0.1,-0.1,-0.1,-0.1,0.123,0.496,1.692,0.065,-0.1,-0.1,-0.1,-0.1,1.819,0.318,1.9,0.777,1.909,0.248
1.063,0.764,0.125,0.771,1.755,0.044,1.909,0.405,-0.1,-0.1,-0.1,-0.1,-0.1,-0.1,-0.1,-0.1,-0.1,-0.1,0.118,0.49,1.691,0.065,-0.1,-0.1,-0.1,-0.1,1.82,0.318,1.9,0.777,1.909,0.248
1.061,0.761,0.128,0.773,1.758,0.043,1.908,0.406,-0.1,-0.1,-0.1,-0.1,-0.1,-0.1,-0.1,-0.1,-0.1,-0.1,0.128,0.488,1.691,0.066,-0.1,-0.1,-0.1,-0.1,1.82,0.319,1.9,0.777,1.908,0.248
1.057,0.76,0.133,0.776,1.756,0.045,1.91,0.404,-0.1,-0.1,-0.1,-0.1,-0.1,-0.1,-0.1,-0.1,-0.1,-0.1,0.14,0.48,1.692,0.065,-0.1,-0.1,-0.1,-0.1,1.819,0.319,1.901,0.778,1.907,0.248
1.055,0.757,0.137,0.778,1.755,0.044,1.91,0.404,-0.1,-0.1,-0.1,-0.1,-0.1,-0.1,-0.1,-0.1,-0.1,-0.1,0.144,0.477,1.691,0.065,-0.1,-0.1,-0.1,-0.1,1.82,0.319,1.901,0.778,1.908,0.248
1.053,0.754,0.14,0.782,1.756,0.043,1.91,0.404,-0.1,-0.1,-0.1,-0.1,-0.1,-0.1,-0.1,-0.1,-0.1,-0.1,0.148,0.471,1.691,0.065,-0.1,-0.1,-0.1,-0.1,1.821,0.318,1.901,0.778,1.908,0.248
1.05,0.752,0.145,0.784,1.755,0.043,1.91,0.406,-0.1,-0.1,-0.1,-0.1,-0.1,-0.1,-0.1,-0.1,-0.1,-0.1,0.15,0.468,1.691,0.065,-0.1,-0.1,-0.1,-0.1,1.819,0.318,1.901,0.778,1.908,0.247
1.047,0.749,0.149,0.786,1.757,0.046,1.91,0.405,-0.1,-0.1,-0.1,-0.1,-0.1,-0.1,-0.1,-0.1,-0.1,-0.1,0.158,0.464,1.691,0.066,-0.1,-0.1,-0.1,-0.1,1.819,0.318,1.9,0.777,1.909,0.247
1.044,0.747,0.151,0.79,1.755,0.044,1.91,0.405,-0.1,-0.1,-0.1,-0.1,-0.1,-0.1,-0.1,-0.1,-0.1,-0.1,0.167,0.457,1.692,0.065,-0.1,-0.1,-0.1,-0.1,1.82,0.318,1.9,0.776,1.909,0.248
1.041,0.744,0.156,0.792,1.757,0.046,1.911,0.405,-0.1,-0.1,-0.1,-0.1,-0.1,-0.1,-0.1,-0.1,-0.1,-0.1,0.168,0.455,1.691,0.065,-0.1,-0.1,-0.1,-0.1,1.82,0.317,1.901,0.778,1.909,0.248
1.04,0.742,0.159,0.795,1.755,0.044,1.909,0.404,-0.1,-0.1,-0.1,-0.1,-0.1,-0.1,-0.1,-0.1,-0.1,-0.1,0.177,0.451,1.691,0.065,-0.1,-0.1,-0.1,-0.1,1.82,0.318,1.9,0.777,1.909,0.248
1.037,0.74,0.163,0.796,1.756,0.044,1.91,0.406,-0.1,-0.1,-0.1,-0.1,-0.1,-0.1,-0.1,-0.1,-0.1,-0.1,0.18,0.444,1.691,0.065,-0.1,-0.1,-0.1,-0.1,1.819,0.319,1.902,0.778,1.909,0.248
1.035,0.738,0.165,0.799,1.754,0.045,1.91,0.404,-0.1,-0.1,-0.1,-0.1,-0.1,-0.1,-0.1,-0.1,-0.1,-0.1,0.185,0.441,1.691,0.065,-0.1,-0.1,-0.1,-0.1,1.821,0.318,1.901,0.778,1.908,0.248
1.033,0.736,0.169,0.801,1.755,0.045,1.91,0.404,-0.1,-0.1,-0.1,-0.1,-0.1,-0.1,-0.1,-0.1,-0.1,-0.1,0.187,0.438,1.691,0.065,-0.1,-0.1,-0.1,-0.1,1.819,0.318,1.903,0.779,1.908,0.248
1.029,0.734,0.172,0.804,1.755,0.044,1.91,0.403,-0.1,-0.1,-0.1,-0.1,-0.1,-0.1,-0.1,-0.1,-0.1,-0.1,0.198,0.434,1.69,0.066,-0.1,-0.1,-0.1,-0.1,1.818,0.319,1.903,0.778,1.909,0.248
1.029,0.731,0.175,0.805,1.755,0.044,1.911,0.405,-0.1,-0.1,-0.1,-0.1,-0.1,-0.1,-0.1,-0.1,-0.1,-0.1,0.197,0.429,1.691,0.065,-0.1,-0.1,-0.1,-0.1,1.819,0.319,1.901,0.777,1.908,0.248
1.026,0.729,0.178,0.809,1.754,0.045,1.909,0.405,-0.1,-0.1,-0.1,-0.1,-0.1,-0.1,-0.1,-0.1,-0.1,-0.1,0.196,0.426,1.691,0.065,-0.1,-0.1,-0.1,-0.1,1.819,0.318,1.901,0.777,1.909,0.247
1.024,0.728,0.181,0.81,1.756,0.046,1.91,0.405,-0.1,-0.1,-0.1,-0.1,-0.1,-0.1,-0.1,-0.1,-0.1,-0.1,0.199,0.421,1.691,0.065,-0.1,-0.1,-0.1,-0.1,1.819,0.319,1.902,0.778,1.908,0.248
1.022,0.725,0.184,0.814,1.756,0.046,1.91,0.405,-0.1,-0.1,-0.1,-0.1,-0.1,-0.1,-0.1,-0.1,-0.1,-0.1,0.215,0.418,1.692,0.065,-0.1,-0.1,-0.1,-0.1,1.82,0.319,1.901,0.778,1.908,0.247
1.02,0.724,0.186,0.814,1.755,0.045,1.909,0.405,-0.1,-0.1,-0.1,-0.1,-0.1,-0.1,-0.1,-0.1,-0.1,-0.1,0.213,0.415,1.691,0.065,-0.1,-0.1,-0.1,-0.1,1.82,0.318,1.901,0.777,1.909,0.247
1.016,0.722,0.19,0.816,1.758,0.044,1.909,0.405,-0.1,-0.1,-0.1,-0.1,-0.1,-0.1,-0.1,-0.1,-0.1,-0.1,0.22,0.41,1.691,0.065,-0.1,-0.1,-0.1,-0.1,1.82,0.318,1.901,0.777,1.909,0.248
1.016,0.72,0.193,0.819,1.756,0.043,1.911,0.404,-0.1,-0.1,-0.1,-0.1,-0.1,-0.1,-0.1,-0.1,-0.1,-0.1,0.222,0.406,1.691,0.065,-0.1,-0.1,-0.1,-0.1,1.821,0.318,1.901,0.777,1.908,0.248
1.014,0.717,0.195,0.821,1.756,0.043,1.91,0.405,-0.1,-0.1,-0.1,-0.1,-0.1,-0.1,-0.1,-0.1,-0.1,-0.1,0.226,0.403,1.691,0.066,-0.1,-0.1,-0.1,-0.1,1.82,0.317,1.902,0.778,1.907,0.248
1.012,0.716,0.197,0.822,1.753,0.044,1.91,0.405,-0.1,-0.1,-0.1,-0.1,-0.1,-0.1,-0.1,-0.1,-0.1,-0.1,0.232,0.4,1.691,0.065,-0.1,-0.1,-0.1,-0.1,1.818,0.318,1.901,0.777,1.91,0.247
1.011,0.714,0.2,0.824,1.758,0.044,1.91,0.405,-0.1,-0.1,-0.1,-0.1,-0.1,-0.1,-0.1,-0.1,-0.1,-0.1,0.234,0.397,1.692,0.066,-0.1,-0.1,-0.1,-0.1,1.819,0.318,1.901,0.777,1.908,0.247
1.01,0.712,0.202,0.827,1.757,0.043,1.91,0.406,-0.1,-0.1,-0.1,-0.1,-0.1,-0.1,-0.1,-0.1,-0.1,-0.1,0.244,0.393,1.691,0.065,-0.1,-0.1,-0.1,-0.1,1.819,0.319,1.901,0.778,1.908,0.248
1.007,0.711,0.204,0.828,1.755,0.045,1.91,0.403,-0.1,-0.1,-0.1,-0.1,-0.1,-0.1,-0.1,-0.1,-0.1,-0.1,0.238,0.389,1.691,0.065,-0.1,-0.1,-0.1,-0.1,1.82,0.318,1.901,0.778,1.908,0.248
1.005,0.71,0.207,0.83,1.757,0.045,1.91,0.407,-0.1,-0.1,-0.1,-0.1,-0.1,-0.1,-0.1,-0.1,-0.1,-0.1,0.248,0.386,1.692,0.066,-0.1,-0.1,-0.1,-0.1,1.82,0.318,1.901,0.779,1.908,0.248
1.004,0.708,0.21,0.831,1.755,0.045,1.909,0.404,-0.1,-0.1,-0.1,-0.1,-0.1,-0.1,-0.1,-0.1,-0.1,-0.1,0.255,0.383,1.691,0.065,-0.1,-0.1,-0.1,-0.1,1.82,0.318,1.901,0.777,1.908,0.247
1.002,0.705,0.21,0.834,1.754,0.044,1.91,0.404,-0.1,-0.1,-0.1,-0.1,-0.1,-0.1,-0.1,-0.1,-0.1,-0.1,0.248,0.377,1.691,0.065,-0.1,-0.1,-0.1,-0.1,1.82,0.318,1.901,0.777,1.908,0.248
1.002,0.705,0.212,0.835,1.755,0.043,1.91,0.404,-0.1,-0.1,-0.1,-0.1,-0.1,-0.1,-0.1,-0.1,-0.1,-0.1,0.258,0.375,1.692,0.065,-0.1,-0.1,-0.1,-0.1,1.822,0.318,1.902,0.778,1.909,0.247
0.999,0.704,0.216,0.837,1.754,0.044,1.91,0.405,-0.1,-0.1,-0.1,-0.1,-0.1,-0.1,-0.1,-0.1,-0.1,-0.1,0.262,0.373,1.691,0.065,-0.1,-0.1,-0.1,-0.1,1.822,0.318,1.902,0.779,1.908,0.248
0.997,0.702,0.217,0.838,1.755,0.045,1.91,0.404,-0.1,-0.1,-0.1,-0.1,-0.1,-0.1,-0.1,-0.1,-0.1,-0.1,0.264,0.371,1.692,0.065,-0.1,-0.1,-0.1,-0.1,1.821,0.317,1.902,0.779,1.909,0.247
0.997,0.702,0.22,0.84,1.754,0.042,1.91,0.403,-0.1,-0.1,-0.1,-0.1,-0.1,-0.1,-0.1,-0.1,-0.1,-0.1,0.266,0.369,1.69,0.066,-0.1,-0.1,-0.1,-0.1,1.82,0.317,1.903,0.779,1.908,0.248
0.996,0.7,0.221,0.841,1.754,0.045,1.911,0.405,-0.1,-0.1,-0.1,-0.1,-0.1,-0.1,-0.1,-0.1,-0.1,-0.1,0.27,0.364,1.691,0.065,-0.1,-0.1,-0.1,-0.1,1.82,0.318,1.901,0.778,1.909,0.248
0.995,0.698,0.224,0.843,1.758,0.045,1.91,0.404,-0.1,-0.1,-0.1,-0.1,-0.1,-0.1,-0.1,-0.1,-0.1,-0.1,0.275,0.364,1.691,0.066,-0.1,-0.1,-0.1,-0.1,1.821,0.318,1.902,0.777,1.909,0.248
0.994,0.698,0.225,0.844,1.757,0.042,1.909,0.403,-0.1,-0.1,-0.1,-0.1,-0.1,-0.1,-0.1,-0.1,-0.1,-0.1,0.271,0.357,1.692,0.065,-0.1,-0.1,-0.1,-0.1,1.818,0.319,1.902,0.777,1.908,0.248
0.993,0.697,0.227,0.846,1.756,0.043,1.91,0.404,-0.1,-0.1,-0.1,-0.1,-0.1,-0.1,-0.1,-0.1,-0.1,-0.1,0.281,0.356,1.692,0.065,-0.1,-0.1,-0.1,-0.1,1.818,0.319,1.902,0.778,1.908,0.248
0.991,0.695,0.229,0.846,1.756,0.043,1.91,0.405,-0.1,-0.1,-0.1,-0.1,-0.1,-0.1,-0.1,-0.1,-0.1,-0.1,0.285,0.351,1.691,0.065,-0.1,-0.1,-0.1,-0.1,1.821,0.317,1.9,0.778,1.909,0.247
0.99,0.695,0.23,0.848,1.755,0.042,1.91,0.405,-0.1,-0.1,-0.1,-0.1,-0.1,-0.1,-0.1,-0.1,-0.1,-0.1,0.289,0.348,1.692,0.065,-0.1,-0.1,-0.1,-0.1,1.82,0.318,1.9,0.777,1.908,0.248
0.989,0.694,0.232,0.85,1.759,0.043,1.91,0.406,-0.1,-0.1,-0.1,-0.1,-0.1,-0.1,-0.1,-0.1,-0.1,-0.1,0.292,0.348,1.691,0.065,-0.1,-0.1,-0.1,-0.1,1.82,0.318,1.9,0.778,1.908,0.247
0.988,0.693,0.233,0.851,1.758,0.044,1.909,0.405,-0.1,-0.1,-0.1,-0.1,-0.1,-0.1,-0.1,-0.1,-0.1,-0.1,0.288,0.343,1.69,0.065,-0.1,-0.1,-0.1,-0.1,1.82,0.318,1.9,0.778,1.908,0.248
0.987,0.693,0.234,0.85,1.758,0.044,1.911,0.405,-0.1,-0.1,-0.1,-0.1,-0.1,-0.1,-0.1,-0.1,-0.1,-0.1,0.298,0.342,1.691,0.065,-0.1,-0.1,-0.1,-0.1,1.821,0.317,1.901,0.777,1.909,0.248
0.987,0.692,0.236,0.851,1.755,0.047,1.91,0.404,-0.1,-0.1,-0.1,-0.1,-0.1,-0.1,-0.1,-0.1,-0.1,-0.1,0.302,0.338,1.692,0.065,-0.1,-0.1,-0.1,-0.1,1.82,0.317,1.901,0.777,1.909,0.247
0.985,0.691,0.236,0.853,1.754,0.043,1.91,0.405,-0.1,-0.1,-0.1,-0.1,-0.1,-0.1,-0.1,-0.1,-0.1,-0.1,0.308,0.337,1.691,0.066,-0.1,-0.1,-0.1,-0.1,1.82,0.317,1.902,0.778,1.908,0.248
0.985,0.69,0.237,0.854,1.755,0.044,1.911,0.405,-0.1,-0.1,-0.1,-0.1,-0.1,-0.1,-0.1,-0.1,-0.1,-0.1,0.31,0.335,1.691,0.065,-0.1,-0.1,-0.1,-0.1,1.822,0.317,1.901,0.778,1.908,0.248
0.984,0.69,0.237,0.858,1.758,0.044,1.91,0.406,-0.1,-0.1,-0.1,-0.1,-0.1,-0.1,-0.1,-0.1,-0.1,-0.1,0.312,0.333,1.691,0.066,-0.1,-0.1,-0.1,-0.1,1.821,0.318,1.902,0.779,1.908,0.247
0.983,0.689,0.238,0.856,1.752,0.044,1.91,0.405,-0.1,-0.1,-0.1,-0.1,-0.1,-0.1,-0.1,-0.1,-0.1,-0.1,0.311,0.331,1.691,0.065,-0.1,-0.1,-0.1,-0.1,1.821,0.317,1.902,0.779,1.908,0.248
0.982,0.688,0.241,0.857,1.755,0.044,1.91,0.404,-0.1,-0.1,-0.1,-0.1,-0.1,-0.1,-0.1,-0.1,-0.1,-0.1,0.315,0.329,1.691,0.065,-0.1,-0.1,-0.1,-0.1,1.82,0.317,1.902,0.779,1.908,0.248
0.981,0.688,0.242,0.859,1.755,0.045,1.909,0.405,-0.1,-0.1,-0.1,-0.1,-0.1,-0.1,-0.1,-0.1,-0.1,-0.1,0.318,0.325,1.691,0.065,-0.1,-0.1,-0.1,-0.1,1.819,0.317,1.9,0.778,1.908,0.247
0.981,0.688,0.242,0.858,1.755,0.044,1.912,0.405,-0.1,-0.1,-0.1,-0.1,-0.1,-0.1,-0.1,-0.1,-0.1,-0.1,0.321,0.324,1.691,0.065,-0.1,-0.1,-0.1,-0.1,1.819,0.317,1.903,0.779,1.909,0.248
0.981,0.686,0.242,0.859,1.757,0.043,1.91,0.404,-0.1,-0.1,-0.1,-0.1,-0.1,-0.1,-0.1,-0.1,-0.1,-0.1,0.324,0.321,1.691,0.065,-0.1,-0.1,-0.1,-0.1,1.82,0.318,1.903,0.779,1.909,0.248
0.981,0.686,0.244,0.861,1.756,0.043,1.91,0.404,-0.1,-0.1,-0.1,-0.1,-0.1,-0.1,-0.1,-0.1,-0.1,-0.1,0.327,0.319,1.69,0.066,-0.1,-0.1,-0.1,-0.1,1.821,0.317,1.902,0.779,1.909,0.248
0.98,0.686,0.244,0.86,1.754,0.045,1.91,0.406,-0.1,-0.1,-0.1,-0.1,-0.1,-0.1,-0.1,-0.1,-0.1,-0.1,0.326,0.317,1.691,0.065,-0.1,-0.1,-0.1,-0.1,1.819,0.317,1.9,0.778,1.908,0.247
0.98,0.684,0.244,0.861,1.756,0.043,1.908,0.405,-0.1,-0.1,-0.1,-0.1,-0.1,-0.1,-0.1,-0.1,-0.1,-0.1,0.331,0.315,1.691,0.065,-0.1,-0.1,-0.1,-0.1,1.819,0.318,1.901,0.777,1.908,0.247
0.979,0.685,0.246,0.861,1.754,0.043,1.91,0.405,-0.1,-0.1,-0.1,-0.1,-0.1,-0.1,-0.1,-0.1,-0.1,-0.1,0.334,0.314,1.691,0.065,-0.1,-0.1,-0.1,-0.1,1.821,0.318,1.9,0.777,1.909,0.246
0.98,0.683,0.247,0.861,1.755,0.043,1.91,0.405,-0.1,-0.1,-0.1,-0.1,-0.1,-0.1,-0.1,-0.1,-0.1,-0.1,0.336,0.312,1.691,0.065,-0.1,-0.1,-0.1,-0.1,1.82,0.317,1.9,0.778,1.909,0.247
0.98,0.684,0.248,0.861,1.754,0.043,1.91,0.407,-0.1,-0.1,-0.1,-0.1,-0.1,-0.1,-0.1,-0.1,-0.1,-0.1,0.337,0.311,1.691,0.066,-0.1,-0.1,-0.1,-0.1,1.821,0.317,1.901,0.776,1.909,0.247
0.98,0.684,0.248,0.862,1.755,0.042,1.911,0.405,-0.1,-0.1,-0.1,-0.1,-0.1,-0.1,-0.1,-0.1,-0.1,-0.1,0.34,0.309,1.691,0.065,-0.1,-0.1,-0.1,-0.1,1.821,0.317,1.901,0.778,1.909,0.247
0.98,0.683,0.249,0.862,1.755,0.041,1.91,0.403,-0.1,-0.1,-0.1,-0.1,-0.1,-0.1,-0.1,-0.1,-0.1,-0.1,0.345,0.305,1.691,0.065,-0.1,-0.1,-0.1,-0.1,1.819,0.316,1.9,0.778,1.908,0.248
0.98,0.684,0.249,0.862,1.758,0.042,1.91,0.404,-0.1,-0.1,-0.1,-0.1,-0.1,-0.1,-0.1,-0.1,-0.1,-0.1,0.344,0.305,1.691,0.065,-0.1,-0.1,-0.1,-0.1,1.82,0.318,1.901,0.778,1.909,0.247
0.98,0.683,0.25,0.863,1.754,0.042,1.91,0.404,-0.1,-0.1,-0.1,-0.1,-0.1,-0.1,-0.1,-0.1,-0.1,-0.1,0.339,0.303,1.691,0.065,-0.1,-0.1,-0.1,-0.1,1.819,0.319,1.903,0.778,1.909,0.247
0.981,0.684,0.25,0.863,1.758,0.043,1.909,0.405,-0.1,-0.1,-0.1,-0.1,-0.1,-0.1,-0.1,-0.1,-0.1,-0.1,0.353,0.303,1.691,0.066,-0.1,-0.1,-0.1,-0.1,1.819,0.319,1.902,0.778,1.909,0.247
0.98,0.682,0.25,0.863,1.758,0.046,1.91,0.406,-0.1,-0.1,-0.1,-0.1,-0.1,-0.1,-0.1,-0.1,-0.1,-0.1,0.354,0.302,1.691,0.065,-0.1,-0.1,-0.1,-0.1,1.822,0.317,1.902,0.778,1.909,0.247
0.981,0.684,0.251,0.863,1.755,0.044,1.91,0.405,-0.1,-0.1,-0.1,-0.1,-0.1,-0.1,-0.1,-0.1,-0.1,-0.1,0.345,0.298,1.69,0.066,-0.1,-0.1,-0.1,-0.1,1.819,0.317,1.9,0.779,1.909,0.247
0.98,0.684,0.251,0.863,1.757,0.042,1.909,0.404,-0.1,-0.1,-0.1,-0.1,-0.1,-0.1,-0.1,-0.1,-0.1,-0.1,0.351,0.299,1.692,0.065,-0.1,-0.1,-0.1,-0.1,1.82,0.318,1.903,0.779,1.909,0.247
0.981,0.685,0.252,0.864,1.756,0.044,1.908,0.405,-0.1,-0.1,-0.1,-0.1,-0.1,-0.1,-0.1,-0.1,-0.1,-0.1,0.357,0.296,1.691,0.065,-0.1,-0.1,-0.1,-0.1,1.819,0.317,1.901,0.779,1.909,0.247
0.981,0.685,0.251,0.863,1.754,0.044,1.909,0.404,-0.1,-0.1,-0.1,-0.1,-0.1,-0.1,-0.1,-0.1,-0.1,-0.1,0.357,0.294,1.691,0.065,-0.1,-0.1,-0.1,-0.1,1.819,0.318,1.9,0.778,1.908,0.248
0.981,0.685,0.251,0.863,1.754,0.044,1.91,0.404,-0.1,-0.1,-0.1,-0.1,-0.1,-0.1,-0.1,-0.1,-0.1,-0.1,0.356,0.293,1.691,0.065,-0.1,-0.1,-0.1,-0.1,1.818,0.318,1.901,0.778,1.908,0.247
0.981,0.685,0.251,0.864,1.754,0.044,1.91,0.403,-0.1,-0.1,-0.1,-0.1,-0.1,-0.1,-0.1,-0.1,-0.1,-0.1,0.359,0.292,1.691,0.066,-0.1,-0.1,-0.1,-0.1,1.821,0.317,1.9,0.778,1.909,0.248
0.981,0.685,0.251,0.864,1.754,0.044,1.91,0.403,-0.1,-0.1,-0.1,-0.1,-0.1,-0.1,-0.1,-0.1,-0.1,-0.1,0.361,0.29,1.691,0.065,-0.1,-0.1,-0.1,-0.1,1.82,0.318,1.903,0.778,1.909,0.247
0.981,0.685,0.251,0.863,1.754,0.041,1.911,0.403,-0.1,-0.1,-0.1,-0.1,-0.1,-0.1,-0.1,-0.1,-0.1,-0.1,0.363,0.289,1.691,0.065,-0.1,-0.1,-0.1,-0.1,1.818,0.317,1.902,0.779,1.909,0.247
0.981,0.685,0.251,0.863,1.752,0.044,1.909,0.404,-0.1,-0.1,-0.1,-0.1,-0.1,-0.1,-0.1,-0.1,-0.1,-0.1,0.366,0.286,1.692,0.065,-0.1,-0.1,-0.1,-0.1,1.822,0.317,1.901,0.778,1.909,0.248
0.981,0.684,0.251,0.863,1.755,0.04,1.909,0.405,-0.1,-0.1,-0.1,-0.1,-0.1,-0.1,-0.1,-0.1,-0.1,-0.1,0.365,0.286,1.691,0.064,-0.1,-0.1,-0.1,-0.1,1.82,0.317,1.903,0.779,1.909,0.247
0.981,0.685,0.251,0.863,1.756,0.043,1.909,0.404,-0.1,-0.1,-0.1,-0.1,-0.1,-0.1,-0.1,-0.1,-0.1,-0.1,0.367,0.284,1.691,0.065,-0.1,-0.1,-0.1,-0.1,1.82,0.317,1.902,0.778,1.908,0.247
0.982,0.685,0.251,0.862,1.759,0.043,1.911,0.405,-0.1,-0.1,-0.1,-0.1,-0.1,-0.1,-0.1,-0.1,-0.1,-0.1,0.372,0.283,1.692,0.065,-0.1,-0.1,-0.1,-0.1,1.819,0.318,1.902,0.779,1.909,0.247
0.981,0.685,0.251,0.863,1.753,0.044,1.91,0.404,-0.1,-0.1,-0.1,-0.1,-0.1,-0.1,-0.1,-0.1,-0.1,-0.1,0.372,0.283,1.692,0.065,-0.1,-0.1,-0.1,-0.1,1.819,0.317,1.9,0.779,1.909,0.247
0.981,0.685,0.25,0.863,1.754,0.043,1.91,0.406,-0.1,-0.1,-0.1,-0.1,-0.1,-0.1,-0.1,-0.1,-0.1,-0.1,0.376,0.281,1.691,0.065,-0.1,-0.1,-0.1,-0.1,1.82,0.318,1.902,0.778,1.908,0.247
0.982,0.686,0.251,0.863,1.752,0.044,1.91,0.403,-0.1,-0.1,-0.1,-0.1,-0.1,-0.1,-0.1,-0.1,-0.1,-0.1,0.37,0.282,1.691,0.066,-0.1,-0.1,-0.1,-0.1,1.818,0.318,1.899,0.778,1.908,0.248
0.982,0.684,0.251,0.863,1.757,0.043,1.911,0.405,-0.1,-0.1,-0.1,-0.1,-0.1,-0.1,-0.1,-0.1,-0.1,-0.1,0.37,0.28,1.691,0.066,-0.1,-0.1,-0.1,-0.1,1.819,0.318,1.902,0.779,1.908,0.248
0.981,0.684,0.25,0.863,1.755,0.046,1.91,0.406,-0.1,-0.1,-0.1,-0.1,-0.1,-0.1,-0.1,-0.1,-0.1,-0.1,0.372,0.278,1.691,0.065,-0.1,-0.1,-0.1,-0.1,1.822,0.318,1.901,0.777,1.909,0.247
0.981,0.685,0.251,0.863,1.753,0.045,1.91,0.403,-0.1,-0.1,-0.1,-0.1,-0.1,-0.1,-0.1,-0.1,-0.1,-0.1,0.372,0.278,1.69,0.065,-0.1,-0.1,-0.1,-0.1,1.822,0.317,1.901,0.777,1.909,0.247
0.982,0.683,0.251,0.863,1.758,0.043,1.91,0.406,-0.1,-0.1,-0.1,-0.1,-0.1,-0.1,-0.1,-0.1,-0.1,-0.1,0.38,0.276,1.691,0.065,-0.1,-0.1,-0.1,-0.1,1.821,0.317,1.9,0.778,1.909,0.247
0.982,0.684,0.25,0.863,1.756,0.044,1.91,0.403,-0.1,-0.1,-0.1,-0.1,-0.1,-0.1,-0.1,-0.1,-0.1,-0.1,0.375,0.276,1.691,0.064,-0.1,-0.1,-0.1,-0.1,1.821,0.317,1.901,0.777,1.908,0.247
0.981,0.684,0.251,0.863,1.756,0.043,1.91,0.405,-0.1,-0.1,-0.1,-0.1,-0.1,-0.1,-0.1,-0.1,-0.1,-0.1,0.375,0.272,1.691,0.065,-0.1,-0.1,-0.1,-0.1,1.818,0.317,1.9,0.778,1.909,0.247
0.982,0.684,0.252,0.863,1.753,0.041,1.91,0.405,-0.1,-0.1,-0.1,-0.1,-0.1,-0.1,-0.1,-0.1,-0.1,-0.1,0.378,0.273,1.691,0.066,-0.1,-0.1,-0.1,-0.1,1.821,0.317,1.903,0.779,1.909,0.247
0.982,0.685,0.251,0.863,1.756,0.042,1.91,0.406,-0.1,-0.1,-0.1,-0.1,-0.1,-0.1,-0.1,-0.1,-0.1,-0.1,0.38,0.273,1.691,0.065,-0.1,-0.1,-0.1,-0.1,1.818,0.318,1.901,0.777,1.909,0.247
0.982,0.684,0.252,0.863,1.755,0.043,1.911,0.405,-0.1,-0.1,-0.1,-0.1,-0.1,-0.1,-0.1,-0.1,-0.1,-0.1,0.38,0.272,1.69,0.065,-0.1,-0.1,-0.1,-0.1,1.818,0.319,1.902,0.778,1.909,0.246
0.981,0.686,0.252,0.863,1.754,0.043,1.911,0.407,-0.1,-0.1,-0.1,-0.1,-0.1,-0.1,-0.1,-0.1,-0.1,-0.1,0.38,0.271,1.69,0.065,-0.1,-0.1,-0.1,-0.1,1.819,0.318,1.903,0.779,1.908,0.248
0.982,0.685,0.252,0.864,1.754,0.045,1.911,0.405,-0.1,-0.1,-0.1,-0.1,-0.1,-0.1,-0.1,-0.1,-0.1,-0.1,0.38,0.27,1.69,0.066,-0.1,-0.1,-0.1,-0.1,1.818,0.318,1.901,0.777,1.908,0.246
0.982,0.684,0.252,0.863,1.756,0.042,1.91,0.404,-0.1,-0.1,-0.1,-0.1,-0.1,-0.1,-0.1,-0.1,-0.1,-0.1,0.384,0.27,1.691,0.066,-0.1,-0.1,-0.1,-0.1,1.818,0.318,1.901,0.777,1.909,0.247
0.982,0.685,0.252,0.863,1.756,0.045,1.908,0.404,-0.1,-0.1,-0.1,-0.1,-0.1,-0.1,-0.1,-0.1,-0.1,-0.1,0.381,0.27,1.691,0.065,-0.1,-0.1,-0.1,-0.1,1.818,0.318,1.901,0.777,1.908,0.246
0.982,0.685,0.251,0.863,1.752,0.043,1.911,0.404,-0.1,-0.1,-0.1,-0.1,-0.1,-0.1,-0.1,-0.1,-0.1,-0.1,0.382,0.267,1.691,0.065,-0.1,-0.1,-0.1,-0.1,1.817,0.318,1.902,0.777,1.908,0.247
0.982,0.685,0.251,0.863,1.755,0.045,1.909,0.405,-0.1,-0.1,-0.1,-0.1,-0.1,-0.1,-0.1,-0.1,-0.1,-0.1,0.383,0.269,1.691,0.065,-0.1,-0.1,-0.1,-0.1,1.82,0.317,1.903,0.778,1.909,0.247
0.983,0.685,0.252,0.863,1.754,0.041,1.911,0.404,-0.1,-0.1,-0.1,-0.1,-0.1,-0.1,-0.1,-0.1,-0.1,-0.1,0.381,0.268,1.691,0.066,-0.1,-0.1,-0.1,-0.1,1.818,0.318,1.9,0.778,1.908,0.248
0.982,0.685,0.251,0.863,1.755,0.042,1.91,0.405,-0.1,-0.1,-0.1,-0.1,-0.1,-0.1,-0.1,-0.1,-0.1,-0.1,0.384,0.268,1.692,0.065,-0.1,-0.1,-0.1,-0.1,1.819,0.318,1.9,0.778,1.909,0.247
0.982,0.685,0.252,0.863,1.751,0.043,1.911,0.406,-0.1,-0.1,-0.1,-0.1,-0.1,-0.1,-0.1,-0.1,-0.1,-0.1,0.385,0.268,1.691,0.066,-0.1,-0.1,-0.1,-0.1,1.821,0.317,1.902,0.778,1.909,0.247
