1.17,0.2,1.405,0.845,-0.1,-0.1,-0.1,-0.1,-0.1,-0.1,-0.1,-0.1,-0.1,-0.1,-0.1,-0.1,-0.1,-0.1,-0.1,-0.1,-0.1,-0.1,-0.1,-0.1,1.396,0.712,0.815,0.131,-0.1,-0.1,-0.1,-0.1
1.19,0.251,1.404,0.844,-0.1,-0.1,-0.1,-0.1,-0.1,-0.1,-0.1,-0.1,-0.1,-0.1,-0.1,-0.1,-0.1,-0.1,-0.1,-0.1,-0.1,-0.1,-0.1,-0.1,1.396,0.711,0.815,0.13,-0.1,-0.1,-0.1,-0.1
1.212,0.304,1.405,0.844,-0.1,-0.1,-0.1,-0.1,-0.1,-0.1,-0.1,-0.1,-0.1,-0.1,-0.1,-0.1,-0.1,-0.1,-0.1,-0.1,-0.1,-0.1,-0.1,-0.1,1.395,0.711,0.815,0.13,-0.1,-0.1,-0.1,-0.1
1.232,0.359,1.405,0.844,-0.1,-0.1,-0.1,-0.1,-0.1,-0.1,-0.1,-0.1,-0.1,-0.1,-0.1,-0.1,-0.1,-0.1,-0.1,-0.1,-0.1,-0.1,-0.1,-0.1,1.395,0.711,0.815,0.13,-0.1,-0.1,-0.1,-0.1
1.252,0.41,1.405,0.844,-0.1,-0.1,-0.1,-0.1,-0.1,-0.1,-0.1,-0.1,-0.1,-0.1,-0.1,-0.1,-0.1,-0.1,-0.1,-0.1,-0.1,-0.1,-0.1,-0.1,1.396,0.714,0.815,0.131,-0.1,-0.1,-0.1,-0.1
1.273,0.459,1.404,0.844,-0.1,-0.1,-0.1,-0.1,-0.1,-0.1,-0.1,-0.1,-0.1,-0.1,-0.1,-0.1,-0.1,-0.1,-0.1,-0.1,-0.1,-0.1,-0.1,-0.1,1.396,0.712,0.816,0.13,-0.1,-0.1,-0.1,-0.1
1.287,0.499,1.404,0.844,-0.1,-0.1,-0.1,-0.1,-0.1,-0.1,-0.1,-0.1,-0.1,-0.1,-0.1,-0.1,-0.1,-0.1,-0.1,-0.1,-0.1,-0.1,-0.1,-0.1,1.395,0.711,0.816,0.131,-0.1,-0.1,-0.1,-0.1
1.305,0.545,1.405,0.844,-0.1,-0.1,-0.1,-0.1,-0.1,-0.1,-0.1,-0.1,-0.1,-0.1,-0.1,-0.1,-0.1,-0.1,-0.1,-0.1,-0.1,-0.1,-0.1,-0.1,1.396,0.712,0.816,0.131,-0.1,-0.1,-0.1,-0.1
1.322,0.585,1.404,0.844,-0.1,-0.1,-0.1,-0.1,-0.1,-0.1,-0.1,-0.1,-0.1,-0.1,-0.1,-0.1,-0.1,-0.1,-0.1,-0.1,-0.1,-0.1,-0.1,-0.1,1.396,0.711,0.816,0.131,-0.1,-0.1,-0.1,-0.1
1.337,0.629,1.404,0.844,-0.1,-0.1,-0.1,-0.1,-0.1,-0.1,-0.1,-0.1,-0.1,-0.1,-0.1,-0.1,-0.1,-0.1,-0.1,-0.1,-0.1,-0.1,-0.1,-0.1,1.396,0.712,0.815,0.13,-0.1,-0.1,-0.1,-0.1
1.354,0.67,1.404,0.844,-0.1,-0.1,-0.1,-0.1,-0.1,-0.1,-0.1,-0.1,-0.1,-0.1,-0.1,-0.1,-0.1,-0.1,-0.1,-0.1,-0.1,-0.1,-0.1,-0.1,1.398,0.713,0.816,0.13,-0.1,-0.1,-0.1,-0.1
1.345,0.683,1.404,0.844,-0.1,-0.1,-0.1,-0.1,-0.1,-0.1,-0.1,-0.1,-0.1,-0.1,-0.1,-0.1,-0.1,-0.1,-0.1,-0.1,-0.1,-0.1,-0.1,-0.1,1.42,0.739,0.815,0.131,-0.1,-0.1,-0.1,-0.1
1.336,0.698,1.404,0.844,-0.1,-0.1,-0.1,-0.1,-0.1,-0.1,-0.1,-0.1,-0.1,-0.1,-0.1,-0.1,-0.1,-0.1,-0.1,-0.1,-0.1,-0.1,-0.1,-0.1,1.444,0.766,0.815,0.131,-0.1,-0.1,-0.1,-0.1
1.33,0.712,1.403,0.843,-0.1,-0.1,-0.1,-0.1,-0.1,-0.1,-0.1,-0.1,-0.1,-0.1,-0.1,-0.1,-0.1,-0.1,-0.1,-0.1,-0.1,-0.1,-0.1,-0.1,1.467,0.794,0.816,0.131,-0.1,-0.1,-0.1,-0.1
1.326,0.731,1.404,0.844,-0.1,-0.1,-0.1,-0.1,-0.1,-0.1,-0.1,-0.1,-0.1,-0.1,-0.1,-0.1,-0.1,-0.1,-0.1,-0.1,-0.1,-0.1,-0.1,-0.1,1.492,0.82,0.816,0.13,-0.1,-0.1,-0.1,-0.1
1.319,0.749,1.403,0.843,-0.1,-0.1,-0.1,-0.1,-0.1,-0.1,-0.1,-0.1,-0.1,-0.1,-0.1,-0.1,-0.1,-0.1,-0.1,-0.1,-0.1,-0.1,-0.1,-0.1,1.519,0.848,0.815,0.13,-0.1,-0.1,-0.1,-0.1
1.315,0.766,1.403,0.843,-0.1,-0.1,-0.1,-0.1,-0.1,-0.1,-0.1,-0.1,-0.1,-0.1,-0.1,-0.1,-0.1,-0.1,-0.1,-0.1,-0.1,-0.1,-0.1,-0.1,1.536,0.863,0.815,0.131,-0.1,-0.1,-0.1,-0.1
1.31,0.785,1.404,0.843,-0.1,-0.1,-0.1,-0.1,-0.1,-0.1,-0.1,-0.1,-0.1,-0.1,-0.1,-0.1,-0.1,-0.1,-0.1,-0.1,-0.1,-0.1,-0.1,-0.1,1.537,0.879,0.816,0.13,-0.1,-0.1,-0.1,-0.1
1.308,0.803,1.405,0.845,-0.1,-0.1,-0.1,-0.1,-0.1,-0.1,-0.1,-0.1,-0.1,-0.1,-0.1,-0.1,-0.1,-0.1,-0.1,-0.1,-0.1,-0.1,-0.1,-0.1,1.561,0.899,0.816,0.131,-0.1,-0.1,-0.1,-0.1
1.299,0.819,1.403,0.844,-0.1,-0.1,-0.1,-0.1,-0.1,-0.1,-0.1,-0.1,-0.1,-0.1,-0.1,-0.1,-0.1,-0.1,-0.1,-0.1,-0.1,-0.1,-0.1,-0.1,1.591,0.939,0.815,0.131,-0.1,-0.1,-0.1,-0.1
1.297,0.839,1.404,0.843,-0.1,-0.1,-0.1,-0.1,-0.1,-0.1,-0.1,-0.1,-0.1,-0.1,-0.1,-0.1,-0.1,-0.1,-0.1,-0.1,-0.1,-0.1,-0.1,-0.1,1.592,0.927,0.816,0.13,-0.1,-0.1,-0.1,-0.1
1.291,0.855,1.405,0.844,-0.1,-0.1,-0.1,-0.1,-0.1,-0.1,-0.1,-0.1,-0.1,-0.1,-0.1,-0.1,-0.1,-0.1,-0.1,-0.1,-0.1,-0.1,-0.1,-0.1,1.612,0.95,0.815,0.13,-0.1,-0.1,-0.1,-0.1
1.287,0.872,1.405,0.844,-0.1,-0.1,-0.1,-0.1,-0.1,-0.1,-0.1,-0.1,-0.1,-0.1,-0.1,-0.1,-0.1,-0.1,-0.1,-0.1,-0.1,-0.1,-0.1,-0.1,1.632,0.944,0.816,0.131,-0.1,-0.1,-0.1,-0.1
1.284,0.891,1.404,0.844,-0.1,-0.1,-0.1,-0.1,-0.1,-0.1,-0.1,-0.1,-0.1,-0.1,-0.1,-0.1,-0.1,-0.1,-0.1,-0.1,-0.1,-0.1,-0.1,-0.1,1.647,0.933,0.815,0.131,-0.1,-0.1,-0.1,-0.1
1.279,0.907,1.404,0.843,-0.1,-0.1,-0.1,-0.1,-0.1,-0.1,-0.1,-0.1,-0.1,-0.1,-0.1,-0.1,-0.1,-0.1,-0.1,-0.1,-0.1,-0.1,-0.1,-0.1,1.641,0.921,0.815,0.131,-0.1,-0.1,-0.1,-0.1
1.277,0.924,1.404,0.843,-0.1,-0.1,-0.1,-0.1,-0.1,-0.1,-0.1,-0.1,-0.1,-0.1,-0.1,-0.1,-0.1,-0.1,-0.1,-0.1,-0.1,-0.1,-0.1,-0.1,1.651,0.911,0.816,0.131,-0.1,-0.1,-0.1,-0.1
1.271,0.941,1.404,0.844,-0.1,-0.1,-0.1,-0.1,-0.1,-0.1,-0.1,-0.1,-0.1,-0.1,-0.1,-0.1,-0.1,-0.1,-0.1,-0.1,-0.1,-0.1,-0.1,-0.1,1.669,0.899,0.816,0.13,-0.1,-0.1,-0.1,-0.1
1.265,0.947,1.404,0.844,-0.1,-0.1,-0.1,-0.1,-0.1,-0.1,-0.1,-0.1,-0.1,-0.1,-0.1,-0.1,-0.1,-0.1,-0.1,-0.1,-0.1,-0.1,-0.1,-0.1,1.686,0.888,0.815,0.131,-0.1,-0.1,-0.1,-0.1
1.261,0.936,1.404,0.844,-0.1,-0.1,-0.1,-0.1,-0.1,-0.1,-0.1,-0.1,-0.1,-0.1,-0.1,-0.1,-0.1,-0.1,-0.1,-0.1,-0.1,-0.1,-0.1,-0.1,1.697,0.877,0.816,0.131,-0.1,-0.1,-0.1,-0.1
1.256,0.924,1.404,0.843,-0.1,-0.1,-0.1,-0.1,-0.1,-0.1,-0.1,-0.1,-0.1,-0.1,-0.1,-0.1,-0.1,-0.1,-0.1,-0.1,-0.1,-0.1,-0.1,-0.1,1.704,0.892,0.816,0.131,-0.1,-0.1,-0.1,-0.1
1.251,0.915,1.404,0.844,-0.1,-0.1,-0.1,-0.1,-0.1,-0.1,-0.1,-0.1,-0.1,-0.1,-0.1,-0.1,-0.1,-0.1,-0.1,-0.1,-0.1,-0.1,-0.1,-0.1,1.719,0.876,0.816,0.131,-0.1,-0.1,-0.1,-0.1
1.25,0.905,1.403,0.844,-0.1,-0.1,-0.1,-0.1,-0.1,-0.1,-0.1,-0.1,-0.1,-0.1,-0.1,-0.1,-0.1,-0.1,-0.1,-0.1,-0.1,-0.1,-0.1,-0.1,1.739,0.86,0.815,0.131,-0.1,-0.1,-0.1,-0.1
1.244,0.897,1.403,0.844,-0.1,-0.1,-0.1,-0.1,-0.1,-0.1,-0.1,-0.1,-0.1,-0.1,-0.1,-0.1,-0.1,-0.1,-0.1,-0.1,-0.1,-0.1,-0.1,-0.1,1.748,0.848,0.815,0.131,-0.1,-0.1,-0.1,-0.1
1.238,0.887,1.404,0.844,-0.1,-0.1,-0.1,-0.1,-0.1,-0.1,-0.1,-0.1,-0.1,-0.1,-0.1,-0.1,-0.1,-0.1,-0.1,-0.1,-0.1,-0.1,-0.1,-0.1,1.766,0.836,0.815,0.131,-0.1,-0.1,-0.1,-0.1
1.234,0.878,1.403,0.844,-0.1,-0.1,-0.1,-0.1,-0.1,-0.1,-0.1,-0.1,-0.1,-0.1,-0.1,-0.1,-0.1,-0.1,-0.1,-0.1,-0.1,-0.1,-0.1,-0.1,1.753,0.827,0.816,0.13,-0.1,-0.1,-0.1,-0.1
1.231,0.871,1.404,0.843,-0.1,-0.1,-0.1,-0.1,-0.1,-0.1,-0.1,-0.1,-0.1,-0.1,-0.1,-0.1,-0.1,-0.1,-0.1,-0.1,-0.1,-0.1,-0.1,-0.1,1.766,0.817,0.815,0.131,-0.1,-0.1,-0.1,-0.1
1.226,0.859,1.404,0.843,-0.1,-0.1,-0.1,-0.1,-0.1,-0.1,-0.1,-0.1,-0.1,-0.1,-0.1,-0.1,-0.1,-0.1,-0.1,-0.1,-0.1,-0.1,-0.1,-0.1,1.782,0.807,0.816,0.13,-0.1,-0.1,-0.1,-0.1
1.226,0.859,1.404,0.844,-0.1,-0.1,-0.1,-0.1,-0.1,-0.1,-0.1,-0.1,-0.1,-0.1,-0.1,-0.1,-0.1,-0.1,-0.1,-0.1,-0.1,-0.1,-0.1,-0.1,1.783,0.806,0.815,0.131,-0.1,-0.1,-0.1,-0.1
1.218,0.842,1.404,0.844,-0.1,-0.1,-0.1,-0.1,-0.1,-0.1,-0.1,-0.1,-0.1,-0.1,-0.1,-0.1,-0.1,-0.1,-0.1,-0.1,-0.1,-0.1,-0.1,-0.1,1.809,0.786,0.815,0.13,-0.1,-0.1,-0.1,-0.1
1.214,0.833,1.405,0.844,-0.1,-0.1,-0.1,-0.1,-0.1,-0.1,-0.1,-0.1,-0.1,-0.1,-0.1,-0.1,-0.1,-0.1,-0.1,-0.1,-0.1,-0.1,-0.1,-0.1,1.816,0.8,0.816,0.13,-0.1,-0.1,-0.1,-0.1
1.21,0.823,1.404,0.844,-0.1,-0.1,-0.1,-0.1,-0.1,-0.1,-0.1,-0.1,-0.1,-0.1,-0.1,-0.1,-0.1,-0.1,-0.1,-0.1,-0.1,-0.1,-0.1,-0.1,1.831,0.786,0.815,0.131,-0.1,-0.1,-0.1,-0.1
1.205,0.814,1.404,0.843,-0.1,-0.1,-0.1,-0.1,-0.1,-0.1,-0.1,-0.1,-0.1,-0.1,-0.1,-0.1,-0.1,-0.1,-0.1,-0.1,-0.1,-0.1,-0.1,-0.1,1.847,0.769,0.816,0.131,-0.1,-0.1,-0.1,-0.1
1.202,0.807,1.404,0.845,-0.1,-0.1,-0.1,-0.1,-0.1,-0.1,-0.1,-0.1,-0.1,-0.1,-0.1,-0.1,-0.1,-0.1,-0.1,-0.1,-0.1,-0.1,-0.1,-0.1,1.863,0.757,0.815,0.131,-0.1,-0.1,-0.1,-0.1
1.202,0.807,1.404,0.844,-0.1,-0.1,-0.1,-0.1,-0.1,-0.1,-0.1,-0.1,-0.1,-0.1,-0.1,-0.1,-0.1,-0.1,-0.1,-0.1,-0.1,-0.1,-0.1,-0.1,1.862,0.756,0.816,0.131,-0.1,-0.1,-0.1,-0.1
1.196,0.791,1.403,0.843,-0.1,-0.1,-0.1,-0.1,-0.1,-0.1,-0.1,-0.1,-0.1,-0.1,-0.1,-0.1,-0.1,-0.1,-0.1,-0.1,-0.1,-0.1,-0.1,-0.1,1.86,0.739,0.815,0.131,-0.1,-0.1,-0.1,-0.1
1.196,0.79,1.404,0.843,-0.1,-0.1,-0.1,-0.1,-0.1,-0.1,-0.1,-0.1,-0.1,-0.1,-0.1,-0.1,-0.1,-0.1,-0.1,-0.1,-0.1,-0.1,-0.1,-0.1,1.861,0.738,0.815,0.13,-0.1,-0.1,-0.1,-0.1
1.19,0.781,1.404,0.844,-0.1,-0.1,-0.1,-0.1,-0.1,-0.1,-0.1,-0.1,-0.1,-0.1,-0.1,-0.1,-0.1,-0.1,-0.1,-0.1,-0.1,-0.1,-0.1,-0.1,1.869,0.73,0.816,0.131,-0.1,-0.1,-0.1,-0.1
1.183,0.764,1.405,0.844,-0.1,-0.1,-0.1,-0.1,-0.1,-0.1,-0.1,-0.1,-0.1,-0.1,-0.1,-0.1,-0.1,-0.1,-0.1,-0.1,-0.1,-0.1,-0.1,-0.1,1.9,0.71,0.815,0.131,-0.1,-0.1,-0.1,-0.1
1.182,0.764,1.404,0.844,-0.1,-0.1,-0.1,-0.1,-0.1,-0.1,-0.1,-0.1,-0.1,-0.1,-0.1,-0.1,-0.1,-0.1,-0.1,-0.1,-0.1,-0.1,-0.1,-0.1,1.901,0.711,0.816,0.131,-0.1,-0.1,-0.1,-0.1
1.175,0.747,1.405,0.844,-0.1,-0.1,-0.1,-0.1,-0.1,-0.1,-0.1,-0.1,-0.1,-0.1,-0.1,-0.1,-0.1,-0.1,-0.1,-0.1,-0.1,-0.1,-0.1,-0.1,1.895,0.689,0.816,0.131,-0.1,-0.1,-0.1,-0.1
1.175,0.747,1.403,0.844,-0.1,-0.1,-0.1,-0.1,-0.1,-0.1,-0.1,-0.1,-0.1,-0.1,-0.1,-0.1,-0.1,-0.1,-0.1,-0.1,-0.1,-0.1,-0.1,-0.1,1.895,0.688,0.816,0.131,-0.1,-0.1,-0.1,-0.1
1.168,0.731,1.403,0.844,-0.1,-0.1,-0.1,-0.1,-0.1,-0.1,-0.1,-0.1,-0.1,-0.1,-0.1,-0.1,-0.1,-0.1,-0.1,-0.1,-0.1,-0.1,-0.1,-0.1,1.875,0.692,0.816,0.131,-0.1,-0.1,-0.1,-0.1
1.168,0.731,1.404,0.843,-0.1,-0.1,-0.1,-0.1,-0.1,-0.1,-0.1,-0.1,-0.1,-0.1,-0.1,-0.1,-0.1,-0.1,-0.1,-0.1,-0.1,-0.1,-0.1,-0.1,1.876,0.691,0.816,0.131,-0.1,-0.1,-0.1,-0.1
1.165,0.724,1.404,0.845,-0.1,-0.1,-0.1,-0.1,-0.1,-0.1,-0.1,-0.1,-0.1,-0.1,-0.1,-0.1,-0.1,-0.1,-0.1,-0.1,-0.1,-0.1,-0.1,-0.1,1.866,0.68,0.815,0.131,-0.1,-0.1,-0.1,-0.1
1.161,0.716,1.404,0.845,-0.1,-0.1,-0.1,-0.1,-0.1,-0.1,-0.1,-0.1,-0.1,-0.1,-0.1,-0.1,-0.1,-0.1,-0.1,-0.1,-0.1,-0.1,-0.1,-0.1,1.858,0.666,0.816,0.13,-0.1,-0.1,-0.1,-0.1
1.158,0.707,1.403,0.844,-0.1,-0.1,-0.1,-0.1,-0.1,-0.1,-0.1,-0.1,-0.1,-0.1,-0.1,-0.1,-0.1,-0.1,-0.1,-0.1,-0.1,-0.1,-0.1,-0.1,1.857,0.657,0.816,0.131,-0.1,-0.1,-0.1,-0.1
1.156,0.701,1.404,0.845,-0.1,-0.1,-0.1,-0.1,-0.1,-0.1,-0.1,-0.1,-0.1,-0.1,-0.1,-0.1,-0.1,-0.1,-0.1,-0.1,-0.1,-0.1,-0.1,-0.1,1.849,0.648,0.815,0.131,-0.1,-0.1,-0.1,-0.1
1.147,0.686,1.404,0.844,-0.1,-0.1,-0.1,-0.1,-0.1,-0.1,-0.1,-0.1,-0.1,-0.1,-0.1,-0.1,-0.1,-0.1,-0.1,-0.1,-0.1,-0.1,-0.1,-0.1,1.871,0.654,0.816,0.131,-0.1,-0.1,-0.1,-0.1
1.147,0.685,1.404,0.844,-0.1,-0.1,-0.1,-0.1,-0.1,-0.1,-0.1,-0.1,-0.1,-0.1,-0.1,-0.1,-0.1,-0.1,-0.1,-0.1,-0.1,-0.1,-0.1,-0.1,1.871,0.653,0.817,0.131,-0.1,-0.1,-0.1,-0.1
1.144,0.676,1.404,0.844,-0.1,-0.1,-0.1,-0.1,-0.1,-0.1,-0.1,-0.1,-0.1,-0.1,-0.1,-0.1,-0.1,-0.1,-0.1,-0.1,-0.1,-0.1,-0.1,-0.1,1.858,0.638,0.816,0.131,-0.1,-0.1,-0.1,-0.1
1.142,0.669,1.403,0.843,-0.1,-0.1,-0.1,-0.1,-0.1,-0.1,-0.1,-0.1,-0.1,-0.1,-0.1,-0.1,-0.1,-0.1,-0.1,-0.1,-0.1,-0.1,-0.1,-0.1,1.848,0.628,0.816,0.131,-0.1,-0.1,-0.1,-0.1
1.134,0.653,1.404,0.845,-0.1,-0.1,-0.1,-0.1,-0.1,-0.1,-0.1,-0.1,-0.1,-0.1,-0.1,-0.1,-0.1,-0.1,-0.1,-0.1,-0.1,-0.1,-0.1,-0.1,1.831,0.603,0.816,0.132,-0.1,-0.1,-0.1,-0.1
1.134,0.653,1.404,0.844,-0.1,-0.1,-0.1,-0.1,-0.1,-0.1,-0.1,-0.1,-0.1,-0.1,-0.1,-0.1,-0.1,-0.1,-0.1,-0.1,-0.1,-0.1,-0.1,-0.1,1.83,0.602,0.815,0.13,-0.1,-0.1,-0.1,-0.1
1.132,0.647,1.404,0.844,-0.1,-0.1,-0.1,-0.1,-0.1,-0.1,-0.1,-0.1,-0.1,-0.1,-0.1,-0.1,-0.1,-0.1,-0.1,-0.1,-0.1,-0.1,-0.1,-0.1,1.828,0.592,0.815,0.131,-0.1,-0.1,-0.1,-0.1
1.129,0.639,1.403,0.843,-0.1,-0.1,-0.1,-0.1,-0.1,-0.1,-0.1,-0.1,-0.1,-0.1,-0.1,-0.1,-0.1,-0.1,-0.1,-0.1,-0.1,-0.1,-0.1,-0.1,1.818,0.59,0.816,0.131,-0.1,-0.1,-0.1,-0.1
1.121,0.624,1.403,0.843,-0.1,-0.1,-0.1,-0.1,-0.1,-0.1,-0.1,-0.1,-0.1,-0.1,-0.1,-0.1,-0.1,-0.1,-0.1,-0.1,-0.1,-0.1,-0.1,-0.1,1.807,0.595,0.816,0.131,-0.1,-0.1,-0.1,-0.1
1.121,0.623,1.403,0.844,-0.1,-0.1,-0.1,-0.1,-0.1,-0.1,-0.1,-0.1,-0.1,-0.1,-0.1,-0.1,-0.1,-0.1,-0.1,-0.1,-0.1,-0.1,-0.1,-0.1,1.806,0.596,0.815,0.131,-0.1,-0.1,-0.1,-0.1
1.119,0.617,1.403,0.843,-0.1,-0.1,-0.1,-0.1,-0.1,-0.1,-0.1,-0.1,-0.1,-0.1,-0.1,-0.1,-0.1,-0.1,-0.1,-0.1,-0.1,-0.1,-0.1,-0.1,1.799,0.585,0.816,0.131,-0.1,-0.1,-0.1,-0.1
1.116,0.61,1.404,0.845,-0.1,-0.1,-0.1,-0.1,-0.1,-0.1,-0.1,-0.1,-0.1,-0.1,-0.1,-0.1,-0.1,-0.1,-0.1,-0.1,-0.1,-0.1,-0.1,-0.1,1.789,0.576,0.815,0.131,-0.1,-0.1,-0.1,-0.1
1.114,0.603,1.404,0.844,-0.1,-0.1,-0.1,-0.1,-0.1,-0.1,-0.1,-0.1,-0.1,-0.1,-0.1,-0.1,-0.1,-0.1,-0.1,-0.1,-0.1,-0.1,-0.1,-0.1,1.781,0.565,0.816,0.13,-0.1,-0.1,-0.1,-0.1
1.11,0.597,1.404,0.844,-0.1,-0.1,-0.1,-0.1,-0.1,-0.1,-0.1,-0.1,-0.1,-0.1,-0.1,-0.1,-0.1,-0.1,-0.1,-0.1,-0.1,-0.1,-0.1,-0.1,1.778,0.557,0.815,0.131,-0.1,-0.1,-0.1,-0.1
1.109,0.589,1.404,0.844,-0.1,-0.1,-0.1,-0.1,-0.1,-0.1,-0.1,-0.1,-0.1,-0.1,-0.1,-0.1,-0.1,-0.1,-0.1,-0.1,-0.1,-0.1,-0.1,-0.1,1.779,0.545,0.816,0.132,-0.1,-0.1,-0.1,-0.1
1.105,0.582,1.404,0.844,-0.1,-0.1,-0.1,-0.1,-0.1,-0.1,-0.1,-0.1,-0.1,-0.1,-0.1,-0.1,-0.1,-0.1,-0.1,-0.1,-0.1,-0.1,-0.1,-0.1,1.771,0.542,0.816,0.13,-0.1,-0.1,-0.1,-0.1
1.104,0.575,1.404,0.845,-0.1,-0.1,-0.1,-0.1,-0.1,-0.1,-0.1,-0.1,-0.1,-0.1,-0.1,-0.1,-0.1,-0.1,-0.1,-0.1,-0.1,-0.1,-0.1,-0.1,1.807,0.556,0.815,0.131,-0.1,-0.1,-0.1,-0.1
1.103,0.569,1.403,0.845,-0.1,-0.1,-0.1,-0.1,-0.1,-0.1,-0.1,-0.1,-0.1,-0.1,-0.1,-0.1,-0.1,-0.1,-0.1,-0.1,-0.1,-0.1,-0.1,-0.1,1.795,0.546,0.816,0.131,-0.1,-0.1,-0.1,-0.1
1.099,0.562,1.403,0.844,-0.1,-0.1,-0.1,-0.1,-0.1,-0.1,-0.1,-0.1,-0.1,-0.1,-0.1,-0.1,-0.1,-0.1,-0.1,-0.1,-0.1,-0.1,-0.1,-0.1,1.782,0.535,0.815,0.131,-0.1,-0.1,-0.1,-0.1
1.096,0.556,1.404,0.844,-0.1,-0.1,-0.1,-0.1,-0.1,-0.1,-0.1,-0.1,-0.1,-0.1,-0.1,-0.1,-0.1,-0.1,-0.1,-0.1,-0.1,-0.1,-0.1,-0.1,1.772,0.522,0.816,0.131,-0.1,-0.1,-0.1,-0.1
1.095,0.549,1.404,0.845,-0.1,-0.1,-0.1,-0.1,-0.1,-0.1,-0.1,-0.1,-0.1,-0.1,-0.1,-0.1,-0.1,-0.1,-0.1,-0.1,-0.1,-0.1,-0.1,-0.1,1.764,0.512,0.816,0.131,-0.1,-0.1,-0.1,-0.1
1.093,0.544,1.403,0.844,-0.1,-0.1,-0.1,-0.1,-0.1,-0.1,-0.1,-0.1,-0.1,-0.1,-0.1,-0.1,-0.1,-0.1,-0.1,-0.1,-0.1,-0.1,-0.1,-0.1,1.756,0.504,0.816,0.131,-0.1,-0.1,-0.1,-0.1
1.089,0.537,1.404,0.844,-0.1,-0.1,-0.1,-0.1,-0.1,-0.1,-0.1,-0.1,-0.1,-0.1,-0.1,-0.1,-0.1,-0.1,-0.1,-0.1,-0.1,-0.1,-0.1,-0.1,1.75,0.497,0.816,0.131,-0.1,-0.1,-0.1,-0.1
1.084,0.523,1.403,0.844,-0.1,-0.1,-0.1,-0.1,-0.1,-0.1,-0.1,-0.1,-0.1,-0.1,-0.1,-0.1,-0.1,-0.1,-0.1,-0.1,-0.1,-0.1,-0.1,-0.1,1.739,0.486,0.816,0.131,-0.1,-0.1,-0.1,-0.1
1.085,0.524,1.403,0.845,-0.1,-0.1,-0.1,-0.1,-0.1,-0.1,-0.1,-0.1,-0.1,-0.1,-0.1,-0.1,-0.1,-0.1,-0.1,-0.1,-0.1,-0.1,-0.1,-0.1,1.739,0.485,0.816,0.131,-0.1,-0.1,-0.1,-0.1
1.083,0.518,1.404,0.845,-0.1,-0.1,-0.1,-0.1,-0.1,-0.1,-0.1,-0.1,-0.1,-0.1,-0.1,-0.1,-0.1,-0.1,-0.1,-0.1,-0.1,-0.1,-0.1,-0.1,1.737,0.478,0.815,0.131,-0.1,-0.1,-0.1,-0.1
1.081,0.512,1.405,0.845,-0.1,-0.1,-0.1,-0.1,-0.1,-0.1,-0.1,-0.1,-0.1,-0.1,-0.1,-0.1,-0.1,-0.1,-0.1,-0.1,-0.1,-0.1,-0.1,-0.1,1.73,0.472,0.816,0.13,-0.1,-0.1,-0.1,-0.1
1.078,0.505,1.404,0.845,-0.1,-0.1,-0.1,-0.1,-0.1,-0.1,-0.1,-0.1,-0.1,-0.1,-0.1,-0.1,-0.1,-0.1,-0.1,-0.1,-0.1,-0.1,-0.1,-0.1,1.723,0.486,0.816,0.13,-0.1,-0.1,-0.1,-0.1
1.077,0.499,1.404,0.844,-0.1,-0.1,-0.1,-0.1,-0.1,-0.1,-0.1,-0.1,-0.1,-0.1,-0.1,-0.1,-0.1,-0.1,-0.1,-0.1,-0.1,-0.1,-0.1,-0.1,1.719,0.482,0.815,0.131,-0.1,-0.1,-0.1,-0.1
1.075,0.494,1.404,0.845,-0.1,-0.1,-0.1,-0.1,-0.1,-0.1,-0.1,-0.1,-0.1,-0.1,-0.1,-0.1,-0.1,-0.1,-0.1,-0.1,-0.1,-0.1,-0.1,-0.1,1.713,0.475,0.815,0.131,-0.1,-0.1,-0.1,-0.1
1.073,0.487,1.404,0.844,-0.1,-0.1,-0.1,-0.1,-0.1,-0.1,-0.1,-0.1,-0.1,-0.1,-0.1,-0.1,-0.1,-0.1,-0.1,-0.1,-0.1,-0.1,-0.1,-0.1,1.707,0.466,0.815,0.13,-0.1,-0.1,-0.1,-0.1
1.072,0.483,1.404,0.844,-0.1,-0.1,-0.1,-0.1,-0.1,-0.1,-0.1,-0.1,-0.1,-0.1,-0.1,-0.1,-0.1,-0.1,-0.1,-0.1,-0.1,-0.1,-0.1,-0.1,1.7,0.458,0.816,0.131,-0.1,-0.1,-0.1,-0.1
1.069,0.478,1.404,0.844,-0.1,-0.1,-0.1,-0.1,-0.1,-0.1,-0.1,-0.1,-0.1,-0.1,-0.1,-0.1,-0.1,-0.1,-0.1,-0.1,-0.1,-0.1,-0.1,-0.1,1.694,0.45,0.815,0.131,-0.1,-0.1,-0.1,-0.1
1.068,0.471,1.403,0.844,-0.1,-0.1,-0.1,-0.1,-0.1,-0.1,-0.1,-0.1,-0.1,-0.1,-0.1,-0.1,-0.1,-0.1,-0.1,-0.1,-0.1,-0.1,-0.1,-0.1,1.69,0.443,0.816,0.131,-0.1,-0.1,-0.1,-0.1
1.066,0.465,1.403,0.843,-0.1,-0.1,-0.1,-0.1,-0.1,-0.1,-0.1,-0.1,-0.1,-0.1,-0.1,-0.1,-0.1,-0.1,-0.1,-0.1,-0.1,-0.1,-0.1,-0.1,1.686,0.437,0.816,0.131,-0.1,-0.1,-0.1,-0.1
1.065,0.459,1.403,0.844,-0.1,-0.1,-0.1,-0.1,-0.1,-0.1,-0.1,-0.1,-0.1,-0.1,-0.1,-0.1,-0.1,-0.1,-0.1,-0.1,-0.1,-0.1,-0.1,-0.1,1.682,0.432,0.816,0.131,-0.1,-0.1,-0.1,-0.1
1.062,0.454,1.404,0.845,-0.1,-0.1,-0.1,-0.1,-0.1,-0.1,-0.1,-0.1,-0.1,-0.1,-0.1,-0.1,-0.1,-0.1,-0.1,-0.1,-0.1,-0.1,-0.1,-0.1,1.677,0.428,0.815,0.13,-0.1,-0.1,-0.1,-0.1
1.061,0.449,1.403,0.843,-0.1,-0.1,-0.1,-0.1,-0.1,-0.1,-0.1,-0.1,-0.1,-0.1,-0.1,-0.1,-0.1,-0.1,-0.1,-0.1,-0.1,-0.1,-0.1,-0.1,1.673,0.422,0.816,0.131,-0.1,-0.1,-0.1,-0.1
1.06,0.444,1.402,0.843,-0.1,-0.1,-0.1,-0.1,-0.1,-0.1,-0.1,-0.1,-0.1,-0.1,-0.1,-0.1,-0.1,-0.1,-0.1,-0.1,-0.1,-0.1,-0.1,-0.1,1.669,0.417,0.816,0.132,-0.1,-0.1,-0.1,-0.1
1.058,0.438,1.404,0.844,-0.1,-0.1,-0.1,-0.1,-0.1,-0.1,-0.1,-0.1,-0.1,-0.1,-0.1,-0.1,-0.1,-0.1,-0.1,-0.1,-0.1,-0.1,-0.1,-0.1,1.707,0.422,0.816,0.131,-0.1,-0.1,-0.1,-0.1
1.056,0.433,1.403,0.843,-0.1,-0.1,-0.1,-0.1,-0.1,-0.1,-0.1,-0.1,-0.1,-0.1,-0.1,-0.1,-0.1,-0.1,-0.1,-0.1,-0.1,-0.1,-0.1,-0.1,1.7,0.415,0.816,0.131,-0.1,-0.1,-0.1,-0.1
1.054,0.428,1.404,0.844,-0.1,-0.1,-0.1,-0.1,-0.1,-0.1,-0.1,-0.1,-0.1,-0.1,-0.1,-0.1,-0.1,-0.1,-0.1,-0.1,-0.1,-0.1,-0.1,-0.1,1.691,0.406,0.816,0.131,-0.1,-0.1,-0.1,-0.1
1.052,0.424,1.404,0.845,-0.1,-0.1,-0.1,-0.1,-0.1,-0.1,-0.1,-0.1,-0.1,-0.1,-0.1,-0.1,-0.1,-0.1,-0.1,-0.1,-0.1,-0.1,-0.1,-0.1,1.683,0.399,0.816,0.131,-0.1,-0.1,-0.1,-0.1
1.052,0.418,1.404,0.844,-0.1,-0.1,-0.1,-0.1,-0.1,-0.1,-0.1,-0.1,-0.1,-0.1,-0.1,-0.1,-0.1,-0.1,-0.1,-0.1,-0.1,-0.1,-0.1,-0.1,1.676,0.391,0.816,0.132,-0.1,-0.1,-0.1,-0.1
1.051,0.413,1.404,0.845,-0.1,-0.1,-0.1,-0.1,-0.1,-0.1,-0.1,-0.1,-0.1,-0.1,-0.1,-0.1,-0.1,-0.1,-0.1,-0.1,-0.1,-0.1,-0.1,-0.1,1.669,0.384,0.816,0.131,-0.1,-0.1,-0.1,-0.1
1.049,0.408,1.403,0.845,-0.1,-0.1,-0.1,-0.1,-0.1,-0.1,-0.1,-0.1,-0.1,-0.1,-0.1,-0.1,-0.1,-0.1,-0.1,-0.1,-0.1,-0.1,-0.1,-0.1,1.664,0.378,0.816,0.131,-0.1,-0.1,-0.1,-0.1
1.047,0.403,1.403,0.843,-0.1,-0.1,-0.1,-0.1,-0.1,-0.1,-0.1,-0.1,-0.1,-0.1,-0.1,-0.1,-0.1,-0.1,-0.1,-0.1,-0.1,-0.1,-0.1,-0.1,1.659,0.373,0.816,0.132,-0.1,-0.1,-0.1,-0.1
1.045,0.398,1.403,0.844,-0.1,-0.1,-0.1,-0.1,-0.1,-0.1,-0.1,-0.1,-0.1,-0.1,-0.1,-0.1,-0.1,-0.1,-0.1,-0.1,-0.1,-0.1,-0.1,-0.1,1.654,0.37,0.816,0.131,-0.1,-0.1,-0.1,-0.1
1.044,0.393,1.403,0.844,-0.1,-0.1,-0.1,-0.1,-0.1,-0.1,-0.1,-0.1,-0.1,-0.1,-0.1,-0.1,-0.1,-0.1,-0.1,-0.1,-0.1,-0.1,-0.1,-0.1,1.648,0.366,0.816,0.131,-0.1,-0.1,-0.1,-0.1
1.043,0.388,1.403,0.844,-0.1,-0.1,-0.1,-0.1,-0.1,-0.1,-0.1,-0.1,-0.1,-0.1,-0.1,-0.1,-0.1,-0.1,-0.1,-0.1,-0.1,-0.1,-0.1,-0.1,1.641,0.362,0.816,0.131,-0.1,-0.1,-0.1,-0.1
1.042,0.385,1.403,0.845,-0.1,-0.1,-0.1,-0.1,-0.1,-0.1,-0.1,-0.1,-0.1,-0.1,-0.1,-0.1,-0.1,-0.1,-0.1,-0.1,-0.1,-0.1,-0.1,-0.1,1.64,0.359,0.815,0.131,-0.1,-0.1,-0.1,-0.1
1.04,0.38,1.403,0.844,-0.1,-0.1,-0.1,-0.1,-0.1,-0.1,-0.1,-0.1,-0.1,-0.1,-0.1,-0.1,-0.1,-0.1,-0.1,-0.1,-0.1,-0.1,-0.1,-0.1,1.636,0.352,0.815,0.13,-0.1,-0.1,-0.1,-0.1
1.039,0.374,1.404,0.845,-0.1,-0.1,-0.1,-0.1,-0.1,-0.1,-0.1,-0.1,-0.1,-0.1,-0.1,-0.1,-0.1,-0.1,-0.1,-0.1,-0.1,-0.1,-0.1,-0.1,1.634,0.348,0.815,0.131,-0.1,-0.1,-0.1,-0.1
1.037,0.366,1.403,0.845,-0.1,-0.1,-0.1,-0.1,-0.1,-0.1,-0.1,-0.1,-0.1,-0.1,-0.1,-0.1,-0.1,-0.1,-0.1,-0.1,-0.1,-0.1,-0.1,-0.1,1.637,0.372,0.816,0.131,-0.1,-0.1,-0.1,-0.1
1.037,0.366,1.404,0.844,-0.1,-0.1,-0.1,-0.1,-0.1,-0.1,-0.1,-0.1,-0.1,-0.1,-0.1,-0.1,-0.1,-0.1,-0.1,-0.1,-0.1,-0.1,-0.1,-0.1,1.636,0.371,0.816,0.131,-0.1,-0.1,-0.1,-0.1
1.036,0.362,1.403,0.844,-0.1,-0.1,-0.1,-0.1,-0.1,-0.1,-0.1,-0.1,-0.1,-0.1,-0.1,-0.1,-0.1,-0.1,-0.1,-0.1,-0.1,-0.1,-0.1,-0.1,1.634,0.363,0.816,0.131,-0.1,-0.1,-0.1,-0.1
1.036,0.358,1.403,0.844,-0.1,-0.1,-0.1,-0.1,-0.1,-0.1,-0.1,-0.1,-0.1,-0.1,-0.1,-0.1,-0.1,-0.1,-0.1,-0.1,-0.1,-0.1,-0.1,-0.1,1.627,0.356,0.816,0.131,-0.1,-0.1,-0.1,-0.1
1.035,0.355,1.405,0.845,-0.1,-0.1,-0.1,-0.1,-0.1,-0.1,-0.1,-0.1,-0.1,-0.1,-0.1,-0.1,-0.1,-0.1,-0.1,-0.1,-0.1,-0.1,-0.1,-0.1,1.623,0.348,0.816,0.131,-0.1,-0.1,-0.1,-0.1
1.034,0.35,1.405,0.845,-0.1,-0.1,-0.1,-0.1,-0.1,-0.1,-0.1,-0.1,-0.1,-0.1,-0.1,-0.1,-0.1,-0.1,-0.1,-0.1,-0.1,-0.1,-0.1,-0.1,1.619,0.342,0.816,0.13,-0.1,-0.1,-0.1,-0.1
1.033,0.347,1.403,0.843,-0.1,-0.1,-0.1,-0.1,-0.1,-0.1,-0.1,-0.1,-0.1,-0.1,-0.1,-0.1,-0.1,-0.1,-0.1,-0.1,-0.1,-0.1,-0.1,-0.1,1.614,0.336,0.816,0.131,-0.1,-0.1,-0.1,-0.1
1.031,0.343,1.404,0.845,-0.1,-0.1,-0.1,-0.1,-0.1,-0.1,-0.1,-0.1,-0.1,-0.1,-0.1,-0.1,-0.1,-0.1,-0.1,-0.1,-0.1,-0.1,-0.1,-0.1,1.61,0.33,0.815,0.131,-0.1,-0.1,-0.1,-0.1
1.03,0.339,1.404,0.845,-0.1,-0.1,-0.1,-0.1,-0.1,-0.1,-0.1,-0.1,-0.1,-0.1,-0.1,-0.1,-0.1,-0.1,-0.1,-0.1,-0.1,-0.1,-0.1,-0.1,1.606,0.325,0.815,0.131,-0.1,-0.1,-0.1,-0.1
1.029,0.334,1.404,0.845,-0.1,-0.1,-0.1,-0.1,-0.1,-0.1,-0.1,-0.1,-0.1,-0.1,-0.1,-0.1,-0.1,-0.1,-0.1,-0.1,-0.1,-0.1,-0.1,-0.1,1.602,0.32,0.816,0.131,-0.1,-0.1,-0.1,-0.1
1.029,0.331,1.405,0.845,-0.1,-0.1,-0.1,-0.1,-0.1,-0.1,-0.1,-0.1,-0.1,-0.1,-0.1,-0.1,-0.1,-0.1,-0.1,-0.1,-0.1,-0.1,-0.1,-0.1,1.6,0.316,0.816,0.131,-0.1,-0.1,-0.1,-0.1
1.029,0.33,1.405,0.845,-0.1,-0.1,-0.1,-0.1,-0.1,-0.1,-0.1,-0.1,-0.1,-0.1,-0.1,-0.1,-0.1,-0.1,-0.1,-0.1,-0.1,-0.1,-0.1,-0.1,1.593,0.311,0.815,0.131,-0.1,-0.1,-0.1,-0.1
1.028,0.324,1.403,0.844,-0.1,-0.1,-0.1,-0.1,-0.1,-0.1,-0.1,-0.1,-0.1,-0.1,-0.1,-0.1,-0.1,-0.1,-0.1,-0.1,-0.1,-0.1,-0.1,-0.1,1.59,0.308,0.816,0.13,-0.1,-0.1,-0.1,-0.1
1.027,0.32,1.404,0.845,-0.1,-0.1,-0.1,-0.1,-0.1,-0.1,-0.1,-0.1,-0.1,-0.1,-0.1,-0.1,-0.1,-0.1,-0.1,-0.1,-0.1,-0.1,-0.1,-0.1,1.587,0.304,0.816,0.131,-0.1,-0.1,-0.1,-0.1
1.026,0.317,1.404,0.845,-0.1,-0.1,-0.1,-0.1,-0.1,-0.1,-0.1,-0.1,-0.1,-0.1,-0.1,-0.1,-0.1,-0.1,-0.1,-0.1,-0.1,-0.1,-0.1,-0.1,1.583,0.3,0.816,0.132,-0.1,-0.1,-0.1,-0.1
1.025,0.313,1.404,0.844,-0.1,-0.1,-0.1,-0.1,-0.1,-0.1,-0.1,-0.1,-0.1,-0.1,-0.1,-0.1,-0.1,-0.1,-0.1,-0.1,-0.1,-0.1,-0.1,-0.1,1.583,0.298,0.816,0.131,-0.1,-0.1,-0.1,-0.1
1.025,0.31,1.404,0.844,-0.1,-0.1,-0.1,-0.1,-0.1,-0.1,-0.1,-0.1,-0.1,-0.1,-0.1,-0.1,-0.1,-0.1,-0.1,-0.1,-0.1,-0.1,-0.1,-0.1,1.579,0.296,0.816,0.131,-0.1,-0.1,-0.1,-0.1
1.024,0.306,1.403,0.844,-0.1,-0.1,-0.1,-0.1,-0.1,-0.1,-0.1,-0.1,-0.1,-0.1,-0.1,-0.1,-0.1,-0.1,-0.1,-0.1,-0.1,-0.1,-0.1,-0.1,1.579,0.293,0.816,0.13,-0.1,-0.1,-0.1,-0.1
1.026,0.303,1.404,0.844,-0.1,-0.1,-0.1,-0.1,-0.1,-0.1,-0.1,-0.1,-0.1,-0.1,-0.1,-0.1,-0.1,-0.1,-0.1,-0.1,-0.1,-0.1,-0.1,-0.1,1.574,0.29,0.815,0.132,-0.1,-0.1,-0.1,-0.1
1.023,0.3,1.403,0.845,-0.1,-0.1,-0.1,-0.1,-0.1,-0.1,-0.1,-0.1,-0.1,-0.1,-0.1,-0.1,-0.1,-0.1,-0.1,-0.1,-0.1,-0.1,-0.1,-0.1,1.574,0.288,0.816,0.13,-0.1,-0.1,-0.1,-0.1
1.022,0.297,1.403,0.845,-0.1,-0.1,-0.1,-0.1,-0.1,-0.1,-0.1,-0.1,-0.1,-0.1,-0.1,-0.1,-0.1,-0.1,-0.1,-0.1,-0.1,-0.1,-0.1,-0.1,1.568,0.284,0.816,0.131,-0.1,-0.1,-0.1,-0.1
1.023,0.294,1.403,0.844,-0.1,-0.1,-0.1,-0.1,-0.1,-0.1,-0.1,-0.1,-0.1,-0.1,-0.1,-0.1,-0.1,-0.1,-0.1,-0.1,-0.1,-0.1,-0.1,-0.1,1.565,0.28,0.815,0.131,-0.1,-0.1,-0.1,-0.1
1.02,0.292,1.404,0.845,-0.1,-0.1,-0.1,-0.1,-0.1,-0.1,-0.1,-0.1,-0.1,-0.1,-0.1,-0.1,-0.1,-0.1,-0.1,-0.1,-0.1,-0.1,-0.1,-0.1,1.562,0.279,0.816,0.131,-0.1,-0.1,-0.1,-0.1
1.02,0.287,1.403,0.846,-0.1,-0.1,-0.1,-0.1,-0.1,-0.1,-0.1,-0.1,-0.1,-0.1,-0.1,-0.1,-0.1,-0.1,-0.1,-0.1,-0.1,-0.1,-0.1,-0.1,1.561,0.276,0.815,0.131,-0.1,-0.1,-0.1,-0.1
1.02,0.285,1.404,0.845,-0.1,-0.1,-0.1,-0.1,-0.1,-0.1,-0.1,-0.1,-0.1,-0.1,-0.1,-0.1,-0.1,-0.1,-0.1,-0.1,-0.1,-0.1,-0.1,-0.1,1.604,0.279,0.816,0.132,-0.1,-0.1,-0.1,-0.1
1.02,0.283,1.403,0.844,-0.1,-0.1,-0.1,-0.1,-0.1,-0.1,-0.1,-0.1,-0.1,-0.1,-0.1,-0.1,-0.1,-0.1,-0.1,-0.1,-0.1,-0.1,-0.1,-0.1,1.599,0.275,0.816,0.131,-0.1,-0.1,-0.1,-0.1
1.018,0.279,1.402,0.843,-0.1,-0.1,-0.1,-0.1,-0.1,-0.1,-0.1,-0.1,-0.1,-0.1,-0.1,-0.1,-0.1,-0.1,-0.1,-0.1,-0.1,-0.1,-0.1,-0.1,1.596,0.269,0.816,0.131,-0.1,-0.1,-0.1,-0.1
1.021,0.277,1.404,0.845,-0.1,-0.1,-0.1,-0.1,-0.1,-0.1,-0.1,-0.1,-0.1,-0.1,-0.1,-0.1,-0.1,-0.1,-0.1,-0.1,-0.1,-0.1,-0.1,-0.1,1.593,0.266,0.816,0.132,-0.1,-0.1,-0.1,-0.1
1.017,0.274,1.403,0.844,-0.1,-0.1,-0.1,-0.1,-0.1,-0.1,-0.1,-0.1,-0.1,-0.1,-0.1,-0.1,-0.1,-0.1,-0.1,-0.1,-0.1,-0.1,-0.1,-0.1,1.589,0.262,0.815,0.132,-0.1,-0.1,-0.1,-0.1
1.018,0.273,1.403,0.844,-0.1,-0.1,-0.1,-0.1,-0.1,-0.1,-0.1,-0.1,-0.1,-0.1,-0.1,-0.1,-0.1,-0.1,-0.1,-0.1,-0.1,-0.1,-0.1,-0.1,1.587,0.259,0.816,0.131,-0.1,-0.1,-0.1,-0.1
1.016,0.269,1.403,0.844,-0.1,-0.1,-0.1,-0.1,-0.1,-0.1,-0.1,-0.1,-0.1,-0.1,-0.1,-0.1,-0.1,-0.1,-0.1,-0.1,-0.1,-0.1,-0.1,-0.1,1.583,0.254,0.816,0.131,-0.1,-0.1,-0.1,-0.1
1.017,0.268,1.404,0.844,-0.1,-0.1,-0.1,-0.1,-0.1,-0.1,-0.1,-0.1,-0.1,-0.1,-0.1,-0.1,-0.1,-0.1,-0.1,-0.1,-0.1,-0.1,-0.1,-0.1,1.58,0.252,0.815,0.132,-0.1,-0.1,-0.1,-0.1
1.016,0.266,1.404,0.844,-0.1,-0.1,-0.1,-0.1,-0.1,-0.1,-0.1,-0.1,-0.1,-0.1,-0.1,-0.1,-0.1,-0.1,-0.1,-0.1,-0.1,-0.1,-0.1,-0.1,1.576,0.248,0.816,0.131,-0.1,-0.1,-0.1,-0.1
1.015,0.263,1.403,0.845,-0.1,-0.1,-0.1,-0.1,-0.1,-0.1,-0.1,-0.1,-0.1,-0.1,-0.1,-0.1,-0.1,-0.1,-0.1,-0.1,-0.1,-0.1,-0.1,-0.1,1.573,0.245,0.816,0.131,-0.1,-0.1,-0.1,-0.1
1.015,0.26,1.404,0.844,-0.1,-0.1,-0.1,-0.1,-0.1,-0.1,-0.1,-0.1,-0.1,-0.1,-0.1,-0.1,-0.1,-0.1,-0.1,-0.1,-0.1,-0.1,-0.1,-0.1,1.569,0.242,0.816,0.131,-0.1,-0.1,-0.1,-0.1
1.015,0.259,1.403,0.845,-0.1,-0.1,-0.1,-0.1,-0.1,-0.1,-0.1,-0.1,-0.1,-0.1,-0.1,-0.1,-0.1,-0.1,-0.1,-0.1,-0.1,-0.1,-0.1,-0.1,1.567,0.241,0.816,0.132,-0.1,-0.1,-0.1,-0.1
