1.439,0.735,-0.1,-0.1,-0.1,-0.1,-0.1,-0.1,0.345,0.676,-0.1,-0.1,-0.1,-0.1,0.084,0.677,-0.1,-0.1,-0.1,-0.1,-0.1,-0.1,1.72,0.406,-0.1,-0.1,1.134,0.689,-0.1,-0.1,0.361,0.201
1.474,0.693,-0.1,-0.1,-0.1,-0.1,-0.1,-0.1,0.345,0.676,-0.1,-0.1,-0.1,-0.1,0.083,0.679,-0.1,-0.1,-0.1,-0.1,-0.1,-0.1,1.72,0.406,-0.1,-0.1,1.134,0.688,-0.1,-0.1,0.361,0.202
1.51,0.647,-0.1,-0.1,-0.1,-0.1,-0.1,-0.1,0.345,0.675,-0.1,-0.1,-0.1,-0.1,0.083,0.678,-0.1,-0.1,-0.1,-0.1,-0.1,-0.1,1.72,0.406,-0.1,-0.1,1.134,0.688,-0.1,-0.1,0.361,0.202
1.541,0.605,-0.1,-0.1,-0.1,-0.1,-0.1,-0.1,0.344,0.676,-0.1,-0.1,-0.1,-0.1,0.082,0.678,-0.1,-0.1,-0.1,-0.1,-0.1,-0.1,1.72,0.406,-0.1,-0.1,1.135,0.688,-0.1,-0.1,0.361,0.201
1.574,0.561,-0.1,-0.1,-0.1,-0.1,-0.1,-0.1,0.345,0.675,-0.1,-0.1,-0.1,-0.1,0.082,0.677,-0.1,-0.1,-0.1,-0.1,-0.1,-0.1,1.72,0.406,-0.1,-0.1,1.134,0.688,-0.1,-0.1,0.361,0.202
1.608,0.518,-0.1,-0.1,-0.1,-0.1,-0.1,-0.1,0.344,0.675,-0.1,-0.1,-0.1,-0.1,0.083,0.678,-0.1,-0.1,-0.1,-0.1,-0.1,-0.1,1.72,0.406,-0.1,-0.1,1.134,0.688,-0.1,-0.1,0.361,0.202
1.645,0.472,-0.1,-0.1,-0.1,-0.1,-0.1,-0.1,0.344,0.675,-0.1,-0.1,-0.1,-0.1,0.081,0.678,-0.1,-0.1,-0.1,-0.1,-0.1,-0.1,1.72,0.406,-0.1,-0.1,1.133,0.689,-0.1,-0.1,0.361,0.202
1.663,0.441,-0.1,-0.1,-0.1,-0.1,-0.1,-0.1,0.344,0.675,-0.1,-0.1,-0.1,-0.1,0.083,0.678,-0.1,-0.1,-0.1,-0.1,-0.1,-0.1,1.729,0.396,-0.1,-0.1,1.134,0.688,-0.1,-0.1,0.361,0.201
1.659,0.432,-0.1,-0.1,-0.1,-0.1,-0.1,-0.1,0.345,0.674,-0.1,-0.1,-0.1,-0.1,0.082,0.679,-0.1,-0.1,-0.1,-0.1,-0.1,-0.1,1.763,0.368,-0.1,-0.1,1.134,0.689,-0.1,-0.1,0.361,0.201
1.654,0.419,-0.1,-0.1,-0.1,-0.1,-0.1,-0.1,0.344,0.676,-0.1,-0.1,-0.1,-0.1,0.083,0.678,-0.1,-0.1,-0.1,-0.1,-0.1,-0.1,1.798,0.335,-0.1,-0.1,1.134,0.688,-0.1,-0.1,0.361,0.201
1.653,0.407,-0.1,-0.1,-0.1,-0.1,-0.1,-0.1,0.344,0.675,-0.1,-0.1,-0.1,-0.1,0.082,0.679,-0.1,-0.1,-0.1,-0.1,-0.1,-0.1,1.835,0.304,-0.1,-0.1,1.134,0.688,-0.1,-0.1,0.361,0.201
1.666,0.39,-0.1,-0.1,-0.1,-0.1,-0.1,-0.1,0.346,0.674,-0.1,-0.1,-0.1,-0.1,0.082,0.678,-0.1,-0.1,-0.1,-0.1,-0.1,-0.1,1.869,0.275,-0.1,-0.1,1.134,0.688,-0.1,-0.1,0.362,0.201
1.66,0.377,-0.1,-0.1,-0.1,-0.1,-0.1,-0.1,0.344,0.675,-0.1,-0.1,-0.1,-0.1,0.083,0.678,-0.1,-0.1,-0.1,-0.1,-0.1,-0.1,1.894,0.252,-0.1,-0.1,1.133,0.688,-0.1,-0.1,0.362,0.202
1.661,0.362,-0.1,-0.1,-0.1,-0.1,-0.1,-0.1,0.345,0.675,-0.1,-0.1,-0.1,-0.1,0.083,0.677,-0.1,-0.1,-0.1,-0.1,-0.1,-0.1,1.906,0.233,-0.1,-0.1,1.133,0.689,-0.1,-0.1,0.361,0.202
1.665,0.345,-0.1,-0.1,-0.1,-0.1,-0.1,-0.1,0.344,0.675,-0.1,-0.1,-0.1,-0.1,0.084,0.679,-0.1,-0.1,-0.1,-0.1,-0.1,-0.1,1.883,0.218,-0.1,-0.1,1.133,0.689,-0.1,-0.1,0.361,0.202
1.669,0.328,-0.1,-0.1,-0.1,-0.1,-0.1,-0.1,0.344,0.675,-0.1,-0.1,-0.1,-0.1,0.082,0.678,-0.1,-0.1,-0.1,-0.1,-0.1,-0.1,1.856,0.201,-0.1,-0.1,1.133,0.688,-0.1,-0.1,0.361,0.202
1.672,0.311,-0.1,-0.1,-0.1,-0.1,-0.1,-0.1,0.344,0.676,-0.1,-0.1,-0.1,-0.1,0.083,0.677,-0.1,-0.1,-0.1,-0.1,-0.1,-0.1,1.831,0.19,-0.1,-0.1,1.133,0.688,-0.1,-0.1,0.362,0.203
1.675,0.297,-0.1,-0.1,-0.1,-0.1,-0.1,-0.1,0.344,0.675,-0.1,-0.1,-0.1,-0.1,0.083,0.678,-0.1,-0.1,-0.1,-0.1,-0.1,-0.1,1.827,0.175,-0.1,-0.1,1.133,0.688,-0.1,-0.1,0.361,0.202
1.673,0.281,-0.1,-0.1,-0.1,-0.1,-0.1,-0.1,0.344,0.675,-0.1,-0.1,-0.1,-0.1,0.083,0.677,-0.1,-0.1,-0.1,-0.1,-0.1,-0.1,1.804,0.162,-0.1,-0.1,1.133,0.688,-0.1,-0.1,0.361,0.202
1.678,0.266,-0.1,-0.1,-0.1,-0.1,-0.1,-0.1,0.343,0.676,-0.1,-0.1,-0.1,-0.1,0.083,0.679,-0.1,-0.1,-0.1,-0.1,-0.1,-0.1,1.784,0.151,-0.1,-0.1,1.134,0.689,-0.1,-0.1,0.361,0.202
1.681,0.248,-0.1,-0.1,-0.1,-0.1,-0.1,-0.1,0.344,0.675,-0.1,-0.1,-0.1,-0.1,0.082,0.679,-0.1,-0.1,-0.1,-0.1,-0.1,-0.1,1.783,0.134,-0.1,-0.1,1.133,0.688,-0.1,-0.1,0.362,0.201
1.682,0.235,-0.1,-0.1,-0.1,-0.1,-0.1,-0.1,0.344,0.675,-0.1,-0.1,-0.1,-0.1,0.083,0.68,-0.1,-0.1,-0.1,-0.1,-0.1,-0.1,1.759,0.121,-0.1,-0.1,1.134,0.688,-0.1,-0.1,0.361,0.201
1.689,0.218,-0.1,-0.1,-0.1,-0.1,-0.1,-0.1,0.344,0.676,-0.1,-0.1,-0.1,-0.1,0.083,0.678,-0.1,-0.1,-0.1,-0.1,-0.1,-0.1,1.735,0.108,-0.1,-0.1,1.134,0.689,-0.1,-0.1,0.361,0.201
1.689,0.202,-0.1,-0.1,-0.1,-0.1,-0.1,-0.1,0.344,0.674,-0.1,-0.1,-0.1,-0.1,0.083,0.678,-0.1,-0.1,-0.1,-0.1,-0.1,-0.1,1.729,0.095,-0.1,-0.1,1.135,0.689,-0.1,-0.1,0.361,0.201
1.695,0.189,-0.1,-0.1,-0.1,-0.1,-0.1,-0.1,0.345,0.676,-0.1,-0.1,-0.1,-0.1,0.085,0.678,-0.1,-0.1,-0.1,-0.1,-0.1,-0.1,1.709,0.081,-0.1,-0.1,1.134,0.688,-0.1,-0.1,0.362,0.201
1.698,0.174,-0.1,-0.1,-0.1,-0.1,-0.1,-0.1,0.345,0.675,-0.1,-0.1,-0.1,-0.1,0.083,0.679,-0.1,-0.1,-0.1,-0.1,-0.1,-0.1,1.687,0.07,-0.1,-0.1,1.134,0.688,-0.1,-0.1,0.362,0.202
1.703,0.155,-0.1,-0.1,-0.1,-0.1,-0.1,-0.1,0.345,0.675,-0.1,-0.1,-0.1,-0.1,0.082,0.679,-0.1,-0.1,-0.1,-0.1,-0.1,-0.1,1.684,0.052,-0.1,-0.1,1.134,0.689,-0.1,-0.1,0.36,0.202
1.708,0.138,-0.1,-0.1,-0.1,-0.1,-0.1,-0.1,0.345,0.674,-0.1,-0.1,-0.1,-0.1,0.084,0.678,-0.1,-0.1,-0.1,-0.1,-0.1,-0.1,1.664,0.041,-0.1,-0.1,1.133,0.689,-0.1,-0.1,0.361,0.202
1.703,0.128,-0.1,-0.1,-0.1,-0.1,-0.1,-0.1,0.346,0.676,-0.1,-0.1,-0.1,-0.1,0.084,0.677,-0.1,-0.1,-0.1,-0.1,-0.1,-0.1,1.641,0.027,-0.1,-0.1,1.133,0.689,-0.1,-0.1,0.362,0.201
1.708,0.113,-0.1,-0.1,-0.1,-0.1,-0.1,-0.1,0.344,0.675,-0.1,-0.1,-0.1,-0.1,0.083,0.679,-0.1,-0.1,-0.1,-0.1,-0.1,-0.1,1.638,0.018,-0.1,-0.1,1.133,0.689,-0.1,-0.1,0.361,0.202
1.717,0.092,-0.1,-0.1,-0.1,-0.1,-0.1,-0.1,0.344,0.675,-0.1,-0.1,-0.1,-0.1,0.083,0.678,-0.1,-0.1,-0.1,-0.1,-0.1,-0.1,1.617,0.032,-0.1,-0.1,1.133,0.689,-0.1,-0.1,0.361,0.202
1.716,0.082,-0.1,-0.1,-0.1,-0.1,-0.1,-0.1,0.344,0.675,-0.1,-0.1,-0.1,-0.1,0.082,0.678,-0.1,-0.1,-0.1,-0.1,-0.1,-0.1,1.609,0.034,-0.1,-0.1,1.133,0.689,-0.1,-0.1,0.361,0.202
1.717,0.065,-0.1,-0.1,-0.1,-0.1,-0.1,-0.1,0.344,0.675,-0.1,-0.1,-0.1,-0.1,0.083,0.678,-0.1,-0.1,-0.1,-0.1,-0.1,-0.1,1.591,0.045,-0.1,-0.1,1.133,0.689,-0.1,-0.1,0.361,0.202
1.717,0.055,-0.1,-0.1,-0.1,-0.1,-0.1,-0.1,0.345,0.675,-0.1,-0.1,-0.1,-0.1,0.083,0.678,-0.1,-0.1,-0.1,-0.1,-0.1,-0.1,1.576,0.049,-0.1,-0.1,1.133,0.689,-0.1,-0.1,0.362,0.201
1.726,0.035,-0.1,-0.1,-0.1,-0.1,-0.1,-0.1,0.344,0.675,-0.1,-0.1,-0.1,-0.1,0.083,0.679,-0.1,-0.1,-0.1,-0.1,-0.1,-0.1,1.563,0.059,-0.1,-0.1,1.133,0.689,-0.1,-0.1,0.361,0.202
1.718,0.028,-0.1,-0.1,-0.1,-0.1,-0.1,-0.1,0.344,0.675,-0.1,-0.1,-0.1,-0.1,0.084,0.677,-0.1,-0.1,-0.1,-0.1,-0.1,-0.1,1.54,0.068,-0.1,-0.1,1.134,0.689,-0.1,-0.1,0.36,0.202
1.723,0.026,-0.1,-0.1,-0.1,-0.1,-0.1,-0.1,0.345,0.675,-0.1,-0.1,-0.1,-0.1,0.083,0.68,-0.1,-0.1,-0.1,-0.1,-0.1,-0.1,1.529,0.076,-0.1,-0.1,1.133,0.689,-0.1,-0.1,0.362,0.202
1.728,0.034,-0.1,-0.1,-0.1,-0.1,-0.1,-0.1,0.344,0.675,-0.1,-0.1,-0.1,-0.1,0.083,0.679,-0.1,-0.1,-0.1,-0.1,-0.1,-0.1,1.521,0.081,-0.1,-0.1,1.133,0.688,-0.1,-0.1,0.361,0.202
1.732,0.041,-0.1,-0.1,-0.1,-0.1,-0.1,-0.1,0.345,0.675,-0.1,-0.1,-0.1,-0.1,0.084,0.678,-0.1,-0.1,-0.1,-0.1,-0.1,-0.1,1.507,0.087,-0.1,-0.1,1.133,0.689,-0.1,-0.1,0.361,0.202
1.74,0.045,-0.1,-0.1,-0.1,-0.1,-0.1,-0.1,0.345,0.675,-0.1,-0.1,-0.1,-0.1,0.084,0.679,-0.1,-0.1,-0.1,-0.1,-0.1,-0.1,1.492,0.097,-0.1,-0.1,1.134,0.689,-0.1,-0.1,0.361,0.202
1.739,0.055,-0.1,-0.1,-0.1,-0.1,-0.1,-0.1,0.343,0.675,-0.1,-0.1,-0.1,-0.1,0.081,0.678,-0.1,-0.1,-0.1,-0.1,-0.1,-0.1,1.479,0.102,-0.1,-0.1,1.133,0.689,-0.1,-0.1,0.361,0.203
1.742,0.062,-0.1,-0.1,-0.1,-0.1,-0.1,-0.1,0.344,0.675,-0.1,-0.1,-0.1,-0.1,0.084,0.678,-0.1,-0.1,-0.1,-0.1,-0.1,-0.1,1.465,0.107,-0.1,-0.1,1.133,0.689,-0.1,-0.1,0.361,0.202
1.74,0.072,-0.1,-0.1,-0.1,-0.1,-0.1,-0.1,0.344,0.675,-0.1,-0.1,-0.1,-0.1,0.083,0.678,-0.1,-0.1,-0.1,-0.1,-0.1,-0.1,1.451,0.117,-0.1,-0.1,1.133,0.689,-0.1,-0.1,0.361,0.202
1.742,0.08,-0.1,-0.1,-0.1,-0.1,-0.1,-0.1,0.344,0.675,-0.1,-0.1,-0.1,-0.1,0.082,0.679,-0.1,-0.1,-0.1,-0.1,-0.1,-0.1,1.434,0.126,-0.1,-0.1,1.133,0.689,-0.1,-0.1,0.361,0.202
1.746,0.086,-0.1,-0.1,-0.1,-0.1,-0.1,-0.1,0.343,0.676,-0.1,-0.1,-0.1,-0.1,0.082,0.677,-0.1,-0.1,-0.1,-0.1,-0.1,-0.1,1.421,0.13,-0.1,-0.1,1.133,0.689,-0.1,-0.1,0.36,0.203
1.742,0.096,-0.1,-0.1,-0.1,-0.1,-0.1,-0.1,0.344,0.675,-0.1,-0.1,-0.1,-0.1,0.082,0.677,-0.1,-0.1,-0.1,-0.1,-0.1,-0.1,1.411,0.138,-0.1,-0.1,1.134,0.689,-0.1,-0.1,0.361,0.202
1.741,0.105,-0.1,-0.1,-0.1,-0.1,-0.1,-0.1,0.345,0.676,-0.1,-0.1,-0.1,-0.1,0.084,0.678,-0.1,-0.1,-0.1,-0.1,-0.1,-0.1,1.397,0.144,-0.1,-0.1,1.134,0.689,-0.1,-0.1,0.361,0.202
1.747,0.11,-0.1,-0.1,-0.1,-0.1,-0.1,-0.1,0.345,0.675,-0.1,-0.1,-0.1,-0.1,0.082,0.677,-0.1,-0.1,-0.1,-0.1,-0.1,-0.1,1.38,0.154,-0.1,-0.1,1.134,0.689,-0.1,-0.1,0.361,0.202
1.75,0.119,-0.1,-0.1,-0.1,-0.1,-0.1,-0.1,0.344,0.675,-0.1,-0.1,-0.1,-0.1,0.083,0.678,-0.1,-0.1,-0.1,-0.1,-0.1,-0.1,1.369,0.157,-0.1,-0.1,1.133,0.689,-0.1,-0.1,0.362,0.202
1.748,0.126,-0.1,-0.1,-0.1,-0.1,-0.1,-0.1,0.345,0.675,-0.1,-0.1,-0.1,-0.1,0.081,0.679,-0.1,-0.1,-0.1,-0.1,-0.1,-0.1,1.359,0.165,-0.1,-0.1,1.133,0.689,-0.1,-0.1,0.361,0.202
1.748,0.134,-0.1,-0.1,-0.1,-0.1,-0.1,-0.1,0.345,0.674,-0.1,-0.1,-0.1,-0.1,0.083,0.679,-0.1,-0.1,-0.1,-0.1,-0.1,-0.1,1.342,0.174,-0.1,-0.1,1.134,0.689,-0.1,-0.1,0.361,0.203
1.756,0.14,-0.1,-0.1,-0.1,-0.1,-0.1,-0.1,0.344,0.675,-0.1,-0.1,-0.1,-0.1,0.082,0.678,-0.1,-0.1,-0.1,-0.1,-0.1,-0.1,1.332,0.178,-0.1,-0.1,1.134,0.688,-0.1,-0.1,0.362,0.202
1.752,0.148,-0.1,-0.1,-0.1,-0.1,-0.1,-0.1,0.344,0.676,-0.1,-0.1,-0.1,-0.1,0.082,0.678,-0.1,-0.1,-0.1,-0.1,-0.1,-0.1,1.316,0.187,-0.1,-0.1,1.133,0.689,-0.1,-0.1,0.362,0.202
1.753,0.156,-0.1,-0.1,-0.1,-0.1,-0.1,-0.1,0.344,0.676,-0.1,-0.1,-0.1,-0.1,0.084,0.678,-0.1,-0.1,-0.1,-0.1,-0.1,-0.1,1.302,0.194,-0.1,-0.1,1.133,0.688,-0.1,-0.1,0.36,0.202
1.759,0.161,-0.1,-0.1,-0.1,-0.1,-0.1,-0.1,0.345,0.675,-0.1,-0.1,-0.1,-0.1,0.081,0.679,-0.1,-0.1,-0.1,-0.1,-0.1,-0.1,1.292,0.201,-0.1,-0.1,1.134,0.689,-0.1,-0.1,0.361,0.202
1.76,0.168,-0.1,-0.1,-0.1,-0.1,-0.1,-0.1,0.344,0.676,-0.1,-0.1,-0.1,-0.1,0.084,0.677,-0.1,-0.1,-0.1,-0.1,-0.1,-0.1,1.276,0.211,-0.1,-0.1,1.133,0.688,-0.1,-0.1,0.362,0.203
1.769,0.171,-0.1,-0.1,-0.1,-0.1,-0.1,-0.1,0.344,0.674,-0.1,-0.1,-0.1,-0.1,0.084,0.678,-0.1,-0.1,-0.1,-0.1,-0.1,-0.1,1.266,0.215,-0.1,-0.1,1.134,0.688,-0.1,-0.1,0.361,0.203
1.774,0.177,-0.1,-0.1,-0.1,-0.1,-0.1,-0.1,0.344,0.675,-0.1,-0.1,-0.1,-0.1,0.08,0.679,-0.1,-0.1,-0.1,-0.1,-0.1,-0.1,1.251,0.22,-0.1,-0.1,1.134,0.688,-0.1,-0.1,0.361,0.203
1.768,0.188,-0.1,-0.1,-0.1,-0.1,-0.1,-0.1,0.344,0.676,-0.1,-0.1,-0.1,-0.1,0.083,0.678,-0.1,-0.1,-0.1,-0.1,-0.1,-0.1,1.239,0.227,-0.1,-0.1,1.134,0.688,-0.1,-0.1,0.362,0.204
1.774,0.192,-0.1,-0.1,-0.1,-0.1,-0.1,-0.1,0.345,0.674,-0.1,-0.1,-0.1,-0.1,0.081,0.679,-0.1,-0.1,-0.1,-0.1,-0.1,-0.1,1.222,0.236,-0.1,-0.1,1.134,0.688,-0.1,-0.1,0.361,0.204
1.768,0.201,-0.1,-0.1,-0.1,-0.1,-0.1,-0.1,0.345,0.674,-0.1,-0.1,-0.1,-0.1,0.082,0.679,-0.1,-0.1,-0.1,-0.1,-0.1,-0.1,1.216,0.243,-0.1,-0.1,1.134,0.689,-0.1,-0.1,0.362,0.202
1.771,0.207,-0.1,-0.1,-0.1,-0.1,-0.1,-0.1,0.344,0.675,-0.1,-0.1,-0.1,-0.1,0.081,0.678,-0.1,-0.1,-0.1,-0.1,-0.1,-0.1,1.202,0.249,-0.1,-0.1,1.134,0.689,-0.1,-0.1,0.362,0.203
1.772,0.211,-0.1,-0.1,-0.1,-0.1,-0.1,-0.1,0.344,0.675,-0.1,-0.1,-0.1,-0.1,0.085,0.677,-0.1,-0.1,-0.1,-0.1,-0.1,-0.1,1.19,0.254,-0.1,-0.1,1.133,0.689,-0.1,-0.1,0.362,0.204
1.768,0.221,-0.1,-0.1,-0.1,-0.1,-0.1,-0.1,0.343,0.676,-0.1,-0.1,-0.1,-0.1,0.083,0.678,-0.1,-0.1,-0.1,-0.1,-0.1,-0.1,1.182,0.259,-0.1,-0.1,1.133,0.689,-0.1,-0.1,0.362,0.203
1.773,0.226,-0.1,-0.1,-0.1,-0.1,-0.1,-0.1,0.345,0.675,-0.1,-0.1,-0.1,-0.1,0.083,0.679,-0.1,-0.1,-0.1,-0.1,-0.1,-0.1,1.166,0.267,-0.1,-0.1,1.133,0.689,-0.1,-0.1,0.361,0.203
1.78,0.232,-0.1,-0.1,-0.1,-0.1,-0.1,-0.1,0.344,0.676,-0.1,-0.1,-0.1,-0.1,0.083,0.678,-0.1,-0.1,-0.1,-0.1,-0.1,-0.1,1.153,0.276,-0.1,-0.1,1.134,0.689,-0.1,-0.1,0.361,0.203
1.778,0.236,-0.1,-0.1,-0.1,-0.1,-0.1,-0.1,0.344,0.676,-0.1,-0.1,-0.1,-0.1,0.081,0.678,-0.1,-0.1,-0.1,-0.1,-0.1,-0.1,1.144,0.281,-0.1,-0.1,1.134,0.689,-0.1,-0.1,0.361,0.203
1.779,0.246,-0.1,-0.1,-0.1,-0.1,-0.1,-0.1,0.343,0.676,-0.1,-0.1,-0.1,-0.1,0.081,0.679,-0.1,-0.1,-0.1,-0.1,-0.1,-0.1,1.13,0.286,-0.1,-0.1,1.133,0.689,-0.1,-0.1,0.361,0.204
1.776,0.25,-0.1,-0.1,-0.1,-0.1,-0.1,-0.1,0.345,0.675,-0.1,-0.1,-0.1,-0.1,0.084,0.678,-0.1,-0.1,-0.1,-0.1,-0.1,-0.1,1.12,0.294,-0.1,-0.1,1.133,0.689,-0.1,-0.1,0.362,0.203
1.788,0.25,-0.1,-0.1,-0.1,-0.1,-0.1,-0.1,0.344,0.676,-0.1,-0.1,-0.1,-0.1,0.08,0.679,-0.1,-0.1,-0.1,-0.1,-0.1,-0.1,1.099,0.301,-0.1,-0.1,1.133,0.689,-0.1,-0.1,0.361,0.202
1.778,0.263,-0.1,-0.1,-0.1,-0.1,-0.1,-0.1,0.344,0.676,-0.1,-0.1,-0.1,-0.1,0.081,0.678,-0.1,-0.1,-0.1,-0.1,-0.1,-0.1,1.096,0.307,-0.1,-0.1,1.134,0.689,-0.1,-0.1,0.361,0.203
1.782,0.268,-0.1,-0.1,-0.1,-0.1,-0.1,-0.1,0.344,0.675,-0.1,-0.1,-0.1,-0.1,0.083,0.679,-0.1,-0.1,-0.1,-0.1,-0.1,-0.1,1.082,0.312,-0.1,-0.1,1.133,0.689,-0.1,-0.1,0.361,0.203
1.784,0.274,-0.1,-0.1,-0.1,-0.1,-0.1,-0.1,0.344,0.675,-0.1,-0.1,-0.1,-0.1,0.084,0.678,-0.1,-0.1,-0.1,-0.1,-0.1,-0.1,1.073,0.319,-0.1,-0.1,1.133,0.689,-0.1,-0.1,0.362,0.203
1.784,0.281,-0.1,-0.1,-0.1,-0.1,-0.1,-0.1,0.345,0.675,-0.1,-0.1,-0.1,-0.1,0.083,0.678,-0.1,-0.1,-0.1,-0.1,-0.1,-0.1,1.062,0.325,-0.1,-0.1,1.133,0.689,-0.1,-0.1,0.361,0.202
1.785,0.285,-0.1,-0.1,-0.1,-0.1,-0.1,-0.1,0.344,0.675,-0.1,-0.1,-0.1,-0.1,0.083,0.678,-0.1,-0.1,-0.1,-0.1,-0.1,-0.1,1.051,0.332,-0.1,-0.1,1.134,0.689,-0.1,-0.1,0.361,0.203
1.783,0.291,-0.1,-0.1,-0.1,-0.1,-0.1,-0.1,0.344,0.675,-0.1,-0.1,-0.1,-0.1,0.083,0.68,-0.1,-0.1,-0.1,-0.1,-0.1,-0.1,1.04,0.339,-0.1,-0.1,1.133,0.689,-0.1,-0.1,0.361,0.204
1.796,0.293,-0.1,-0.1,-0.1,-0.1,-0.1,-0.1,0.344,0.675,-0.1,-0.1,-0.1,-0.1,0.082,0.679,-0.1,-0.1,-0.1,-0.1,-0.1,-0.1,1.03,0.341,-0.1,-0.1,1.133,0.689,-0.1,-0.1,0.361,0.203
1.791,0.299,-0.1,-0.1,-0.1,-0.1,-0.1,-0.1,0.343,0.676,-0.1,-0.1,-0.1,-0.1,0.082,0.678,-0.1,-0.1,-0.1,-0.1,-0.1,-0.1,1.019,0.347,-0.1,-0.1,1.133,0.689,-0.1,-0.1,0.361,0.203
1.8,0.303,-0.1,-0.1,-0.1,-0.1,-0.1,-0.1,0.344,0.675,-0.1,-0.1,-0.1,-0.1,0.081,0.678,-0.1,-0.1,-0.1,-0.1,-0.1,-0.1,1.005,0.356,-0.1,-0.1,1.134,0.689,-0.1,-0.1,0.361,0.202
1.788,0.313,-0.1,-0.1,-0.1,-0.1,-0.1,-0.1,0.344,0.675,-0.1,-0.1,-0.1,-0.1,0.085,0.677,-0.1,-0.1,-0.1,-0.1,-0.1,-0.1,0.996,0.362,-0.1,-0.1,1.133,0.689,-0.1,-0.1,0.361,0.204
1.788,0.317,-0.1,-0.1,-0.1,-0.1,-0.1,-0.1,0.344,0.675,-0.1,-0.1,-0.1,-0.1,0.083,0.679,-0.1,-0.1,-0.1,-0.1,-0.1,-0.1,0.983,0.369,-0.1,-0.1,1.133,0.688,-0.1,-0.1,0.361,0.204
1.792,0.322,-0.1,-0.1,-0.1,-0.1,-0.1,-0.1,0.344,0.675,-0.1,-0.1,-0.1,-0.1,0.083,0.679,-0.1,-0.1,-0.1,-0.1,-0.1,-0.1,0.974,0.374,-0.1,-0.1,1.134,0.688,-0.1,-0.1,0.362,0.202
1.79,0.327,-0.1,-0.1,-0.1,-0.1,-0.1,-0.1,0.344,0.675,-0.1,-0.1,-0.1,-0.1,0.082,0.68,-0.1,-0.1,-0.1,-0.1,-0.1,-0.1,0.962,0.38,-0.1,-0.1,1.134,0.69,-0.1,-0.1,0.36,0.203
1.791,0.333,-0.1,-0.1,-0.1,-0.1,-0.1,-0.1,0.345,0.675,-0.1,-0.1,-0.1,-0.1,0.082,0.679,-0.1,-0.1,-0.1,-0.1,-0.1,-0.1,0.955,0.387,-0.1,-0.1,1.133,0.689,-0.1,-0.1,0.36,0.202
1.795,0.337,-0.1,-0.1,-0.1,-0.1,-0.1,-0.1,0.345,0.675,-0.1,-0.1,-0.1,-0.1,0.083,0.679,-0.1,-0.1,-0.1,-0.1,-0.1,-0.1,0.944,0.39,-0.1,-0.1,1.133,0.688,-0.1,-0.1,0.361,0.202
1.797,0.341,-0.1,-0.1,-0.1,-0.1,-0.1,-0.1,0.344,0.675,-0.1,-0.1,-0.1,-0.1,0.083,0.678,-0.1,-0.1,-0.1,-0.1,-0.1,-0.1,0.933,0.4,-0.1,-0.1,1.133,0.689,-0.1,-0.1,0.361,0.202
1.8,0.346,-0.1,-0.1,-0.1,-0.1,-0.1,-0.1,0.344,0.675,-0.1,-0.1,-0.1,-0.1,0.083,0.678,-0.1,-0.1,-0.1,-0.1,-0.1,-0.1,0.923,0.403,-0.1,-0.1,1.134,0.689,-0.1,-0.1,0.361,0.203
1.799,0.35,-0.1,-0.1,-0.1,-0.1,-0.1,-0.1,0.345,0.675,-0.1,-0.1,-0.1,-0.1,0.084,0.679,-0.1,-0.1,-0.1,-0.1,-0.1,-0.1,0.911,0.409,-0.1,-0.1,1.135,0.689,-0.1,-0.1,0.361,0.202
1.811,0.355,-0.1,-0.1,-0.1,-0.1,-0.1,-0.1,0.344,0.675,-0.1,-0.1,-0.1,-0.1,0.084,0.678,-0.1,-0.1,-0.1,-0.1,-0.1,-0.1,0.903,0.414,-0.1,-0.1,1.133,0.689,-0.1,-0.1,0.361,0.202
1.803,0.358,-0.1,-0.1,-0.1,-0.1,-0.1,-0.1,0.343,0.676,-0.1,-0.1,-0.1,-0.1,0.084,0.678,-0.1,-0.1,-0.1,-0.1,-0.1,-0.1,0.894,0.418,-0.1,-0.1,1.134,0.689,-0.1,-0.1,0.361,0.202
1.798,0.364,-0.1,-0.1,-0.1,-0.1,-0.1,-0.1,0.344,0.676,-0.1,-0.1,-0.1,-0.1,0.083,0.68,-0.1,-0.1,-0.1,-0.1,-0.1,-0.1,0.882,0.425,-0.1,-0.1,1.134,0.689,-0.1,-0.1,0.361,0.203
1.805,0.366,-0.1,-0.1,-0.1,-0.1,-0.1,-0.1,0.343,0.676,-0.1,-0.1,-0.1,-0.1,0.084,0.679,-0.1,-0.1,-0.1,-0.1,-0.1,-0.1,0.872,0.43,-0.1,-0.1,1.134,0.689,-0.1,-0.1,0.36,0.202
1.81,0.372,-0.1,-0.1,-0.1,-0.1,-0.1,-0.1,0.343,0.676,-0.1,-0.1,-0.1,-0.1,0.083,0.679,-0.1,-0.1,-0.1,-0.1,-0.1,-0.1,0.86,0.437,-0.1,-0.1,1.133,0.689,-0.1,-0.1,0.361,0.202
1.81,0.376,-0.1,-0.1,-0.1,-0.1,-0.1,-0.1,0.343,0.676,-0.1,-0.1,-0.1,-0.1,0.083,0.679,-0.1,-0.1,-0.1,-0.1,-0.1,-0.1,0.853,0.442,-0.1,-0.1,1.133,0.689,-0.1,-0.1,0.361,0.202
1.809,0.38,-0.1,-0.1,-0.1,-0.1,-0.1,-0.1,0.344,0.675,-0.1,-0.1,-0.1,-0.1,0.083,0.679,-0.1,-0.1,-0.1,-0.1,-0.1,-0.1,0.841,0.448,-0.1,-0.1,1.134,0.689,-0.1,-0.1,0.361,0.202
1.811,0.385,-0.1,-0.1,-0.1,-0.1,-0.1,-0.1,0.345,0.675,-0.1,-0.1,-0.1,-0.1,0.083,0.678,-0.1,-0.1,-0.1,-0.1,-0.1,-0.1,0.832,0.452,-0.1,-0.1,1.134,0.689,-0.1,-0.1,0.362,0.202
1.805,0.389,-0.1,-0.1,-0.1,-0.1,-0.1,-0.1,0.345,0.674,-0.1,-0.1,-0.1,-0.1,0.081,0.679,-0.1,-0.1,-0.1,-0.1,-0.1,-0.1,0.824,0.457,-0.1,-0.1,1.134,0.689,-0.1,-0.1,0.361,0.201
1.809,0.393,-0.1,-0.1,-0.1,-0.1,-0.1,-0.1,0.344,0.676,-0.1,-0.1,-0.1,-0.1,0.082,0.679,-0.1,-0.1,-0.1,-0.1,-0.1,-0.1,0.813,0.463,-0.1,-0.1,1.133,0.689,-0.1,-0.1,0.361,0.202
1.807,0.396,-0.1,-0.1,-0.1,-0.1,-0.1,-0.1,0.344,0.674,-0.1,-0.1,-0.1,-0.1,0.083,0.68,-0.1,-0.1,-0.1,-0.1,-0.1,-0.1,0.803,0.468,-0.1,-0.1,1.133,0.689,-0.1,-0.1,0.361,0.202
1.808,0.4,-0.1,-0.1,-0.1,-0.1,-0.1,-0.1,0.344,0.675,-0.1,-0.1,-0.1,-0.1,0.084,0.678,-0.1,-0.1,-0.1,-0.1,-0.1,-0.1,0.795,0.474,-0.1,-0.1,1.134,0.689,-0.1,-0.1,0.363,0.203
1.807,0.405,-0.1,-0.1,-0.1,-0.1,-0.1,-0.1,0.343,0.674,-0.1,-0.1,-0.1,-0.1,0.083,0.679,-0.1,-0.1,-0.1,-0.1,-0.1,-0.1,0.784,0.48,-0.1,-0.1,1.133,0.689,-0.1,-0.1,0.36,0.203
1.809,0.408,-0.1,-0.1,-0.1,-0.1,-0.1,-0.1,0.344,0.675,-0.1,-0.1,-0.1,-0.1,0.083,0.679,-0.1,-0.1,-0.1,-0.1,-0.1,-0.1,0.775,0.485,-0.1,-0.1,1.133,0.69,-0.1,-0.1,0.361,0.203
1.812,0.412,-0.1,-0.1,-0.1,-0.1,-0.1,-0.1,0.344,0.676,-0.1,-0.1,-0.1,-0.1,0.083,0.68,-0.1,-0.1,-0.1,-0.1,-0.1,-0.1,0.767,0.49,-0.1,-0.1,1.133,0.689,-0.1,-0.1,0.361,0.202
1.804,0.414,-0.1,-0.1,-0.1,-0.1,-0.1,-0.1,0.343,0.675,-0.1,-0.1,-0.1,-0.1,0.083,0.677,-0.1,-0.1,-0.1,-0.1,-0.1,-0.1,0.758,0.495,-0.1,-0.1,1.133,0.689,-0.1,-0.1,0.36,0.203
1.812,0.417,-0.1,-0.1,-0.1,-0.1,-0.1,-0.1,0.343,0.675,-0.1,-0.1,-0.1,-0.1,0.081,0.679,-0.1,-0.1,-0.1,-0.1,-0.1,-0.1,0.745,0.499,-0.1,-0.1,1.133,0.689,-0.1,-0.1,0.36,0.203
1.819,0.418,-0.1,-0.1,-0.1,-0.1,-0.1,-0.1,0.343,0.675,-0.1,-0.1,-0.1,-0.1,0.084,0.679,-0.1,-0.1,-0.1,-0.1,-0.1,-0.1,0.734,0.504,-0.1,-0.1,1.134,0.689,-0.1,-0.1,0.361,0.202
1.812,0.424,-0.1,-0.1,-0.1,-0.1,-0.1,-0.1,0.344,0.675,-0.1,-0.1,-0.1,-0.1,0.082,0.678,-0.1,-0.1,-0.1,-0.1,-0.1,-0.1,0.731,0.509,-0.1,-0.1,1.133,0.689,-0.1,-0.1,0.36,0.203
1.808,0.428,-0.1,-0.1,-0.1,-0.1,-0.1,-0.1,0.343,0.675,-0.1,-0.1,-0.1,-0.1,0.082,0.677,-0.1,-0.1,-0.1,-0.1,-0.1,-0.1,0.723,0.515,-0.1,-0.1,1.133,0.689,-0.1,-0.1,0.36,0.203
1.826,0.429,-0.1,-0.1,-0.1,-0.1,-0.1,-0.1,0.344,0.674,-0.1,-0.1,-0.1,-0.1,0.083,0.679,-0.1,-0.1,-0.1,-0.1,-0.1,-0.1,0.71,0.52,-0.1,-0.1,1.133,0.689,-0.1,-0.1,0.361,0.202
1.814,0.433,-0.1,-0.1,-0.1,-0.1,-0.1,-0.1,0.343,0.676,-0.1,-0.1,-0.1,-0.1,0.083,0.678,-0.1,-0.1,-0.1,-0.1,-0.1,-0.1,0.702,0.524,-0.1,-0.1,1.133,0.689,-0.1,-0.1,0.362,0.203
1.823,0.436,-0.1,-0.1,-0.1,-0.1,-0.1,-0.1,0.344,0.676,-0.1,-0.1,-0.1,-0.1,0.083,0.678,-0.1,-0.1,-0.1,-0.1,-0.1,-0.1,0.692,0.53,-0.1,-0.1,1.133,0.689,-0.1,-0.1,0.363,0.203
1.813,0.44,-0.1,-0.1,-0.1,-0.1,-0.1,-0.1,0.343,0.676,-0.1,-0.1,-0.1,-0.1,0.084,0.677,-0.1,-0.1,-0.1,-0.1,-0.1,-0.1,0.686,0.534,-0.1,-0.1,1.133,0.689,-0.1,-0.1,0.362,0.203
1.825,0.442,-0.1,-0.1,-0.1,-0.1,-0.1,-0.1,0.342,0.675,-0.1,-0.1,-0.1,-0.1,0.082,0.68,-0.1,-0.1,-0.1,-0.1,-0.1,-0.1,0.677,0.539,-0.1,-0.1,1.134,0.689,-0.1,-0.1,0.361,0.204
1.814,0.446,-0.1,-0.1,-0.1,-0.1,-0.1,-0.1,0.343,0.675,-0.1,-0.1,-0.1,-0.1,0.082,0.68,-0.1,-0.1,-0.1,-0.1,-0.1,-0.1,0.668,0.543,-0.1,-0.1,1.134,0.689,-0.1,-0.1,0.362,0.203
1.826,0.446,-0.1,-0.1,-0.1,-0.1,-0.1,-0.1,0.342,0.676,-0.1,-0.1,-0.1,-0.1,0.082,0.677,-0.1,-0.1,-0.1,-0.1,-0.1,-0.1,0.658,0.549,-0.1,-0.1,1.133,0.689,-0.1,-0.1,0.361,0.203
1.814,0.452,-0.1,-0.1,-0.1,-0.1,-0.1,-0.1,0.344,0.676,-0.1,-0.1,-0.1,-0.1,0.083,0.679,-0.1,-0.1,-0.1,-0.1,-0.1,-0.1,0.651,0.554,-0.1,-0.1,1.133,0.689,-0.1,-0.1,0.36,0.203
1.816,0.453,-0.1,-0.1,-0.1,-0.1,-0.1,-0.1,0.343,0.676,-0.1,-0.1,-0.1,-0.1,0.084,0.678,-0.1,-0.1,-0.1,-0.1,-0.1,-0.1,0.642,0.559,-0.1,-0.1,1.133,0.689,-0.1,-0.1,0.361,0.203
1.815,0.456,-0.1,-0.1,-0.1,-0.1,-0.1,-0.1,0.345,0.675,-0.1,-0.1,-0.1,-0.1,0.084,0.679,-0.1,-0.1,-0.1,-0.1,-0.1,-0.1,0.634,0.564,-0.1,-0.1,1.134,0.689,-0.1,-0.1,0.36,0.203
1.825,0.457,-0.1,-0.1,-0.1,-0.1,-0.1,-0.1,0.342,0.675,-0.1,-0.1,-0.1,-0.1,0.083,0.68,-0.1,-0.1,-0.1,-0.1,-0.1,-0.1,0.626,0.567,-0.1,-0.1,1.134,0.689,-0.1,-0.1,0.36,0.203
1.815,0.46,-0.1,-0.1,-0.1,-0.1,-0.1,-0.1,0.343,0.676,-0.1,-0.1,-0.1,-0.1,0.083,0.679,-0.1,-0.1,-0.1,-0.1,-0.1,-0.1,0.619,0.572,-0.1,-0.1,1.134,0.689,-0.1,-0.1,0.362,0.202
1.815,0.464,-0.1,-0.1,-0.1,-0.1,-0.1,-0.1,0.343,0.676,-0.1,-0.1,-0.1,-0.1,0.084,0.678,-0.1,-0.1,-0.1,-0.1,-0.1,-0.1,0.612,0.577,-0.1,-0.1,1.134,0.689,-0.1,-0.1,0.361,0.203
1.819,0.464,-0.1,-0.1,-0.1,-0.1,-0.1,-0.1,0.343,0.676,-0.1,-0.1,-0.1,-0.1,0.083,0.68,-0.1,-0.1,-0.1,-0.1,-0.1,-0.1,0.605,0.58,-0.1,-0.1,1.134,0.689,-0.1,-0.1,0.361,0.202
1.814,0.465,-0.1,-0.1,-0.1,-0.1,-0.1,-0.1,0.342,0.676,-0.1,-0.1,-0.1,-0.1,0.083,0.678,-0.1,-0.1,-0.1,-0.1,-0.1,-0.1,0.597,0.584,-0.1,-0.1,1.134,0.689,-0.1,-0.1,0.362,0.202
1.816,0.469,-0.1,-0.1,-0.1,-0.1,-0.1,-0.1,0.342,0.676,-0.1,-0.1,-0.1,-0.1,0.083,0.678,-0.1,-0.1,-0.1,-0.1,-0.1,-0.1,0.589,0.59,-0.1,-0.1,1.133,0.689,-0.1,-0.1,0.361,0.202
1.831,0.47,-0.1,-0.1,-0.1,-0.1,-0.1,-0.1,0.345,0.674,-0.1,-0.1,-0.1,-0.1,0.083,0.678,-0.1,-0.1,-0.1,-0.1,-0.1,-0.1,0.578,0.594,-0.1,-0.1,1.134,0.688,-0.1,-0.1,0.363,0.203
1.824,0.473,-0.1,-0.1,-0.1,-0.1,-0.1,-0.1,0.344,0.674,-0.1,-0.1,-0.1,-0.1,0.084,0.678,-0.1,-0.1,-0.1,-0.1,-0.1,-0.1,0.571,0.599,-0.1,-0.1,1.134,0.689,-0.1,-0.1,0.361,0.203
1.824,0.475,-0.1,-0.1,-0.1,-0.1,-0.1,-0.1,0.344,0.675,-0.1,-0.1,-0.1,-0.1,0.083,0.677,-0.1,-0.1,-0.1,-0.1,-0.1,-0.1,0.565,0.603,-0.1,-0.1,1.134,0.689,-0.1,-0.1,0.361,0.203
1.817,0.476,-0.1,-0.1,-0.1,-0.1,-0.1,-0.1,0.343,0.676,-0.1,-0.1,-0.1,-0.1,0.083,0.678,-0.1,-0.1,-0.1,-0.1,-0.1,-0.1,0.557,0.605,-0.1,-0.1,1.133,0.689,-0.1,-0.1,0.363,0.203
1.812,0.477,-0.1,-0.1,-0.1,-0.1,-0.1,-0.1,0.344,0.675,-0.1,-0.1,-0.1,-0.1,0.083,0.676,-0.1,-0.1,-0.1,-0.1,-0.1,-0.1,0.549,0.611,-0.1,-0.1,1.133,0.689,-0.1,-0.1,0.362,0.203
1.821,0.477,-0.1,-0.1,-0.1,-0.1,-0.1,-0.1,0.344,0.675,-0.1,-0.1,-0.1,-0.1,0.084,0.68,-0.1,-0.1,-0.1,-0.1,-0.1,-0.1,0.541,0.616,-0.1,-0.1,1.134,0.689,-0.1,-0.1,0.362,0.203
1.818,0.481,-0.1,-0.1,-0.1,-0.1,-0.1,-0.1,0.344,0.676,-0.1,-0.1,-0.1,-0.1,0.084,0.679,-0.1,-0.1,-0.1,-0.1,-0.1,-0.1,0.534,0.62,-0.1,-0.1,1.133,0.69,-0.1,-0.1,0.362,0.203
1.817,0.481,-0.1,-0.1,-0.1,-0.1,-0.1,-0.1,0.344,0.675,-0.1,-0.1,-0.1,-0.1,0.083,0.678,-0.1,-0.1,-0.1,-0.1,-0.1,-0.1,0.525,0.623,-0.1,-0.1,1.134,0.689,-0.1,-0.1,0.362,0.203
1.817,0.484,-0.1,-0.1,-0.1,-0.1,-0.1,-0.1,0.344,0.676,-0.1,-0.1,-0.1,-0.1,0.083,0.678,-0.1,-0.1,-0.1,-0.1,-0.1,-0.1,0.52,0.627,-0.1,-0.1,1.133,0.689,-0.1,-0.1,0.361,0.203
1.829,0.485,-0.1,-0.1,-0.1,-0.1,-0.1,-0.1,0.344,0.676,-0.1,-0.1,-0.1,-0.1,0.083,0.68,-0.1,-0.1,-0.1,-0.1,-0.1,-0.1,0.512,0.631,-0.1,-0.1,1.133,0.689,-0.1,-0.1,0.361,0.203
1.819,0.486,-0.1,-0.1,-0.1,-0.1,-0.1,-0.1,0.343,0.676,-0.1,-0.1,-0.1,-0.1,0.083,0.68,-0.1,-0.1,-0.1,-0.1,-0.1,-0.1,0.503,0.636,-0.1,-0.1,1.133,0.689,-0.1,-0.1,0.362,0.203
1.824,0.486,-0.1,-0.1,-0.1,-0.1,-0.1,-0.1,0.344,0.675,-0.1,-0.1,-0.1,-0.1,0.083,0.678,-0.1,-0.1,-0.1,-0.1,-0.1,-0.1,0.496,0.64,-0.1,-0.1,1.134,0.69,-0.1,-0.1,0.363,0.203
1.82,0.489,-0.1,-0.1,-0.1,-0.1,-0.1,-0.1,0.344,0.675,-0.1,-0.1,-0.1,-0.1,0.083,0.679,-0.1,-0.1,-0.1,-0.1,-0.1,-0.1,0.492,0.644,-0.1,-0.1,1.133,0.689,-0.1,-0.1,0.362,0.203
1.819,0.488,-0.1,-0.1,-0.1,-0.1,-0.1,-0.1,0.344,0.675,-0.1,-0.1,-0.1,-0.1,0.083,0.679,-0.1,-0.1,-0.1,-0.1,-0.1,-0.1,0.484,0.647,-0.1,-0.1,1.133,0.69,-0.1,-0.1,0.363,0.203
1.818,0.489,-0.1,-0.1,-0.1,-0.1,-0.1,-0.1,0.343,0.676,-0.1,-0.1,-0.1,-0.1,0.082,0.68,-0.1,-0.1,-0.1,-0.1,-0.1,-0.1,0.476,0.652,-0.1,-0.1,1.133,0.689,-0.1,-0.1,0.362,0.203
1.824,0.489,-0.1,-0.1,-0.1,-0.1,-0.1,-0.1,0.345,0.675,-0.1,-0.1,-0.1,-0.1,0.083,0.68,-0.1,-0.1,-0.1,-0.1,-0.1,-0.1,0.472,0.655,-0.1,-0.1,1.133,0.689,-0.1,-0.1,0.362,0.203
1.832,0.49,-0.1,-0.1,-0.1,-0.1,-0.1,-0.1,0.345,0.676,-0.1,-0.1,-0.1,-0.1,0.082,0.678,-0.1,-0.1,-0.1,-0.1,-0.1,-0.1,0.463,0.659,-0.1,-0.1,1.133,0.689,-0.1,-0.1,0.362,0.204
1.828,0.491,-0.1,-0.1,-0.1,-0.1,-0.1,-0.1,0.343,0.676,-0.1,-0.1,-0.1,-0.1,0.082,0.678,-0.1,-0.1,-0.1,-0.1,-0.1,-0.1,0.454,0.663,-0.1,-0.1,1.133,0.689,-0.1,-0.1,0.362,0.204
1.831,0.491,-0.1,-0.1,-0.1,-0.1,-0.1,-0.1,0.345,0.676,-0.1,-0.1,-0.1,-0.1,0.082,0.68,-0.1,-0.1,-0.1,-0.1,-0.1,-0.1,0.447,0.668,-0.1,-0.1,1.134,0.689,-0.1,-0.1,0.361,0.203
1.827,0.492,-0.1,-0.1,-0.1,-0.1,-0.1,-0.1,0.345,0.676,-0.1,-0.1,-0.1,-0.1,0.083,0.679,-0.1,-0.1,-0.1,-0.1,-0.1,-0.1,0.439,0.672,-0.1,-0.1,1.133,0.69,-0.1,-0.1,0.361,0.204
1.821,0.492,-0.1,-0.1,-0.1,-0.1,-0.1,-0.1,0.344,0.675,-0.1,-0.1,-0.1,-0.1,0.083,0.679,-0.1,-0.1,-0.1,-0.1,-0.1,-0.1,0.432,0.675,-0.1,-0.1,1.133,0.689,-0.1,-0.1,0.361,0.202
1.82,0.494,-0.1,-0.1,-0.1,-0.1,-0.1,-0.1,0.343,0.676,-0.1,-0.1,-0.1,-0.1,0.083,0.679,-0.1,-0.1,-0.1,-0.1,-0.1,-0.1,0.428,0.679,-0.1,-0.1,1.132,0.689,-0.1,-0.1,0.362,0.203
1.818,0.494,-0.1,-0.1,-0.1,-0.1,-0.1,-0.1,0.344,0.676,-0.1,-0.1,-0.1,-0.1,0.082,0.679,-0.1,-0.1,-0.1,-0.1,-0.1,-0.1,0.423,0.681,-0.1,-0.1,1.134,0.688,-0.1,-0.1,0.361,0.203
1.83,0.494,-0.1,-0.1,-0.1,-0.1,-0.1,-0.1,0.343,0.676,-0.1,-0.1,-0.1,-0.1,0.082,0.678,-0.1,-0.1,-0.1,-0.1,-0.1,-0.1,0.417,0.683,-0.1,-0.1,1.133,0.689,-0.1,-0.1,0.361,0.203
1.828,0.494,-0.1,-0.1,-0.1,-0.1,-0.1,-0.1,0.343,0.676,-0.1,-0.1,-0.1,-0.1,0.083,0.68,-0.1,-0.1,-0.1,-0.1,-0.1,-0.1,0.408,0.69,-0.1,-0.1,1.133,0.689,-0.1,-0.1,0.361,0.203
1.828,0.492,-0.1,-0.1,-0.1,-0.1,-0.1,-0.1,0.344,0.676,-0.1,-0.1,-0.1,-0.1,0.082,0.68,-0.1,-0.1,-0.1,-0.1,-0.1,-0.1,0.407,0.693,-0.1,-0.1,1.133,0.69,-0.1,-0.1,0.361,0.204
1.82,0.495,-0.1,-0.1,-0.1,-0.1,-0.1,-0.1,0.345,0.676,-0.1,-0.1,-0.1,-0.1,0.082,0.679,-0.1,-0.1,-0.1,-0.1,-0.1,-0.1,0.399,0.694,-0.1,-0.1,1.133,0.689,-0.1,-0.1,0.362,0.203
1.822,0.493,-0.1,-0.1,-0.1,-0.1,-0.1,-0.1,0.344,0.676,-0.1,-0.1,-0.1,-0.1,0.082,0.679,-0.1,-0.1,-0.1,-0.1,-0.1,-0.1,0.393,0.7,-0.1,-0.1,1.133,0.689,-0.1,-0.1,0.361,0.203
1.828,0.491,-0.1,-0.1,-0.1,-0.1,-0.1,-0.1,0.34,0.674,-0.1,-0.1,-0.1,-0.1,0.083,0.677,-0.1,-0.1,-0.1,-0.1,-0.1,-0.1,0.394,0.704,-0.1,-0.1,1.133,0.69,-0.1,-0.1,0.361,0.203
1.828,0.492,-0.1,-0.1,-0.1,-0.1,-0.1,-0.1,0.339,0.677,-0.1,-0.1,-0.1,-0.1,0.081,0.678,-0.1,-0.1,-0.1,-0.1,-0.1,-0.1,0.388,0.707,-0.1,-0.1,1.134,0.69,-0.1,-0.1,0.361,0.204
1.813,0.494,-0.1,-0.1,-0.1,-0.1,-0.1,-0.1,0.335,0.675,-0.1,-0.1,-0.1,-0.1,0.081,0.678,-0.1,-0.1,-0.1,-0.1,-0.1,-0.1,0.386,0.712,-0.1,-0.1,1.133,0.689,-0.1,-0.1,0.362,0.203
1.814,0.494,-0.1,-0.1,-0.1,-0.1,-0.1,-0.1,0.332,0.674,-0.1,-0.1,-0.1,-0.1,0.082,0.679,-0.1,-0.1,-0.1,-0.1,-0.1,-0.1,0.384,0.716,-0.1,-0.1,1.133,0.69,-0.1,-0.1,0.362,0.203
1.826,0.493,-0.1,-0.1,-0.1,-0.1,-0.1,-0.1,0.331,0.672,-0.1,-0.1,-0.1,-0.1,0.079,0.679,-0.1,-0.1,-0.1,-0.1,-0.1,-0.1,0.381,0.719,-0.1,-0.1,1.133,0.69,-0.1,-0.1,0.362,0.203
1.812,0.495,-0.1,-0.1,-0.1,-0.1,-0.1,-0.1,0.33,0.672,-0.1,-0.1,-0.1,-0.1,0.084,0.678,-0.1,-0.1,-0.1,-0.1,-0.1,-0.1,0.377,0.723,-0.1,-0.1,1.133,0.69,-0.1,-0.1,0.362,0.204
1.816,0.493,-0.1,-0.1,-0.1,-0.1,-0.1,-0.1,0.327,0.675,-0.1,-0.1,-0.1,-0.1,0.083,0.678,-0.1,-0.1,-0.1,-0.1,-0.1,-0.1,0.377,0.727,-0.1,-0.1,1.133,0.689,-0.1,-0.1,0.362,0.203
1.816,0.492,-0.1,-0.1,-0.1,-0.1,-0.1,-0.1,0.321,0.672,-0.1,-0.1,-0.1,-0.1,0.083,0.678,-0.1,-0.1,-0.1,-0.1,-0.1,-0.1,0.372,0.732,-0.1,-0.1,1.134,0.689,-0.1,-0.1,0.362,0.204
1.815,0.491,-0.1,-0.1,-0.1,-0.1,-0.1,-0.1,0.322,0.671,-0.1,-0.1,-0.1,-0.1,0.083,0.678,-0.1,-0.1,-0.1,-0.1,-0.1,-0.1,0.369,0.739,-0.1,-0.1,1.133,0.689,-0.1,-0.1,0.36,0.203
1.829,0.493,-0.1,-0.1,-0.1,-0.1,-0.1,-0.1,0.321,0.672,-0.1,-0.1,-0.1,-0.1,0.083,0.678,-0.1,-0.1,-0.1,-0.1,-0.1,-0.1,0.367,0.741,-0.1,-0.1,1.133,0.69,-0.1,-0.1,0.362,0.203
1.816,0.492,-0.1,-0.1,-0.1,-0.1,-0.1,-0.1,0.316,0.671,-0.1,-0.1,-0.1,-0.1,0.082,0.679,-0.1,-0.1,-0.1,-0.1,-0.1,-0.1,0.367,0.742,-0.1,-0.1,1.134,0.689,-0.1,-0.1,0.361,0.204
1.83,0.492,-0.1,-0.1,-0.1,-0.1,-0.1,-0.1,0.316,0.67,-0.1,-0.1,-0.1,-0.1,0.082,0.679,-0.1,-0.1,-0.1,-0.1,-0.1,-0.1,0.364,0.746,-0.1,-0.1,1.133,0.689,-0.1,-0.1,0.361,0.203
1.828,0.492,-0.1,-0.1,-0.1,-0.1,-0.1,-0.1,0.313,0.671,-0.1,-0.1,-0.1,-0.1,0.082,0.679,-0.1,-0.1,-0.1,-0.1,-0.1,-0.1,0.361,0.752,-0.1,-0.1,1.133,0.69,-0.1,-0.1,0.361,0.203
1.821,0.491,-0.1,-0.1,-0.1,-0.1,-0.1,-0.1,0.317,0.67,-0.1,-0.1,-0.1,-0.1,0.084,0.679,-0.1,-0.1,-0.1,-0.1,-0.1,-0.1,0.36,0.756,-0.1,-0.1,1.133,0.69,-0.1,-0.1,0.362,0.203
1.827,0.492,-0.1,-0.1,-0.1,-0.1,-0.1,-0.1,0.313,0.671,-0.1,-0.1,-0.1,-0.1,0.083,0.678,-0.1,-0.1,-0.1,-0.1,-0.1,-0.1,0.355,0.76,-0.1,-0.1,1.133,0.689,-0.1,-0.1,0.36,0.203
1.822,0.492,-0.1,-0.1,-0.1,-0.1,-0.1,-0.1,0.312,0.672,-0.1,-0.1,-0.1,-0.1,0.082,0.679,-0.1,-0.1,-0.1,-0.1,-0.1,-0.1,0.354,0.763,-0.1,-0.1,1.132,0.689,-0.1,-0.1,0.361,0.204
1.829,0.493,-0.1,-0.1,-0.1,-0.1,-0.1,-0.1,0.308,0.671,-0.1,-0.1,-0.1,-0.1,0.082,0.678,-0.1,-0.1,-0.1,-0.1,-0.1,-0.1,0.353,0.767,-0.1,-0.1,1.133,0.689,-0.1,-0.1,0.361,0.203
1.829,0.493,-0.1,-0.1,-0.1,-0.1,-0.1,-0.1,0.305,0.671,-0.1,-0.1,-0.1,-0.1,0.082,0.679,-0.1,-0.1,-0.1,-0.1,-0.1,-0.1,0.354,0.77,-0.1,-0.1,1.134,0.689,-0.1,-0.1,0.362,0.204
1.824,0.492,-0.1,-0.1,-0.1,-0.1,-0.1,-0.1,0.304,0.672,-0.1,-0.1,-0.1,-0.1,0.079,0.679,-0.1,-0.1,-0.1,-0.1,-0.1,-0.1,0.349,0.769,-0.1,-0.1,1.132,0.689,-0.1,-0.1,0.361,0.205
1.816,0.494,-0.1,-0.1,-0.1,-0.1,-0.1,-0.1,0.302,0.671,-0.1,-0.1,-0.1,-0.1,0.083,0.68,-0.1,-0.1,-0.1,-0.1,-0.1,-0.1,0.348,0.776,-0.1,-0.1,1.133,0.689,-0.1,-0.1,0.361,0.204
1.816,0.495,-0.1,-0.1,-0.1,-0.1,-0.1,-0.1,0.302,0.672,-0.1,-0.1,-0.1,-0.1,0.082,0.679,-0.1,-0.1,-0.1,-0.1,-0.1,-0.1,0.347,0.776,-0.1,-0.1,1.134,0.69,-0.1,-0.1,0.361,0.205
1.829,0.493,-0.1,-0.1,-0.1,-0.1,-0.1,-0.1,0.303,0.671,-0.1,-0.1,-0.1,-0.1,0.08,0.678,-0.1,-0.1,-0.1,-0.1,-0.1,-0.1,0.345,0.783,-0.1,-0.1,1.134,0.688,-0.1,-0.1,0.362,0.204
1.813,0.494,-0.1,-0.1,-0.1,-0.1,-0.1,-0.1,0.302,0.672,-0.1,-0.1,-0.1,-0.1,0.082,0.68,-0.1,-0.1,-0.1,-0.1,-0.1,-0.1,0.346,0.784,-0.1,-0.1,1.133,0.689,-0.1,-0.1,0.362,0.203
1.817,0.495,-0.1,-0.1,-0.1,-0.1,-0.1,-0.1,0.298,0.672,-0.1,-0.1,-0.1,-0.1,0.084,0.678,-0.1,-0.1,-0.1,-0.1,-0.1,-0.1,0.342,0.786,-0.1,-0.1,1.134,0.689,-0.1,-0.1,0.362,0.204
1.813,0.494,-0.1,-0.1,-0.1,-0.1,-0.1,-0.1,0.3,0.672,-0.1,-0.1,-0.1,-0.1,0.083,0.678,-0.1,-0.1,-0.1,-0.1,-0.1,-0.1,0.343,0.79,-0.1,-0.1,1.133,0.689,-0.1,-0.1,0.361,0.203
1.828,0.493,-0.1,-0.1,-0.1,-0.1,-0.1,-0.1,0.299,0.672,-0.1,-0.1,-0.1,-0.1,0.084,0.677,-0.1,-0.1,-0.1,-0.1,-0.1,-0.1,0.34,0.795,-0.1,-0.1,1.133,0.689,-0.1,-0.1,0.361,0.203
1.821,0.493,-0.1,-0.1,-0.1,-0.1,-0.1,-0.1,0.297,0.671,-0.1,-0.1,-0.1,-0.1,0.083,0.678,-0.1,-0.1,-0.1,-0.1,-0.1,-0.1,0.337,0.794,-0.1,-0.1,1.133,0.69,-0.1,-0.1,0.362,0.204
1.82,0.492,-0.1,-0.1,-0.1,-0.1,-0.1,-0.1,0.297,0.671,-0.1,-0.1,-0.1,-0.1,0.08,0.679,-0.1,-0.1,-0.1,-0.1,-0.1,-0.1,0.335,0.8,-0.1,-0.1,1.134,0.689,-0.1,-0.1,0.361,0.203
1.816,0.492,-0.1,-0.1,-0.1,-0.1,-0.1,-0.1,0.295,0.671,-0.1,-0.1,-0.1,-0.1,0.082,0.679,-0.1,-0.1,-0.1,-0.1,-0.1,-0.1,0.331,0.805,-0.1,-0.1,1.133,0.689,-0.1,-0.1,0.361,0.203
1.827,0.492,-0.1,-0.1,-0.1,-0.1,-0.1,-0.1,0.295,0.672,-0.1,-0.1,-0.1,-0.1,0.08,0.678,-0.1,-0.1,-0.1,-0.1,-0.1,-0.1,0.333,0.806,-0.1,-0.1,1.133,0.689,-0.1,-0.1,0.361,0.203
1.827,0.492,-0.1,-0.1,-0.1,-0.1,-0.1,-0.1,0.295,0.672,-0.1,-0.1,-0.1,-0.1,0.08,0.678,-0.1,-0.1,-0.1,-0.1,-0.1,-0.1,0.328,0.809,-0.1,-0.1,1.134,0.689,-0.1,-0.1,0.361,0.204
1.829,0.492,-0.1,-0.1,-0.1,-0.1,-0.1,-0.1,0.294,0.672,-0.1,-0.1,-0.1,-0.1,0.08,0.678,-0.1,-0.1,-0.1,-0.1,-0.1,-0.1,0.329,0.811,-0.1,-0.1,1.134,0.689,-0.1,-0.1,0.361,0.204
1.818,0.494,-0.1,-0.1,-0.1,-0.1,-0.1,-0.1,0.292,0.673,-0.1,-0.1,-0.1,-0.1,0.081,0.679,-0.1,-0.1,-0.1,-0.1,-0.1,-0.1,0.329,0.813,-0.1,-0.1,1.133,0.69,-0.1,-0.1,0.36,0.203
1.83,0.493,-0.1,-0.1,-0.1,-0.1,-0.1,-0.1,0.294,0.675,-0.1,-0.1,-0.1,-0.1,0.081,0.68,-0.1,-0.1,-0.1,-0.1,-0.1,-0.1,0.328,0.817,-0.1,-0.1,1.134,0.689,-0.1,-0.1,0.361,0.204
1.816,0.493,-0.1,-0.1,-0.1,-0.1,-0.1,-0.1,0.294,0.673,-0.1,-0.1,-0.1,-0.1,0.083,0.678,-0.1,-0.1,-0.1,-0.1,-0.1,-0.1,0.325,0.819,-0.1,-0.1,1.132,0.69,-0.1,-0.1,0.362,0.203
1.829,0.493,-0.1,-0.1,-0.1,-0.1,-0.1,-0.1,0.292,0.675,-0.1,-0.1,-0.1,-0.1,0.082,0.678,-0.1,-0.1,-0.1,-0.1,-0.1,-0.1,0.326,0.821,-0.1,-0.1,1.133,0.689,-0.1,-0.1,0.361,0.203
1.823,0.493,-0.1,-0.1,-0.1,-0.1,-0.1,-0.1,0.294,0.674,-0.1,-0.1,-0.1,-0.1,0.081,0.679,-0.1,-0.1,-0.1,-0.1,-0.1,-0.1,0.324,0.823,-0.1,-0.1,1.133,0.689,-0.1,-0.1,0.361,0.204
1.828,0.493,-0.1,-0.1,-0.1,-0.1,-0.1,-0.1,0.292,0.675,-0.1,-0.1,-0.1,-0.1,0.082,0.678,-0.1,-0.1,-0.1,-0.1,-0.1,-0.1,0.327,0.823,-0.1,-0.1,1.133,0.689,-0.1,-0.1,0.362,0.203
1.828,0.493,-0.1,-0.1,-0.1,-0.1,-0.1,-0.1,0.294,0.678,-0.1,-0.1,-0.1,-0.1,0.084,0.678,-0.1,-0.1,-0.1,-0.1,-0.1,-0.1,0.324,0.826,-0.1,-0.1,1.133,0.69,-0.1,-0.1,0.361,0.203
1.829,0.493,-0.1,-0.1,-0.1,-0.1,-0.1,-0.1,0.293,0.676,-0.1,-0.1,-0.1,-0.1,0.082,0.679,-0.1,-0.1,-0.1,-0.1,-0.1,-0.1,0.319,0.828,-0.1,-0.1,1.134,0.69,-0.1,-0.1,0.361,0.203
1.819,0.49,-0.1,-0.1,-0.1,-0.1,-0.1,-0.1,0.293,0.676,-0.1,-0.1,-0.1,-0.1,0.083,0.679,-0.1,-0.1,-0.1,-0.1,-0.1,-0.1,0.317,0.834,-0.1,-0.1,1.133,0.69,-0.1,-0.1,0.361,0.203
1.797,0.488,-0.1,-0.1,-0.1,-0.1,-0.1,-0.1,0.294,0.678,-0.1,-0.1,-0.1,-0.1,0.083,0.679,-0.1,-0.1,-0.1,-0.1,-0.1,-0.1,0.318,0.834,-0.1,-0.1,1.133,0.689,-0.1,-0.1,0.361,0.204
