0.932,0.126,-0.1,-0.1,-0.1,-0.1,-0.1,-0.1,-0.1,-0.1,0.518,0.261,-0.1,-0.1,1.856,0.294,1.905,0.711,-0.1,-0.1,-0.1,-0.1,1.91,0.264,-0.1,-0.1,-0.1,-0.1,-0.1,-0.1,1.06,0.33
0.965,0.162,-0.1,-0.1,-0.1,-0.1,-0.1,-0.1,-0.1,-0.1,0.519,0.262,-0.1,-0.1,1.857,0.293,1.905,0.71,-0.1,-0.1,-0.1,-0.1,1.91,0.264,-0.1,-0.1,-0.1,-0.1,-0.1,-0.1,1.06,0.33
0.991,0.192,-0.1,-0.1,-0.1,-0.1,-0.1,-0.1,-0.1,-0.1,0.519,0.261,-0.1,-0.1,1.856,0.294,1.904,0.711,-0.1,-0.1,-0.1,-0.1,1.911,0.264,-0.1,-0.1,-0.1,-0.1,-0.1,-0.1,1.061,0.33
1.017,0.223,-0.1,-0.1,-0.1,-0.1,-0.1,-0.1,-0.1,-0.1,0.519,0.261,-0.1,-0.1,1.855,0.296,1.903,0.711,-0.1,-0.1,-0.1,-0.1,1.91,0.265,-0.1,-0.1,-0.1,-0.1,-0.1,-0.1,1.061,0.33
1.042,0.25,-0.1,-0.1,-0.1,-0.1,-0.1,-0.1,-0.1,-0.1,0.519,0.261,-0.1,-0.1,1.855,0.295,1.903,0.712,-0.1,-0.1,-0.1,-0.1,1.91,0.264,-0.1,-0.1,-0.1,-0.1,-0.1,-0.1,1.061,0.33
1.066,0.275,-0.1,-0.1,-0.1,-0.1,-0.1,-0.1,-0.1,-0.1,0.518,0.261,-0.1,-0.1,1.857,0.295,1.904,0.711,-0.1,-0.1,-0.1,-0.1,1.91,0.264,-0.1,-0.1,-0.1,-0.1,-0.1,-0.1,1.062,0.333
1.09,0.277,-0.1,-0.1,-0.1,-0.1,-0.1,-0.1,-0.1,-0.1,0.518,0.262,-0.1,-0.1,1.856,0.295,1.906,0.712,-0.1,-0.1,-0.1,-0.1,1.911,0.264,-0.1,-0.1,-0.1,-0.1,-0.1,-0.1,1.062,0.357
1.112,0.281,-0.1,-0.1,-0.1,-0.1,-0.1,-0.1,-0.1,-0.1,0.518,0.262,-0.1,-0.1,1.854,0.295,1.904,0.71,-0.1,-0.1,-0.1,-0.1,1.911,0.264,-0.1,-0.1,-0.1,-0.1,-0.1,-0.1,1.063,0.381
1.136,0.288,-0.1,-0.1,-0.1,-0.1,-0.1,-0.1,-0.1,-0.1,0.518,0.261,-0.1,-0.1,1.856,0.295,1.905,0.711,-0.1,-0.1,-0.1,-0.1,1.91,0.265,-0.1,-0.1,-0.1,-0.1,-0.1,-0.1,1.063,0.402
1.159,0.296,-0.1,-0.1,-0.1,-0.1,-0.1,-0.1,-0.1,-0.1,0.519,0.261,-0.1,-0.1,1.857,0.296,1.903,0.71,-0.1,-0.1,-0.1,-0.1,1.911,0.264,-0.1,-0.1,-0.1,-0.1,-0.1,-0.1,1.065,0.419
1.184,0.303,-0.1,-0.1,-0.1,-0.1,-0.1,-0.1,-0.1,-0.1,0.519,0.262,-0.1,-0.1,1.856,0.295,1.904,0.711,-0.1,-0.1,-0.1,-0.1,1.91,0.263,-0.1,-0.1,-0.1,-0.1,-0.1,-0.1,1.062,0.438
1.205,0.313,-0.1,-0.1,-0.1,-0.1,-0.1,-0.1,-0.1,-0.1,0.518,0.262,-0.1,-0.1,1.855,0.296,1.904,0.713,-0.1,-0.1,-0.1,-0.1,1.912,0.265,-0.1,-0.1,-0.1,-0.1,-0.1,-0.1,1.064,0.452
1.228,0.317,-0.1,-0.1,-0.1,-0.1,-0.1,-0.1,-0.1,-0.1,0.518,0.262,-0.1,-0.1,1.857,0.294,1.903,0.71,-0.1,-0.1,-0.1,-0.1,1.91,0.264,-0.1,-0.1,-0.1,-0.1,-0.1,-0.1,1.065,0.469
1.25,0.325,-0.1,-0.1,-0.1,-0.1,-0.1,-0.1,-0.1,-0.1,0.518,0.262,-0.1,-0.1,1.856,0.294,1.904,0.709,-0.1,-0.1,-0.1,-0.1,1.91,0.264,-0.1,-0.1,-0.1,-0.1,-0.1,-0.1,1.069,0.486
1.272,0.333,-0.1,-0.1,-0.1,-0.1,-0.1,-0.1,-0.1,-0.1,0.519,0.261,-0.1,-0.1,1.855,0.294,1.905,0.712,-0.1,-0.1,-0.1,-0.1,1.91,0.264,-0.1,-0.1,-0.1,-0.1,-0.1,-0.1,1.067,0.501
1.297,0.34,-0.1,-0.1,-0.1,-0.1,-0.1,-0.1,-0.1,-0.1,0.519,0.261,-0.1,-0.1,1.855,0.294,1.905,0.711,-0.1,-0.1,-0.1,-0.1,1.91,0.265,-0.1,-0.1,-0.1,-0.1,-0.1,-0.1,1.068,0.518
1.319,0.347,-0.1,-0.1,-0.1,-0.1,-0.1,-0.1,-0.1,-0.1,0.519,0.261,-0.1,-0.1,1.853,0.296,1.905,0.712,-0.1,-0.1,-0.1,-0.1,1.91,0.265,-0.1,-0.1,-0.1,-0.1,-0.1,-0.1,1.071,0.533
1.343,0.353,-0.1,-0.1,-0.1,-0.1,-0.1,-0.1,-0.1,-0.1,0.518,0.261,-0.1,-0.1,1.854,0.295,1.905,0.711,-0.1,-0.1,-0.1,-0.1,1.91,0.264,-0.1,-0.1,-0.1,-0.1,-0.1,-0.1,1.072,0.546
1.365,0.361,-0.1,-0.1,-0.1,-0.1,-0.1,-0.1,-0.1,-0.1,0.519,0.261,-0.1,-0.1,1.856,0.295,1.905,0.711,-0.1,-0.1,-0.1,-0.1,1.911,0.265,-0.1,-0.1,-0.1,-0.1,-0.1,-0.1,1.072,0.565
1.387,0.367,-0.1,-0.1,-0.1,-0.1,-0.1,-0.1,-0.1,-0.1,0.518,0.261,-0.1,-0.1,1.856,0.296,1.902,0.711,-0.1,-0.1,-0.1,-0.1,1.91,0.264,-0.1,-0.1,-0.1,-0.1,-0.1,-0.1,1.073,0.58
1.411,0.374,-0.1,-0.1,-0.1,-0.1,-0.1,-0.1,-0.1,-0.1,0.518,0.261,-0.1,-0.1,1.857,0.293,1.905,0.711,-0.1,-0.1,-0.1,-0.1,1.911,0.264,-0.1,-0.1,-0.1,-0.1,-0.1,-0.1,1.074,0.598
1.432,0.381,-0.1,-0.1,-0.1,-0.1,-0.1,-0.1,-0.1,-0.1,0.519,0.261,-0.1,-0.1,1.857,0.295,1.904,0.709,-0.1,-0.1,-0.1,-0.1,1.909,0.264,-0.1,-0.1,-0.1,-0.1,-0.1,-0.1,1.073,0.612
1.453,0.387,-0.1,-0.1,-0.1,-0.1,-0.1,-0.1,-0.1,-0.1,0.519,0.261,-0.1,-0.1,1.856,0.295,1.905,0.71,-0.1,-0.1,-0.1,-0.1,1.91,0.264,-0.1,-0.1,-0.1,-0.1,-0.1,-0.1,1.074,0.627
1.477,0.394,-0.1,-0.1,-0.1,-0.1,-0.1,-0.1,-0.1,-0.1,0.518,0.261,-0.1,-0.1,1.856,0.294,1.904,0.711,-0.1,-0.1,-0.1,-0.1,1.911,0.264,-0.1,-0.1,-0.1,-0.1,-0.1,-0.1,1.076,0.641
1.499,0.4,-0.1,-0.1,-0.1,-0.1,-0.1,-0.1,-0.1,-0.1,0.518,0.262,-0.1,-0.1,1.857,0.294,1.904,0.71,-0.1,-0.1,-0.1,-0.1,1.911,0.264,-0.1,-0.1,-0.1,-0.1,-0.1,-0.1,1.076,0.659
1.52,0.408,-0.1,-0.1,-0.1,-0.1,-0.1,-0.1,-0.1,-0.1,0.518,0.261,-0.1,-0.1,1.856,0.294,1.904,0.71,-0.1,-0.1,-0.1,-0.1,1.91,0.264,-0.1,-0.1,-0.1,-0.1,-0.1,-0.1,1.076,0.674
1.542,0.414,-0.1,-0.1,-0.1,-0.1,-0.1,-0.1,-0.1,-0.1,0.518,0.262,-0.1,-0.1,1.855,0.296,1.905,0.709,-0.1,-0.1,-0.1,-0.1,1.91,0.264,-0.1,-0.1,-0.1,-0.1,-0.1,-0.1,1.079,0.687
1.562,0.421,-0.1,-0.1,-0.1,-0.1,-0.1,-0.1,-0.1,-0.1,0.519,0.262,-0.1,-0.1,1.856,0.295,1.905,0.709,-0.1,-0.1,-0.1,-0.1,1.911,0.265,-0.1,-0.1,-0.1,-0.1,-0.1,-0.1,1.081,0.702
1.582,0.426,-0.1,-0.1,-0.1,-0.1,-0.1,-0.1,-0.1,-0.1,0.519,0.261,-0.1,-0.1,1.856,0.294,1.904,0.711,-0.1,-0.1,-0.1,-0.1,1.911,0.265,-0.1,-0.1,-0.1,-0.1,-0.1,-0.1,1.08,0.716
1.604,0.433,-0.1,-0.1,-0.1,-0.1,-0.1,-0.1,-0.1,-0.1,0.518,0.261,-0.1,-0.1,1.854,0.295,1.904,0.708,-0.1,-0.1,-0.1,-0.1,1.91,0.265,-0.1,-0.1,-0.1,-0.1,-0.1,-0.1,1.081,0.732
1.623,0.442,-0.1,-0.1,-0.1,-0.1,-0.1,-0.1,-0.1,-0.1,0.519,0.261,-0.1,-0.1,1.856,0.296,1.902,0.709,-0.1,-0.1,-0.1,-0.1,1.91,0.265,-0.1,-0.1,-0.1,-0.1,-0.1,-0.1,1.081,0.746
1.645,0.448,-0.1,-0.1,-0.1,-0.1,-0.1,-0.1,-0.1,-0.1,0.518,0.261,-0.1,-0.1,1.856,0.296,1.904,0.711,-0.1,-0.1,-0.1,-0.1,1.91,0.266,-0.1,-0.1,-0.1,-0.1,-0.1,-0.1,1.082,0.762
1.669,0.453,-0.1,-0.1,-0.1,-0.1,-0.1,-0.1,-0.1,-0.1,0.518,0.262,-0.1,-0.1,1.859,0.294,1.903,0.711,-0.1,-0.1,-0.1,-0.1,1.91,0.266,-0.1,-0.1,-0.1,-0.1,-0.1,-0.1,1.078,0.774
1.686,0.463,-0.1,-0.1,-0.1,-0.1,-0.1,-0.1,-0.1,-0.1,0.518,0.261,-0.1,-0.1,1.859,0.294,1.905,0.712,-0.1,-0.1,-0.1,-0.1,1.91,0.265,-0.1,-0.1,-0.1,-0.1,-0.1,-0.1,1.082,0.791
1.709,0.466,-0.1,-0.1,-0.1,-0.1,-0.1,-0.1,-0.1,-0.1,0.518,0.262,-0.1,-0.1,1.859,0.294,1.905,0.711,-0.1,-0.1,-0.1,-0.1,1.912,0.265,-0.1,-0.1,-0.1,-0.1,-0.1,-0.1,1.084,0.802
1.733,0.472,-0.1,-0.1,-0.1,-0.1,-0.1,-0.1,-0.1,-0.1,0.519,0.261,-0.1,-0.1,1.859,0.294,1.904,0.711,-0.1,-0.1,-0.1,-0.1,1.91,0.264,-0.1,-0.1,-0.1,-0.1,-0.1,-0.1,1.083,0.818
1.75,0.479,-0.1,-0.1,-0.1,-0.1,-0.1,-0.1,-0.1,-0.1,0.519,0.261,-0.1,-0.1,1.857,0.294,1.905,0.712,-0.1,-0.1,-0.1,-0.1,1.911,0.264,-0.1,-0.1,-0.1,-0.1,-0.1,-0.1,1.083,0.832
1.774,0.487,-0.1,-0.1,-0.1,-0.1,-0.1,-0.1,-0.1,-0.1,0.518,0.262,-0.1,-0.1,1.857,0.294,1.905,0.711,-0.1,-0.1,-0.1,-0.1,1.91,0.264,-0.1,-0.1,-0.1,-0.1,-0.1,-0.1,1.084,0.847
1.795,0.492,-0.1,-0.1,-0.1,-0.1,-0.1,-0.1,-0.1,-0.1,0.519,0.261,-0.1,-0.1,1.858,0.295,1.905,0.71,-0.1,-0.1,-0.1,-0.1,1.911,0.264,-0.1,-0.1,-0.1,-0.1,-0.1,-0.1,1.088,0.859
1.81,0.498,-0.1,-0.1,-0.1,-0.1,-0.1,-0.1,-0.1,-0.1,0.519,0.261,-0.1,-0.1,1.857,0.293,1.904,0.71,-0.1,-0.1,-0.1,-0.1,1.911,0.265,-0.1,-0.1,-0.1,-0.1,-0.1,-0.1,1.086,0.87
1.83,0.505,-0.1,-0.1,-0.1,-0.1,-0.1,-0.1,-0.1,-0.1,0.518,0.261,-0.1,-0.1,1.855,0.296,1.904,0.711,-0.1,-0.1,-0.1,-0.1,1.911,0.265,-0.1,-0.1,-0.1,-0.1,-0.1,-0.1,1.089,0.885
1.853,0.509,-0.1,-0.1,-0.1,-0.1,-0.1,-0.1,-0.1,-0.1,0.519,0.261,-0.1,-0.1,1.855,0.295,1.904,0.709,-0.1,-0.1,-0.1,-0.1,1.91,0.265,-0.1,-0.1,-0.1,-0.1,-0.1,-0.1,1.088,0.902
1.877,0.517,-0.1,-0.1,-0.1,-0.1,-0.1,-0.1,-0.1,-0.1,0.519,0.26,-0.1,-0.1,1.858,0.295,1.905,0.71,-0.1,-0.1,-0.1,-0.1,1.911,0.265,-0.1,-0.1,-0.1,-0.1,-0.1,-0.1,1.087,0.915
1.892,0.521,-0.1,-0.1,-0.1,-0.1,-0.1,-0.1,-0.1,-0.1,0.519,0.261,-0.1,-0.1,1.856,0.294,1.907,0.711,-0.1,-0.1,-0.1,-0.1,1.911,0.265,-0.1,-0.1,-0.1,-0.1,-0.1,-0.1,1.089,0.928
1.915,0.53,-0.1,-0.1,-0.1,-0.1,-0.1,-0.1,-0.1,-0.1,0.518,0.262,-0.1,-0.1,1.855,0.295,1.903,0.71,-0.1,-0.1,-0.1,-0.1,1.911,0.264,-0.1,-0.1,-0.1,-0.1,-0.1,-0.1,1.089,0.943
1.932,0.535,-0.1,-0.1,-0.1,-0.1,-0.1,-0.1,-0.1,-0.1,0.519,0.261,-0.1,-0.1,1.856,0.296,1.905,0.708,-0.1,-0.1,-0.1,-0.1,1.91,0.265,-0.1,-0.1,-0.1,-0.1,-0.1,-0.1,1.09,0.945
1.918,0.538,-0.1,-0.1,-0.1,-0.1,-0.1,-0.1,-0.1,-0.1,0.519,0.261,-0.1,-0.1,1.856,0.294,1.904,0.709,-0.1,-0.1,-0.1,-0.1,1.91,0.264,-0.1,-0.1,-0.1,-0.1,-0.1,-0.1,1.091,0.938
1.91,0.539,-0.1,-0.1,-0.1,-0.1,-0.1,-0.1,-0.1,-0.1,0.518,0.261,-0.1,-0.1,1.856,0.294,1.904,0.71,-0.1,-0.1,-0.1,-0.1,1.91,0.264,-0.1,-0.1,-0.1,-0.1,-0.1,-0.1,1.092,0.933
1.897,0.543,-0.1,-0.1,-0.1,-0.1,-0.1,-0.1,-0.1,-0.1,0.518,0.262,-0.1,-0.1,1.856,0.297,1.903,0.711,-0.1,-0.1,-0.1,-0.1,1.91,0.264,-0.1,-0.1,-0.1,-0.1,-0.1,-0.1,1.091,0.924
1.886,0.546,-0.1,-0.1,-0.1,-0.1,-0.1,-0.1,-0.1,-0.1,0.519,0.261,-0.1,-0.1,1.856,0.293,1.903,0.71,-0.1,-0.1,-0.1,-0.1,1.91,0.264,-0.1,-0.1,-0.1,-0.1,-0.1,-0.1,1.094,0.918
1.876,0.549,-0.1,-0.1,-0.1,-0.1,-0.1,-0.1,-0.1,-0.1,0.519,0.261,-0.1,-0.1,1.857,0.295,1.905,0.71,-0.1,-0.1,-0.1,-0.1,1.911,0.265,-0.1,-0.1,-0.1,-0.1,-0.1,-0.1,1.093,0.909
1.862,0.55,-0.1,-0.1,-0.1,-0.1,-0.1,-0.1,-0.1,-0.1,0.519,0.262,-0.1,-0.1,1.857,0.293,1.905,0.71,-0.1,-0.1,-0.1,-0.1,1.911,0.264,-0.1,-0.1,-0.1,-0.1,-0.1,-0.1,1.095,0.902
1.856,0.553,-0.1,-0.1,-0.1,-0.1,-0.1,-0.1,-0.1,-0.1,0.518,0.262,-0.1,-0.1,1.856,0.294,1.902,0.708,-0.1,-0.1,-0.1,-0.1,1.912,0.264,-0.1,-0.1,-0.1,-0.1,-0.1,-0.1,1.095,0.895
1.844,0.555,-0.1,-0.1,-0.1,-0.1,-0.1,-0.1,-0.1,-0.1,0.519,0.261,-0.1,-0.1,1.856,0.293,1.904,0.711,-0.1,-0.1,-0.1,-0.1,1.91,0.264,-0.1,-0.1,-0.1,-0.1,-0.1,-0.1,1.093,0.886
1.834,0.557,-0.1,-0.1,-0.1,-0.1,-0.1,-0.1,-0.1,-0.1,0.519,0.261,-0.1,-0.1,1.857,0.294,1.906,0.711,-0.1,-0.1,-0.1,-0.1,1.91,0.264,-0.1,-0.1,-0.1,-0.1,-0.1,-0.1,1.096,0.881
1.817,0.562,-0.1,-0.1,-0.1,-0.1,-0.1,-0.1,-0.1,-0.1,0.518,0.261,-0.1,-0.1,1.855,0.294,1.904,0.712,-0.1,-0.1,-0.1,-0.1,1.911,0.264,-0.1,-0.1,-0.1,-0.1,-0.1,-0.1,1.096,0.872
1.808,0.563,-0.1,-0.1,-0.1,-0.1,-0.1,-0.1,-0.1,-0.1,0.519,0.261,-0.1,-0.1,1.857,0.294,1.904,0.709,-0.1,-0.1,-0.1,-0.1,1.911,0.265,-0.1,-0.1,-0.1,-0.1,-0.1,-0.1,1.095,0.866
1.798,0.564,-0.1,-0.1,-0.1,-0.1,-0.1,-0.1,-0.1,-0.1,0.519,0.261,-0.1,-0.1,1.856,0.295,1.906,0.709,-0.1,-0.1,-0.1,-0.1,1.911,0.264,-0.1,-0.1,-0.1,-0.1,-0.1,-0.1,1.095,0.859
1.792,0.569,-0.1,-0.1,-0.1,-0.1,-0.1,-0.1,-0.1,-0.1,0.519,0.261,-0.1,-0.1,1.856,0.294,1.904,0.71,-0.1,-0.1,-0.1,-0.1,1.911,0.265,-0.1,-0.1,-0.1,-0.1,-0.1,-0.1,1.096,0.852
1.776,0.567,-0.1,-0.1,-0.1,-0.1,-0.1,-0.1,-0.1,-0.1,0.519,0.261,-0.1,-0.1,1.857,0.294,1.904,0.708,-0.1,-0.1,-0.1,-0.1,1.91,0.265,-0.1,-0.1,-0.1,-0.1,-0.1,-0.1,1.099,0.845
1.768,0.572,-0.1,-0.1,-0.1,-0.1,-0.1,-0.1,-0.1,-0.1,0.518,0.261,-0.1,-0.1,1.857,0.293,1.906,0.711,-0.1,-0.1,-0.1,-0.1,1.911,0.264,-0.1,-0.1,-0.1,-0.1,-0.1,-0.1,1.099,0.837
1.761,0.574,-0.1,-0.1,-0.1,-0.1,-0.1,-0.1,-0.1,-0.1,0.519,0.261,-0.1,-0.1,1.855,0.294,1.906,0.712,-0.1,-0.1,-0.1,-0.1,1.911,0.264,-0.1,-0.1,-0.1,-0.1,-0.1,-0.1,1.099,0.829
1.75,0.576,-0.1,-0.1,-0.1,-0.1,-0.1,-0.1,-0.1,-0.1,0.518,0.261,-0.1,-0.1,1.856,0.294,1.906,0.711,-0.1,-0.1,-0.1,-0.1,1.91,0.264,-0.1,-0.1,-0.1,-0.1,-0.1,-0.1,1.1,0.825
1.735,0.578,-0.1,-0.1,-0.1,-0.1,-0.1,-0.1,-0.1,-0.1,0.518,0.261,-0.1,-0.1,1.858,0.293,1.902,0.708,-0.1,-0.1,-0.1,-0.1,1.911,0.264,-0.1,-0.1,-0.1,-0.1,-0.1,-0.1,1.101,0.82
1.725,0.581,-0.1,-0.1,-0.1,-0.1,-0.1,-0.1,-0.1,-0.1,0.519,0.261,-0.1,-0.1,1.859,0.294,1.906,0.712,-0.1,-0.1,-0.1,-0.1,1.911,0.263,-0.1,-0.1,-0.1,-0.1,-0.1,-0.1,1.101,0.814
1.72,0.585,-0.1,-0.1,-0.1,-0.1,-0.1,-0.1,-0.1,-0.1,0.519,0.261,-0.1,-0.1,1.856,0.294,1.905,0.71,-0.1,-0.1,-0.1,-0.1,1.91,0.263,-0.1,-0.1,-0.1,-0.1,-0.1,-0.1,1.1,0.807
1.709,0.583,-0.1,-0.1,-0.1,-0.1,-0.1,-0.1,-0.1,-0.1,0.518,0.261,-0.1,-0.1,1.857,0.292,1.905,0.709,-0.1,-0.1,-0.1,-0.1,1.911,0.264,-0.1,-0.1,-0.1,-0.1,-0.1,-0.1,1.101,0.802
1.701,0.588,-0.1,-0.1,-0.1,-0.1,-0.1,-0.1,-0.1,-0.1,0.519,0.262,-0.1,-0.1,1.857,0.294,1.906,0.709,-0.1,-0.1,-0.1,-0.1,1.911,0.263,-0.1,-0.1,-0.1,-0.1,-0.1,-0.1,1.1,0.795
1.69,0.59,-0.1,-0.1,-0.1,-0.1,-0.1,-0.1,-0.1,-0.1,0.518,0.261,-0.1,-0.1,1.857,0.295,1.906,0.711,-0.1,-0.1,-0.1,-0.1,1.911,0.264,-0.1,-0.1,-0.1,-0.1,-0.1,-0.1,1.1,0.789
1.68,0.591,-0.1,-0.1,-0.1,-0.1,-0.1,-0.1,-0.1,-0.1,0.519,0.261,-0.1,-0.1,1.855,0.295,1.906,0.711,-0.1,-0.1,-0.1,-0.1,1.911,0.263,-0.1,-0.1,-0.1,-0.1,-0.1,-0.1,1.101,0.783
1.673,0.592,-0.1,-0.1,-0.1,-0.1,-0.1,-0.1,-0.1,-0.1,0.519,0.26,-0.1,-0.1,1.857,0.294,1.905,0.711,-0.1,-0.1,-0.1,-0.1,1.911,0.263,-0.1,-0.1,-0.1,-0.1,-0.1,-0.1,1.101,0.778
1.657,0.595,-0.1,-0.1,-0.1,-0.1,-0.1,-0.1,-0.1,-0.1,0.519,0.261,-0.1,-0.1,1.857,0.293,1.904,0.71,-0.1,-0.1,-0.1,-0.1,1.911,0.264,-0.1,-0.1,-0.1,-0.1,-0.1,-0.1,1.1,0.77
1.653,0.594,-0.1,-0.1,-0.1,-0.1,-0.1,-0.1,-0.1,-0.1,0.519,0.261,-0.1,-0.1,1.857,0.294,1.904,0.711,-0.1,-0.1,-0.1,-0.1,1.911,0.264,-0.1,-0.1,-0.1,-0.1,-0.1,-0.1,1.101,0.765
1.643,0.599,-0.1,-0.1,-0.1,-0.1,-0.1,-0.1,-0.1,-0.1,0.518,0.261,-0.1,-0.1,1.856,0.295,1.905,0.711,-0.1,-0.1,-0.1,-0.1,1.91,0.264,-0.1,-0.1,-0.1,-0.1,-0.1,-0.1,1.102,0.761
1.631,0.601,-0.1,-0.1,-0.1,-0.1,-0.1,-0.1,-0.1,-0.1,0.519,0.261,-0.1,-0.1,1.856,0.292,1.905,0.71,-0.1,-0.1,-0.1,-0.1,1.912,0.265,-0.1,-0.1,-0.1,-0.1,-0.1,-0.1,1.102,0.757
1.625,0.603,-0.1,-0.1,-0.1,-0.1,-0.1,-0.1,-0.1,-0.1,0.519,0.261,-0.1,-0.1,1.858,0.293,1.905,0.71,-0.1,-0.1,-0.1,-0.1,1.911,0.263,-0.1,-0.1,-0.1,-0.1,-0.1,-0.1,1.104,0.751
1.616,0.604,-0.1,-0.1,-0.1,-0.1,-0.1,-0.1,-0.1,-0.1,0.518,0.261,-0.1,-0.1,1.858,0.293,1.905,0.709,-0.1,-0.1,-0.1,-0.1,1.91,0.264,-0.1,-0.1,-0.1,-0.1,-0.1,-0.1,1.104,0.744
1.606,0.605,-0.1,-0.1,-0.1,-0.1,-0.1,-0.1,-0.1,-0.1,0.518,0.261,-0.1,-0.1,1.857,0.294,1.905,0.708,-0.1,-0.1,-0.1,-0.1,1.91,0.263,-0.1,-0.1,-0.1,-0.1,-0.1,-0.1,1.105,0.741
1.599,0.607,-0.1,-0.1,-0.1,-0.1,-0.1,-0.1,-0.1,-0.1,0.519,0.26,-0.1,-0.1,1.856,0.293,1.905,0.709,-0.1,-0.1,-0.1,-0.1,1.911,0.264,-0.1,-0.1,-0.1,-0.1,-0.1,-0.1,1.103,0.735
1.59,0.61,-0.1,-0.1,-0.1,-0.1,-0.1,-0.1,-0.1,-0.1,0.519,0.261,-0.1,-0.1,1.856,0.293,1.905,0.708,-0.1,-0.1,-0.1,-0.1,1.911,0.263,-0.1,-0.1,-0.1,-0.1,-0.1,-0.1,1.103,0.731
1.58,0.611,-0.1,-0.1,-0.1,-0.1,-0.1,-0.1,-0.1,-0.1,0.518,0.261,-0.1,-0.1,1.856,0.293,1.905,0.709,-0.1,-0.1,-0.1,-0.1,1.911,0.264,-0.1,-0.1,-0.1,-0.1,-0.1,-0.1,1.104,0.726
1.571,0.613,-0.1,-0.1,-0.1,-0.1,-0.1,-0.1,-0.1,-0.1,0.518,0.261,-0.1,-0.1,1.855,0.294,1.905,0.709,-0.1,-0.1,-0.1,-0.1,1.913,0.264,-0.1,-0.1,-0.1,-0.1,-0.1,-0.1,1.106,0.721
1.564,0.614,-0.1,-0.1,-0.1,-0.1,-0.1,-0.1,-0.1,-0.1,0.519,0.262,-0.1,-0.1,1.858,0.293,1.908,0.712,-0.1,-0.1,-0.1,-0.1,1.912,0.264,-0.1,-0.1,-0.1,-0.1,-0.1,-0.1,1.105,0.715
1.556,0.618,-0.1,-0.1,-0.1,-0.1,-0.1,-0.1,-0.1,-0.1,0.518,0.261,-0.1,-0.1,1.856,0.293,1.906,0.712,-0.1,-0.1,-0.1,-0.1,1.909,0.265,-0.1,-0.1,-0.1,-0.1,-0.1,-0.1,1.106,0.71
1.546,0.617,-0.1,-0.1,-0.1,-0.1,-0.1,-0.1,-0.1,-0.1,0.519,0.261,-0.1,-0.1,1.858,0.292,1.905,0.71,-0.1,-0.1,-0.1,-0.1,1.911,0.264,-0.1,-0.1,-0.1,-0.1,-0.1,-0.1,1.104,0.704
1.539,0.621,-0.1,-0.1,-0.1,-0.1,-0.1,-0.1,-0.1,-0.1,0.518,0.261,-0.1,-0.1,1.856,0.294,1.904,0.71,-0.1,-0.1,-0.1,-0.1,1.91,0.264,-0.1,-0.1,-0.1,-0.1,-0.1,-0.1,1.107,0.7
1.533,0.621,-0.1,-0.1,-0.1,-0.1,-0.1,-0.1,-0.1,-0.1,0.519,0.261,-0.1,-0.1,1.855,0.294,1.903,0.71,-0.1,-0.1,-0.1,-0.1,1.911,0.264,-0.1,-0.1,-0.1,-0.1,-0.1,-0.1,1.106,0.695
1.525,0.624,-0.1,-0.1,-0.1,-0.1,-0.1,-0.1,-0.1,-0.1,0.519,0.261,-0.1,-0.1,1.857,0.291,1.905,0.711,-0.1,-0.1,-0.1,-0.1,1.912,0.265,-0.1,-0.1,-0.1,-0.1,-0.1,-0.1,1.107,0.692
1.515,0.626,-0.1,-0.1,-0.1,-0.1,-0.1,-0.1,-0.1,-0.1,0.519,0.261,-0.1,-0.1,1.857,0.295,1.905,0.71,-0.1,-0.1,-0.1,-0.1,1.91,0.264,-0.1,-0.1,-0.1,-0.1,-0.1,-0.1,1.107,0.687
1.508,0.627,-0.1,-0.1,-0.1,-0.1,-0.1,-0.1,-0.1,-0.1,0.519,0.26,-0.1,-0.1,1.855,0.295,1.907,0.712,-0.1,-0.1,-0.1,-0.1,1.91,0.265,-0.1,-0.1,-0.1,-0.1,-0.1,-0.1,1.106,0.682
1.5,0.627,-0.1,-0.1,-0.1,-0.1,-0.1,-0.1,-0.1,-0.1,0.519,0.261,-0.1,-0.1,1.858,0.292,1.905,0.712,-0.1,-0.1,-0.1,-0.1,1.911,0.263,-0.1,-0.1,-0.1,-0.1,-0.1,-0.1,1.106,0.677
1.493,0.63,-0.1,-0.1,-0.1,-0.1,-0.1,-0.1,-0.1,-0.1,0.519,0.26,-0.1,-0.1,1.856,0.294,1.906,0.71,-0.1,-0.1,-0.1,-0.1,1.91,0.265,-0.1,-0.1,-0.1,-0.1,-0.1,-0.1,1.106,0.674
1.482,0.631,-0.1,-0.1,-0.1,-0.1,-0.1,-0.1,-0.1,-0.1,0.518,0.261,-0.1,-0.1,1.854,0.294,1.907,0.712,-0.1,-0.1,-0.1,-0.1,1.911,0.264,-0.1,-0.1,-0.1,-0.1,-0.1,-0.1,1.105,0.669
1.475,0.633,-0.1,-0.1,-0.1,-0.1,-0.1,-0.1,-0.1,-0.1,0.518,0.261,-0.1,-0.1,1.858,0.295,1.903,0.71,-0.1,-0.1,-0.1,-0.1,1.909,0.264,-0.1,-0.1,-0.1,-0.1,-0.1,-0.1,1.108,0.664
1.471,0.635,-0.1,-0.1,-0.1,-0.1,-0.1,-0.1,-0.1,-0.1,0.518,0.261,-0.1,-0.1,1.857,0.293,1.904,0.71,-0.1,-0.1,-0.1,-0.1,1.911,0.263,-0.1,-0.1,-0.1,-0.1,-0.1,-0.1,1.107,0.659
1.46,0.636,-0.1,-0.1,-0.1,-0.1,-0.1,-0.1,-0.1,-0.1,0.519,0.261,-0.1,-0.1,1.856,0.292,1.905,0.71,-0.1,-0.1,-0.1,-0.1,1.91,0.264,-0.1,-0.1,-0.1,-0.1,-0.1,-0.1,1.106,0.656
1.453,0.639,-0.1,-0.1,-0.1,-0.1,-0.1,-0.1,-0.1,-0.1,0.518,0.261,-0.1,-0.1,1.858,0.293,1.905,0.71,-0.1,-0.1,-0.1,-0.1,1.911,0.265,-0.1,-0.1,-0.1,-0.1,-0.1,-0.1,1.106,0.652
1.449,0.64,-0.1,-0.1,-0.1,-0.1,-0.1,-0.1,-0.1,-0.1,0.519,0.261,-0.1,-0.1,1.854,0.294,1.905,0.71,-0.1,-0.1,-0.1,-0.1,1.911,0.264,-0.1,-0.1,-0.1,-0.1,-0.1,-0.1,1.103,0.651
1.441,0.639,-0.1,-0.1,-0.1,-0.1,-0.1,-0.1,-0.1,-0.1,0.519,0.261,-0.1,-0.1,1.858,0.294,1.905,0.711,-0.1,-0.1,-0.1,-0.1,1.912,0.265,-0.1,-0.1,-0.1,-0.1,-0.1,-0.1,1.104,0.646
1.435,0.643,-0.1,-0.1,-0.1,-0.1,-0.1,-0.1,-0.1,-0.1,0.519,0.26,-0.1,-0.1,1.855,0.293,1.905,0.711,-0.1,-0.1,-0.1,-0.1,1.911,0.264,-0.1,-0.1,-0.1,-0.1,-0.1,-0.1,1.105,0.642
1.425,0.644,-0.1,-0.1,-0.1,-0.1,-0.1,-0.1,-0.1,-0.1,0.518,0.261,-0.1,-0.1,1.857,0.294,1.905,0.711,-0.1,-0.1,-0.1,-0.1,1.911,0.263,-0.1,-0.1,-0.1,-0.1,-0.1,-0.1,1.104,0.638
1.421,0.645,-0.1,-0.1,-0.1,-0.1,-0.1,-0.1,-0.1,-0.1,0.519,0.261,-0.1,-0.1,1.858,0.294,1.905,0.71,-0.1,-0.1,-0.1,-0.1,1.91,0.263,-0.1,-0.1,-0.1,-0.1,-0.1,-0.1,1.103,0.633
1.411,0.646,-0.1,-0.1,-0.1,-0.1,-0.1,-0.1,-0.1,-0.1,0.518,0.261,-0.1,-0.1,1.858,0.294,1.905,0.71,-0.1,-0.1,-0.1,-0.1,1.911,0.264,-0.1,-0.1,-0.1,-0.1,-0.1,-0.1,1.104,0.631
1.407,0.647,-0.1,-0.1,-0.1,-0.1,-0.1,-0.1,-0.1,-0.1,0.519,0.261,-0.1,-0.1,1.858,0.294,1.906,0.711,-0.1,-0.1,-0.1,-0.1,1.911,0.265,-0.1,-0.1,-0.1,-0.1,-0.1,-0.1,1.103,0.627
1.398,0.648,-0.1,-0.1,-0.1,-0.1,-0.1,-0.1,-0.1,-0.1,0.518,0.26,-0.1,-0.1,1.857,0.292,1.906,0.71,-0.1,-0.1,-0.1,-0.1,1.911,0.263,-0.1,-0.1,-0.1,-0.1,-0.1,-0.1,1.102,0.622
1.392,0.65,-0.1,-0.1,-0.1,-0.1,-0.1,-0.1,-0.1,-0.1,0.518,0.261,-0.1,-0.1,1.855,0.294,1.905,0.711,-0.1,-0.1,-0.1,-0.1,1.911,0.264,-0.1,-0.1,-0.1,-0.1,-0.1,-0.1,1.102,0.62
1.387,0.652,-0.1,-0.1,-0.1,-0.1,-0.1,-0.1,-0.1,-0.1,0.519,0.261,-0.1,-0.1,1.858,0.295,1.906,0.713,-0.1,-0.1,-0.1,-0.1,1.912,0.263,-0.1,-0.1,-0.1,-0.1,-0.1,-0.1,1.101,0.616
1.378,0.653,-0.1,-0.1,-0.1,-0.1,-0.1,-0.1,-0.1,-0.1,0.519,0.261,-0.1,-0.1,1.858,0.295,1.906,0.71,-0.1,-0.1,-0.1,-0.1,1.911,0.263,-0.1,-0.1,-0.1,-0.1,-0.1,-0.1,1.101,0.612
1.374,0.653,-0.1,-0.1,-0.1,-0.1,-0.1,-0.1,-0.1,-0.1,0.518,0.261,-0.1,-0.1,1.857,0.293,1.905,0.709,-0.1,-0.1,-0.1,-0.1,1.91,0.264,-0.1,-0.1,-0.1,-0.1,-0.1,-0.1,1.101,0.609
1.368,0.656,-0.1,-0.1,-0.1,-0.1,-0.1,-0.1,-0.1,-0.1,0.519,0.261,-0.1,-0.1,1.857,0.294,1.905,0.712,-0.1,-0.1,-0.1,-0.1,1.91,0.264,-0.1,-0.1,-0.1,-0.1,-0.1,-0.1,1.101,0.606
1.359,0.655,-0.1,-0.1,-0.1,-0.1,-0.1,-0.1,-0.1,-0.1,0.519,0.262,-0.1,-0.1,1.858,0.294,1.904,0.71,-0.1,-0.1,-0.1,-0.1,1.911,0.263,-0.1,-0.1,-0.1,-0.1,-0.1,-0.1,1.101,0.604
1.356,0.658,-0.1,-0.1,-0.1,-0.1,-0.1,-0.1,-0.1,-0.1,0.519,0.261,-0.1,-0.1,1.855,0.293,1.903,0.709,-0.1,-0.1,-0.1,-0.1,1.91,0.263,-0.1,-0.1,-0.1,-0.1,-0.1,-0.1,1.1,0.6
1.347,0.659,-0.1,-0.1,-0.1,-0.1,-0.1,-0.1,-0.1,-0.1,0.519,0.261,-0.1,-0.1,1.855,0.294,1.904,0.708,-0.1,-0.1,-0.1,-0.1,1.911,0.264,-0.1,-0.1,-0.1,-0.1,-0.1,-0.1,1.1,0.597
1.342,0.659,-0.1,-0.1,-0.1,-0.1,-0.1,-0.1,-0.1,-0.1,0.518,0.261,-0.1,-0.1,1.856,0.295,1.903,0.709,-0.1,-0.1,-0.1,-0.1,1.912,0.264,-0.1,-0.1,-0.1,-0.1,-0.1,-0.1,1.1,0.594
1.337,0.661,-0.1,-0.1,-0.1,-0.1,-0.1,-0.1,-0.1,-0.1,0.519,0.261,-0.1,-0.1,1.857,0.293,1.907,0.709,-0.1,-0.1,-0.1,-0.1,1.91,0.263,-0.1,-0.1,-0.1,-0.1,-0.1,-0.1,1.099,0.592
1.331,0.662,-0.1,-0.1,-0.1,-0.1,-0.1,-0.1,-0.1,-0.1,0.519,0.261,-0.1,-0.1,1.856,0.295,1.903,0.709,-0.1,-0.1,-0.1,-0.1,1.911,0.264,-0.1,-0.1,-0.1,-0.1,-0.1,-0.1,1.101,0.591
1.324,0.664,-0.1,-0.1,-0.1,-0.1,-0.1,-0.1,-0.1,-0.1,0.519,0.261,-0.1,-0.1,1.857,0.293,1.904,0.709,-0.1,-0.1,-0.1,-0.1,1.911,0.264,-0.1,-0.1,-0.1,-0.1,-0.1,-0.1,1.099,0.588
1.32,0.665,-0.1,-0.1,-0.1,-0.1,-0.1,-0.1,-0.1,-0.1,0.519,0.261,-0.1,-0.1,1.857,0.293,1.906,0.708,-0.1,-0.1,-0.1,-0.1,1.909,0.264,-0.1,-0.1,-0.1,-0.1,-0.1,-0.1,1.1,0.584
1.315,0.665,-0.1,-0.1,-0.1,-0.1,-0.1,-0.1,-0.1,-0.1,0.519,0.261,-0.1,-0.1,1.857,0.292,1.903,0.709,-0.1,-0.1,-0.1,-0.1,1.91,0.263,-0.1,-0.1,-0.1,-0.1,-0.1,-0.1,1.101,0.582
1.307,0.667,-0.1,-0.1,-0.1,-0.1,-0.1,-0.1,-0.1,-0.1,0.519,0.261,-0.1,-0.1,1.856,0.293,1.907,0.712,-0.1,-0.1,-0.1,-0.1,1.91,0.263,-0.1,-0.1,-0.1,-0.1,-0.1,-0.1,1.1,0.579
1.302,0.668,-0.1,-0.1,-0.1,-0.1,-0.1,-0.1,-0.1,-0.1,0.519,0.261,-0.1,-0.1,1.857,0.293,1.903,0.708,-0.1,-0.1,-0.1,-0.1,1.911,0.264,-0.1,-0.1,-0.1,-0.1,-0.1,-0.1,1.1,0.578
1.297,0.668,-0.1,-0.1,-0.1,-0.1,-0.1,-0.1,-0.1,-0.1,0.519,0.261,-0.1,-0.1,1.856,0.293,1.906,0.71,-0.1,-0.1,-0.1,-0.1,1.911,0.264,-0.1,-0.1,-0.1,-0.1,-0.1,-0.1,1.101,0.575
1.29,0.67,-0.1,-0.1,-0.1,-0.1,-0.1,-0.1,-0.1,-0.1,0.518,0.261,-0.1,-0.1,1.857,0.293,1.905,0.71,-0.1,-0.1,-0.1,-0.1,1.912,0.263,-0.1,-0.1,-0.1,-0.1,-0.1,-0.1,1.102,0.573
1.284,0.671,-0.1,-0.1,-0.1,-0.1,-0.1,-0.1,-0.1,-0.1,0.519,0.261,-0.1,-0.1,1.857,0.293,1.906,0.709,-0.1,-0.1,-0.1,-0.1,1.912,0.264,-0.1,-0.1,-0.1,-0.1,-0.1,-0.1,1.102,0.572
1.28,0.671,-0.1,-0.1,-0.1,-0.1,-0.1,-0.1,-0.1,-0.1,0.519,0.261,-0.1,-0.1,1.856,0.293,1.905,0.71,-0.1,-0.1,-0.1,-0.1,1.911,0.263,-0.1,-0.1,-0.1,-0.1,-0.1,-0.1,1.102,0.571
1.275,0.671,-0.1,-0.1,-0.1,-0.1,-0.1,-0.1,-0.1,-0.1,0.519,0.261,-0.1,-0.1,1.858,0.293,1.906,0.708,-0.1,-0.1,-0.1,-0.1,1.912,0.263,-0.1,-0.1,-0.1,-0.1,-0.1,-0.1,1.103,0.568
1.269,0.671,-0.1,-0.1,-0.1,-0.1,-0.1,-0.1,-0.1,-0.1,0.518,0.26,-0.1,-0.1,1.857,0.293,1.906,0.71,-0.1,-0.1,-0.1,-0.1,1.912,0.263,-0.1,-0.1,-0.1,-0.1,-0.1,-0.1,1.101,0.566
1.265,0.673,-0.1,-0.1,-0.1,-0.1,-0.1,-0.1,-0.1,-0.1,0.519,0.261,-0.1,-0.1,1.856,0.294,1.908,0.712,-0.1,-0.1,-0.1,-0.1,1.911,0.263,-0.1,-0.1,-0.1,-0.1,-0.1,-0.1,1.101,0.565
1.258,0.675,-0.1,-0.1,-0.1,-0.1,-0.1,-0.1,-0.1,-0.1,0.518,0.261,-0.1,-0.1,1.859,0.294,1.905,0.707,-0.1,-0.1,-0.1,-0.1,1.911,0.263,-0.1,-0.1,-0.1,-0.1,-0.1,-0.1,1.102,0.563
1.255,0.675,-0.1,-0.1,-0.1,-0.1,-0.1,-0.1,-0.1,-0.1,0.519,0.261,-0.1,-0.1,1.86,0.293,1.906,0.71,-0.1,-0.1,-0.1,-0.1,1.912,0.263,-0.1,-0.1,-0.1,-0.1,-0.1,-0.1,1.101,0.561
1.25,0.675,-0.1,-0.1,-0.1,-0.1,-0.1,-0.1,-0.1,-0.1,0.519,0.261,-0.1,-0.1,1.858,0.294,1.905,0.71,-0.1,-0.1,-0.1,-0.1,1.911,0.263,-0.1,-0.1,-0.1,-0.1,-0.1,-0.1,1.101,0.559
1.243,0.676,-0.1,-0.1,-0.1,-0.1,-0.1,-0.1,-0.1,-0.1,0.519,0.261,-0.1,-0.1,1.859,0.294,1.906,0.713,-0.1,-0.1,-0.1,-0.1,1.912,0.264,-0.1,-0.1,-0.1,-0.1,-0.1,-0.1,1.101,0.558
1.241,0.677,-0.1,-0.1,-0.1,-0.1,-0.1,-0.1,-0.1,-0.1,0.519,0.261,-0.1,-0.1,1.859,0.293,1.906,0.708,-0.1,-0.1,-0.1,-0.1,1.911,0.263,-0.1,-0.1,-0.1,-0.1,-0.1,-0.1,1.101,0.556
1.235,0.678,-0.1,-0.1,-0.1,-0.1,-0.1,-0.1,-0.1,-0.1,0.519,0.261,-0.1,-0.1,1.857,0.292,1.906,0.71,-0.1,-0.1,-0.1,-0.1,1.911,0.263,-0.1,-0.1,-0.1,-0.1,-0.1,-0.1,1.101,0.555
1.23,0.678,-0.1,-0.1,-0.1,-0.1,-0.1,-0.1,-0.1,-0.1,0.519,0.261,-0.1,-0.1,1.856,0.295,1.906,0.712,-0.1,-0.1,-0.1,-0.1,1.91,0.263,-0.1,-0.1,-0.1,-0.1,-0.1,-0.1,1.099,0.554
1.225,0.678,-0.1,-0.1,-0.1,-0.1,-0.1,-0.1,-0.1,-0.1,0.519,0.261,-0.1,-0.1,1.856,0.293,1.904,0.711,-0.1,-0.1,-0.1,-0.1,1.911,0.264,-0.1,-0.1,-0.1,-0.1,-0.1,-0.1,1.101,0.552
1.22,0.68,-0.1,-0.1,-0.1,-0.1,-0.1,-0.1,-0.1,-0.1,0.519,0.261,-0.1,-0.1,1.856,0.294,1.907,0.712,-0.1,-0.1,-0.1,-0.1,1.912,0.263,-0.1,-0.1,-0.1,-0.1,-0.1,-0.1,1.1,0.553
1.216,0.679,-0.1,-0.1,-0.1,-0.1,-0.1,-0.1,-0.1,-0.1,0.519,0.261,-0.1,-0.1,1.856,0.293,1.905,0.708,-0.1,-0.1,-0.1,-0.1,1.911,0.263,-0.1,-0.1,-0.1,-0.1,-0.1,-0.1,1.101,0.55
1.213,0.679,-0.1,-0.1,-0.1,-0.1,-0.1,-0.1,-0.1,-0.1,0.518,0.26,-0.1,-0.1,1.856,0.296,1.902,0.712,-0.1,-0.1,-0.1,-0.1,1.911,0.263,-0.1,-0.1,-0.1,-0.1,-0.1,-0.1,1.102,0.549
1.209,0.68,-0.1,-0.1,-0.1,-0.1,-0.1,-0.1,-0.1,-0.1,0.519,0.261,-0.1,-0.1,1.859,0.294,1.901,0.709,-0.1,-0.1,-0.1,-0.1,1.911,0.264,-0.1,-0.1,-0.1,-0.1,-0.1,-0.1,1.102,0.549
1.203,0.68,-0.1,-0.1,-0.1,-0.1,-0.1,-0.1,-0.1,-0.1,0.519,0.261,-0.1,-0.1,1.856,0.296,1.906,0.709,-0.1,-0.1,-0.1,-0.1,1.911,0.263,-0.1,-0.1,-0.1,-0.1,-0.1,-0.1,1.101,0.547
1.2,0.681,-0.1,-0.1,-0.1,-0.1,-0.1,-0.1,-0.1,-0.1,0.519,0.261,-0.1,-0.1,1.856,0.295,1.905,0.711,-0.1,-0.1,-0.1,-0.1,1.911,0.263,-0.1,-0.1,-0.1,-0.1,-0.1,-0.1,1.102,0.547
1.195,0.681,-0.1,-0.1,-0.1,-0.1,-0.1,-0.1,-0.1,-0.1,0.519,0.261,-0.1,-0.1,1.855,0.294,1.905,0.71,-0.1,-0.1,-0.1,-0.1,1.912,0.264,-0.1,-0.1,-0.1,-0.1,-0.1,-0.1,1.102,0.546
1.191,0.681,-0.1,-0.1,-0.1,-0.1,-0.1,-0.1,-0.1,-0.1,0.518,0.261,-0.1,-0.1,1.857,0.292,1.907,0.712,-0.1,-0.1,-0.1,-0.1,1.912,0.264,-0.1,-0.1,-0.1,-0.1,-0.1,-0.1,1.101,0.545
1.185,0.682,-0.1,-0.1,-0.1,-0.1,-0.1,-0.1,-0.1,-0.1,0.519,0.26,-0.1,-0.1,1.857,0.292,1.905,0.711,-0.1,-0.1,-0.1,-0.1,1.912,0.264,-0.1,-0.1,-0.1,-0.1,-0.1,-0.1,1.098,0.546
1.185,0.682,-0.1,-0.1,-0.1,-0.1,-0.1,-0.1,-0.1,-0.1,0.519,0.261,-0.1,-0.1,1.857,0.292,1.903,0.711,-0.1,-0.1,-0.1,-0.1,1.911,0.263,-0.1,-0.1,-0.1,-0.1,-0.1,-0.1,1.1,0.544
1.18,0.683,-0.1,-0.1,-0.1,-0.1,-0.1,-0.1,-0.1,-0.1,0.518,0.261,-0.1,-0.1,1.856,0.293,1.903,0.71,-0.1,-0.1,-0.1,-0.1,1.911,0.263,-0.1,-0.1,-0.1,-0.1,-0.1,-0.1,1.101,0.543
1.175,0.683,-0.1,-0.1,-0.1,-0.1,-0.1,-0.1,-0.1,-0.1,0.519,0.261,-0.1,-0.1,1.858,0.293,1.904,0.711,-0.1,-0.1,-0.1,-0.1,1.911,0.263,-0.1,-0.1,-0.1,-0.1,-0.1,-0.1,1.1,0.543
1.172,0.684,-0.1,-0.1,-0.1,-0.1,-0.1,-0.1,-0.1,-0.1,0.519,0.26,-0.1,-0.1,1.857,0.292,1.903,0.707,-0.1,-0.1,-0.1,-0.1,1.911,0.264,-0.1,-0.1,-0.1,-0.1,-0.1,-0.1,1.1,0.542
1.17,0.683,-0.1,-0.1,-0.1,-0.1,-0.1,-0.1,-0.1,-0.1,0.518,0.26,-0.1,-0.1,1.858,0.292,1.904,0.709,-0.1,-0.1,-0.1,-0.1,1.911,0.262,-0.1,-0.1,-0.1,-0.1,-0.1,-0.1,1.1,0.541
1.166,0.684,-0.1,-0.1,-0.1,-0.1,-0.1,-0.1,-0.1,-0.1,0.518,0.261,-0.1,-0.1,1.854,0.294,1.904,0.71,-0.1,-0.1,-0.1,-0.1,1.912,0.264,-0.1,-0.1,-0.1,-0.1,-0.1,-0.1,1.099,0.542
1.162,0.684,-0.1,-0.1,-0.1,-0.1,-0.1,-0.1,-0.1,-0.1,0.518,0.261,-0.1,-0.1,1.858,0.294,1.907,0.711,-0.1,-0.1,-0.1,-0.1,1.911,0.262,-0.1,-0.1,-0.1,-0.1,-0.1,-0.1,1.1,0.542
1.157,0.685,-0.1,-0.1,-0.1,-0.1,-0.1,-0.1,-0.1,-0.1,0.519,0.261,-0.1,-0.1,1.858,0.293,1.903,0.709,-0.1,-0.1,-0.1,-0.1,1.911,0.263,-0.1,-0.1,-0.1,-0.1,-0.1,-0.1,1.098,0.542
1.153,0.685,-0.1,-0.1,-0.1,-0.1,-0.1,-0.1,-0.1,-0.1,0.519,0.26,-0.1,-0.1,1.858,0.293,1.902,0.709,-0.1,-0.1,-0.1,-0.1,1.91,0.263,-0.1,-0.1,-0.1,-0.1,-0.1,-0.1,1.099,0.542
1.15,0.686,-0.1,-0.1,-0.1,-0.1,-0.1,-0.1,-0.1,-0.1,0.519,0.261,-0.1,-0.1,1.855,0.294,1.904,0.712,-0.1,-0.1,-0.1,-0.1,1.911,0.263,-0.1,-0.1,-0.1,-0.1,-0.1,-0.1,1.1,0.542
1.151,0.685,-0.1,-0.1,-0.1,-0.1,-0.1,-0.1,-0.1,-0.1,0.519,0.261,-0.1,-0.1,1.854,0.294,1.906,0.712,-0.1,-0.1,-0.1,-0.1,1.911,0.264,-0.1,-0.1,-0.1,-0.1,-0.1,-0.1,1.099,0.542
1.146,0.685,-0.1,-0.1,-0.1,-0.1,-0.1,-0.1,-0.1,-0.1,0.518,0.261,-0.1,-0.1,1.856,0.294,1.905,0.711,-0.1,-0.1,-0.1,-0.1,1.911,0.263,-0.1,-0.1,-0.1,-0.1,-0.1,-0.1,1.1,0.542
1.144,0.685,-0.1,-0.1,-0.1,-0.1,-0.1,-0.1,-0.1,-0.1,0.519,0.261,-0.1,-0.1,1.856,0.292,1.903,0.709,-0.1,-0.1,-0.1,-0.1,1.911,0.263,-0.1,-0.1,-0.1,-0.1,-0.1,-0.1,1.1,0.542
1.141,0.685,-0.1,-0.1,-0.1,-0.1,-0.1,-0.1,-0.1,-0.1,0.519,0.261,-0.1,-0.1,1.856,0.293,1.904,0.709,-0.1,-0.1,-0.1,-0.1,1.912,0.264,-0.1,-0.1,-0.1,-0.1,-0.1,-0.1,1.101,0.543
1.138,0.685,-0.1,-0.1,-0.1,-0.1,-0.1,-0.1,-0.1,-0.1,0.519,0.261,-0.1,-0.1,1.854,0.294,1.905,0.71,-0.1,-0.1,-0.1,-0.1,1.912,0.264,-0.1,-0.1,-0.1,-0.1,-0.1,-0.1,1.1,0.544
1.135,0.686,-0.1,-0.1,-0.1,-0.1,-0.1,-0.1,-0.1,-0.1,0.519,0.261,-0.1,-0.1,1.855,0.294,1.905,0.71,-0.1,-0.1,-0.1,-0.1,1.911,0.263,-0.1,-0.1,-0.1,-0.1,-0.1,-0.1,1.101,0.544
1.133,0.685,-0.1,-0.1,-0.1,-0.1,-0.1,-0.1,-0.1,-0.1,0.519,0.262,-0.1,-0.1,1.856,0.293,1.907,0.711,-0.1,-0.1,-0.1,-0.1,1.912,0.264,-0.1,-0.1,-0.1,-0.1,-0.1,-0.1,1.101,0.544
1.13,0.686,-0.1,-0.1,-0.1,-0.1,-0.1,-0.1,-0.1,-0.1,0.519,0.261,-0.1,-0.1,1.856,0.294,1.903,0.708,-0.1,-0.1,-0.1,-0.1,1.911,0.263,-0.1,-0.1,-0.1,-0.1,-0.1,-0.1,1.101,0.543
1.127,0.687,-0.1,-0.1,-0.1,-0.1,-0.1,-0.1,-0.1,-0.1,0.518,0.261,-0.1,-0.1,1.856,0.295,1.902,0.71,-0.1,-0.1,-0.1,-0.1,1.912,0.264,-0.1,-0.1,-0.1,-0.1,-0.1,-0.1,1.101,0.544
1.125,0.686,-0.1,-0.1,-0.1,-0.1,-0.1,-0.1,-0.1,-0.1,0.52,0.261,-0.1,-0.1,1.856,0.293,1.907,0.712,-0.1,-0.1,-0.1,-0.1,1.911,0.263,-0.1,-0.1,-0.1,-0.1,-0.1,-0.1,1.1,0.544
1.124,0.686,-0.1,-0.1,-0.1,-0.1,-0.1,-0.1,-0.1,-0.1,0.519,0.261,-0.1,-0.1,1.857,0.293,1.906,0.711,-0.1,-0.1,-0.1,-0.1,1.91,0.263,-0.1,-0.1,-0.1,-0.1,-0.1,-0.1,1.1,0.543
1.122,0.686,-0.1,-0.1,-0.1,-0.1,-0.1,-0.1,-0.1,-0.1,0.519,0.261,-0.1,-0.1,1.856,0.293,1.908,0.711,-0.1,-0.1,-0.1,-0.1,1.911,0.263,-0.1,-0.1,-0.1,-0.1,-0.1,-0.1,1.101,0.543
1.119,0.687,-0.1,-0.1,-0.1,-0.1,-0.1,-0.1,-0.1,-0.1,0.518,0.261,-0.1,-0.1,1.857,0.292,1.908,0.711,-0.1,-0.1,-0.1,-0.1,1.911,0.263,-0.1,-0.1,-0.1,-0.1,-0.1,-0.1,1.1,0.543
1.117,0.687,-0.1,-0.1,-0.1,-0.1,-0.1,-0.1,-0.1,-0.1,0.519,0.261,-0.1,-0.1,1.857,0.291,1.907,0.711,-0.1,-0.1,-0.1,-0.1,1.912,0.263,-0.1,-0.1,-0.1,-0.1,-0.1,-0.1,1.099,0.543
1.115,0.686,-0.1,-0.1,-0.1,-0.1,-0.1,-0.1,-0.1,-0.1,0.519,0.261,-0.1,-0.1,1.857,0.292,1.904,0.709,-0.1,-0.1,-0.1,-0.1,1.912,0.263,-0.1,-0.1,-0.1,-0.1,-0.1,-0.1,1.101,0.543
1.113,0.687,-0.1,-0.1,-0.1,-0.1,-0.1,-0.1,-0.1,-0.1,0.519,0.261,-0.1,-0.1,1.857,0.292,1.906,0.711,-0.1,-0.1,-0.1,-0.1,1.912,0.263,-0.1,-0.1,-0.1,-0.1,-0.1,-0.1,1.1,0.543
1.112,0.687,-0.1,-0.1,-0.1,-0.1,-0.1,-0.1,-0.1,-0.1,0.519,0.261,-0.1,-0.1,1.856,0.293,1.907,0.711,-0.1,-0.1,-0.1,-0.1,1.911,0.263,-0.1,-0.1,-0.1,-0.1,-0.1,-0.1,1.101,0.543
1.11,0.687,-0.1,-0.1,-0.1,-0.1,-0.1,-0.1,-0.1,-0.1,0.519,0.261,-0.1,-0.1,1.857,0.292,1.906,0.711,-0.1,-0.1,-0.1,-0.1,1.911,0.263,-0.1,-0.1,-0.1,-0.1,-0.1,-0.1,1.1,0.543
1.109,0.687,-0.1,-0.1,-0.1,-0.1,-0.1,-0.1,-0.1,-0.1,0.518,0.261,-0.1,-0.1,1.857,0.291,1.905,0.71,-0.1,-0.1,-0.1,-0.1,1.911,0.264,-0.1,-0.1,-0.1,-0.1,-0.1,-0.1,1.099,0.543
1.106,0.688,-0.1,-0.1,-0.1,-0.1,-0.1,-0.1,-0.1,-0.1,0.519,0.261,-0.1,-0.1,1.857,0.292,1.907,0.712,-0.1,-0.1,-0.1,-0.1,1.912,0.264,-0.1,-0.1,-0.1,-0.1,-0.1,-0.1,1.1,0.543
1.106,0.687,-0.1,-0.1,-0.1,-0.1,-0.1,-0.1,-0.1,-0.1,0.519,0.261,-0.1,-0.1,1.856,0.292,1.907,0.711,-0.1,-0.1,-0.1,-0.1,1.911,0.263,-0.1,-0.1,-0.1,-0.1,-0.1,-0.1,1.1,0.542
1.104,0.687,-0.1,-0.1,-0.1,-0.1,-0.1,-0.1,-0.1,-0.1,0.519,0.261,-0.1,-0.1,1.857,0.293,1.904,0.711,-0.1,-0.1,-0.1,-0.1,1.911,0.263,-0.1,-0.1,-0.1,-0.1,-0.1,-0.1,1.1,0.543
1.103,0.687,-0.1,-0.1,-0.1,-0.1,-0.1,-0.1,-0.1,-0.1,0.52,0.262,-0.1,-0.1,1.857,0.292,1.905,0.71,-0.1,-0.1,-0.1,-0.1,1.912,0.264,-0.1,-0.1,-0.1,-0.1,-0.1,-0.1,1.101,0.543
1.101,0.686,-0.1,-0.1,-0.1,-0.1,-0.1,-0.1,-0.1,-0.1,0.518,0.261,-0.1,-0.1,1.857,0.292,1.907,0.712,-0.1,-0.1,-0.1,-0.1,1.911,0.263,-0.1,-0.1,-0.1,-0.1,-0.1,-0.1,1.101,0.543
1.1,0.687,-0.1,-0.1,-0.1,-0.1,-0.1,-0.1,-0.1,-0.1,0.518,0.261,-0.1,-0.1,1.857,0.292,1.905,0.709,-0.1,-0.1,-0.1,-0.1,1.912,0.263,-0.1,-0.1,-0.1,-0.1,-0.1,-0.1,1.1,0.543
1.099,0.687,-0.1,-0.1,-0.1,-0.1,-0.1,-0.1,-0.1,-0.1,0.518,0.261,-0.1,-0.1,1.858,0.292,1.903,0.707,-0.1,-0.1,-0.1,-0.1,1.911,0.264,-0.1,-0.1,-0.1,-0.1,-0.1,-0.1,1.1,0.543
1.098,0.687,-0.1,-0.1,-0.1,-0.1,-0.1,-0.1,-0.1,-0.1,0.519,0.261,-0.1,-0.1,1.857,0.292,1.905,0.709,-0.1,-0.1,-0.1,-0.1,1.912,0.263,-0.1,-0.1,-0.1,-0.1,-0.1,-0.1,1.101,0.543
1.098,0.687,-0.1,-0.1,-0.1,-0.1,-0.1,-0.1,-0.1,-0.1,0.519,0.26,-0.1,-0.1,1.857,0.293,1.907,0.713,-0.1,-0.1,-0.1,-0.1,1.911,0.263,-0.1,-0.1,-0.1,-0.1,-0.1,-0.1,1.101,0.543
